Text,WallId,PostId,Source,GptResponse
"–±/—É:
‚àô —Å—É–º–∫–∞ –¥–æ—Ä–æ–∂–Ω–∞—è –Ω–∞ –∫–æ–ª–µ—Å–∞—Ö (~–≤—ã—Å–æ—Ç–∞ 70—Å–º, –≥–ª—É–±–∏–Ω–∞ 40—Å–º, —à–∏—Ä–∏–Ω–∞ 39—Å–º) - 60 –ª–∞—Ä–∏.

‚àô —Ä—é–∫–∑–∞–∫ kanken classic, —Ü–≤–µ—Ç fog, –æ—Ä–∏–≥–∏–Ω–∞–ª - 60 –ª–∞—Ä–∏.

‚àô –∂–µ–Ω—Å–∫–∞—è –∫—É—Ä—Ç–∫–∞ –æ–≤–µ—Ä—Å–∞–π–∑ incity, —Ä–∞–∑–º–µ—Ä m - 50 –ª–∞—Ä–∏.

‚àô –±–∞—Ç–∞—Ä–µ—è (–∞–∫–∫—É–º—É–ª—è—Ç–æ—Ä) –ø—É—Å—Ç—ã—à–∫–∞ –¥–ª—è –∫–∞–º–µ—Ä sony (a5100, a6500, a6400, a6000, a7, rx10 –∏ –¥—Ä., –∑–∞ –ø–æ–ª–Ω—ã–º —Å–ø–∏—Å–∫–æ–º –ø–æ–¥—Ö–æ–¥—è—â–∏—Ö –∫–∞–º–µ—Ä –≤ –ª—Å) - 50 –ª–∞—Ä–∏.

‚àô –∫–æ–º–ø–ª–µ–∫—Ç —à—Ç–∞—Ç–∏–≤–æ–≤ —Å –∫—Ä–µ–ø–ª–µ–Ω–∏–µ–º –∫ —Å—Ç–æ–ª—É vijim. –º–∏–Ω–∏–º–∞–ª—å–Ω–∞—è –≤—ã—Å–æ—Ç–∞ 40—Å–º, –º–∞–∫—Å–∏–º–∞–ª—å–Ω–∞—è 100—Å–º. - 60 –ª–∞—Ä–∏.",1332882905,570967,tg,"{
  ""place"": null,
  ""bundles"": [
    {
      ""name"": ""—Å—É–º–∫–∞ –¥–æ—Ä–æ–∂–Ω–∞—è –Ω–∞ –∫–æ–ª–µ—Å–∞—Ö"",
      ""quantity"": ""1"",
      ""price"": 60,
      ""currency"": ""GEL""
    },
    {
      ""name"": ""—Ä—é–∫–∑–∞–∫ kanken classic, —Ü–≤–µ—Ç fog, –æ—Ä–∏–≥–∏–Ω–∞–ª"",
      ""quantity"": ""1"",
      ""price"": 60,
      ""currency"": ""GEL""
    },
    {
      ""name"": ""–∂–µ–Ω—Å–∫–∞—è –∫—É—Ä—Ç–∫–∞ –æ–≤–µ—Ä—Å–∞–π–∑ incity, —Ä–∞–∑–º–µ—Ä m"",
      ""quantity"": ""1"",
      ""price"": 50,
      ""currency"": ""GEL""
    },
    {
      ""name"": ""–±–∞—Ç–∞—Ä–µ—è (–∞–∫–∫—É–º—É–ª—è—Ç–æ—Ä) –ø—É—Å—Ç—ã—à–∫–∞ –¥–ª—è –∫–∞–º–µ—Ä sony"",
      ""quantity"": ""1"",
      ""price"": 50,
      ""currency"": ""GEL""
    },
    {
      ""name"": ""–∫–æ–º–ø–ª–µ–∫—Ç —à—Ç–∞—Ç–∏–≤–æ–≤ —Å –∫—Ä–µ–ø–ª–µ–Ω–∏–µ–º –∫ —Å—Ç–æ–ª—É vijim"",
      ""quantity"": ""1"",
      ""price"": 60,
      ""currency"": ""GEL""
    }
  ]
}"
"davines - –º—É—Å—Å-–æ–±—ä–µ–º 
this is a volume boosting mousse

20 –ª–∞—Ä–∏
–≤–µ—Ä–∞",1332882905,618057,tg,"{
  ""place"": ""–≤–µ—Ä–∞"",
  ""bundles"": [
    {
      ""name"": ""davines –º—É—Å—Å-–æ–±—ä–µ–º"",
      ""quantity"": ""1"",
      ""price"": 20,
      ""currency"": ""GEL""
    }
  ]
}"
"üëå–ù–æ–≤–∞—è –ø–æ—Å—Ç—É–ø–ª–µ–Ω–∏—è  ü•≥ü•≥ü•≥
.     tencel 
     –¶–µ–Ω–∞ –ø–æ –Ω–∏–∂–µ 
 –ü—Ä–æ—Å—Ç—ã–Ω—è –Ω–∞ —Ä–µ–∑–∏–Ω–∫–µ
üí¢–¢–∫–∞–Ω—å- –¢—Ä–∏–∫–æ—Ç–∞–∂ 
üí¢–°–æ—Å—Ç–∞–≤-100% —Ö–ª–æ–ø–æ–∫ 
üí¢–í—ã—Å–æ—Ç–∞ –±–æ—Ä—Ç–∞ -20—Å–º
‚ú®‚ú®‚ú®‚ú®‚ú®‚ú®‚ú®‚ú®‚ú®‚ú®
‚ñ´Ô∏è–†–∞–∑–º–µ—Ä:üëá   —Ü–µ–Ω–∞ üëá
‚úÖ80–•200  —Å–º- 300    
‚úÖ90–•200  —Å–º - 320‚ÇΩüî•
‚úÖ120—Ö200—Å–º -  340‚ÇΩüî•
‚úÖ140—Ö200—Å–º -  360‚ÇΩüî•
‚úÖ160—Ö200—Å–º -  370‚ÇΩüî•
‚úÖ180—Ö200—Å–º -  400‚ÇΩüî•
‚úÖ200—Ö200—Å–º -  450‚ÇΩüî•
 ‚û°Ô∏è–£ –Ω–∞—Å –º–æ–∂–Ω–æ –±—Ä–æ–Ω—å üí´
–ü–æ–¥—Ä–æ–±–Ω–µ–µ –Ω–∞ https://vk.com/wall488363770_21836",-192083416,13589,vk,"{
  ""place"": ""https://vk.com/wall488363770_21836"",
  ""bundles"": [
    {
      ""name"": ""–ü—Ä–æ—Å—Ç—ã–Ω—è –Ω–∞ —Ä–µ–∑–∏–Ω–∫–µ –¢—Ä–∏–∫–æ—Ç–∞–∂ 100% —Ö–ª–æ–ø–æ–∫ 80—Ö200 —Å–º"",
      ""quantity"": ""1"",
      ""price"": 300,
      ""currency"": ""RUB""
    },
    {
      ""name"": ""–ü—Ä–æ—Å—Ç—ã–Ω—è –Ω–∞ —Ä–µ–∑–∏–Ω–∫–µ –¢—Ä–∏–∫–æ—Ç–∞–∂ 100% —Ö–ª–æ–ø–æ–∫ 90—Ö200 —Å–º"",
      ""quantity"": ""1"",
      ""price"": 320,
      ""currency"": ""RUB""
    },
    {
      ""name"": ""–ü—Ä–æ—Å—Ç—ã–Ω—è –Ω–∞ —Ä–µ–∑–∏–Ω–∫–µ –¢—Ä–∏–∫–æ—Ç–∞–∂ 100% —Ö–ª–æ–ø–æ–∫ 120—Ö200 —Å–º"",
      ""quantity"": ""1"",
      ""price"": 340,
      ""currency"": ""RUB""
    },
    {
      ""name"": ""–ü—Ä–æ—Å—Ç—ã–Ω—è –Ω–∞ —Ä–µ–∑–∏–Ω–∫–µ –¢—Ä–∏–∫–æ—Ç–∞–∂ 100% —Ö–ª–æ–ø–æ–∫ 140—Ö200 —Å–º"",
      ""quantity"": ""1"",
      ""price"": 360,
      ""currency"": ""RUB""
    },
    {
      ""name"": ""–ü—Ä–æ—Å—Ç—ã–Ω—è –Ω–∞ —Ä–µ–∑–∏–Ω–∫–µ –¢—Ä–∏–∫–æ—Ç–∞–∂ 100% —Ö–ª–æ–ø–æ–∫ 160—Ö200 —Å–º"",
      ""quantity"": ""1"",
      ""price"": 370,
      ""currency"": ""RUB""
    },
    {
      ""name"": ""–ü—Ä–æ—Å—Ç—ã–Ω—è –Ω–∞ —Ä–µ–∑–∏–Ω–∫–µ –¢—Ä–∏–∫–æ—Ç–∞–∂ 100% —Ö–ª–æ–ø–æ–∫ 180—Ö200 —Å–º"",
      ""quantity"": ""1"",
      ""price"": 400,
      ""currency"": ""RUB""
    },
    {
      ""name"": ""–ü—Ä–æ—Å—Ç—ã–Ω—è –Ω–∞ —Ä–µ–∑–∏–Ω–∫–µ –¢—Ä–∏–∫–æ—Ç–∞–∂ 100% —Ö–ª–æ–ø–æ–∫ 200—Ö200 —Å–º"",
      ""quantity"": ""1"",
      ""price"": 450,
      ""currency"": ""RUB""
    }
  ]
}"
"–∫–ª–∏–Ω–∏–Ω–≥/—Ñ–µ—è —á–∏—Å—Ç–æ—Ç—ã/ —É–±–æ—Ä–∫–∞ üßö
–æ—Ñ–∏—Å, –∫–≤–∞—Ä—Ç–∏—Ä–∞, –≤–∏–ª–ª–∞, —Ç–µ—Ä—Ä–∞—Å–∞, —Ç–µ—Ä–∏—Ç–æ—Ä–∏—è –¥–æ–º–∞, –ª—é–±–æ–µ –¥—Ä—É–≥–æ–µ –ø–æ–º–µ—â–µ–Ω–∏–µ, –º—ã—Ç—å—è –æ–∫–æ–Ω. 
–ø—Ä–µ–¥–æ—Å—Ç–∞–≤–ª—è–µ–º —Ç–∞–∫ –∂–µ, –µ—Å–ª–∏ –Ω—É–∂–Ω–æ —Å–≤–æ–∏ –º–æ—é—â–∏–µ —Å—Ä–µ–¥—Å—Ç–≤–∞.
–æ–±—ä–µ–º –±–µ—Ä—ë–º –æ—Ç 3 —á–∞—Å–æ–≤ –∏ –±–æ–ª—å—à–µ.üí™ 
–≥–µ–æ–ª–æ–∫–∞—Ü–∏—è : üåè¬† –ø–æ –º–∞—Ä—à—Ä—É—Ç—É –∞–≤—Ç–æ–±—É—Å–æ–≤ 711,424,425,101,102, 501,502,704,705.
–ª–∞—Ä–Ω–∞–∫–∞,–ø–∏–ª–∞, –¥–µ–∫–µ–ª–∏—è, –æ—Ä–ª–æ–∫–∏–Ω–∏ , –∞–π—è-–Ω–∞–ø–∞, –ø—Ä–æ—Ç–∞—Ä–∞—Å, –ø–∞—Ä–∞–ª–∏–º–Ω–∏, –∫–∞–ø–ø–∞—Ä–∏—Å. üå¥üá®üáæ
–æ–±—Ä–∞—â–∞–π—Ç–µ –≤ –ª–∏—á–∫—É üôè‚ù§Ô∏è",1121942433,400700,tg,"{
  ""place"": ""–ø–æ –º–∞—Ä—à—Ä—É—Ç—É –∞–≤—Ç–æ–±—É—Å–æ–≤ 711, 424, 425, 101, 102, 501, 502, 704, 705; –ª–∞—Ä–Ω–∞–∫–∞, –ø–∏–ª–∞, –¥–µ–∫–µ–ª–∏—è, –æ—Ä–ª–æ–∫–∏–Ω–∏, –∞–π—è-–Ω–∞–ø–∞, –ø—Ä–æ—Ç–∞—Ä–∞—Å, –ø–∞—Ä–∞–ª–∏–º–Ω–∏, –∫–∞–ø–ø–∞—Ä–∏—Å"",
  ""bundles"": []
}"
"–†–∞—Å–ø—Ä–æ–¥–∞–∂–∞ 
–¶–µ–Ω–∞: 550—Ä —à—Ç 
–†–∞–∑–º–µ—Ä: 41.42.43.44.45.46
–ë–µ–∑ –≤—ã–±–æ—Ä–∞
–ê—Ä—Ç: 2–î-80 –ö–æ—Ä–ø—É—Å –ë  https://vk.com/club208847662",-206817857,82815,vk,"{
  ""place"": null,
  ""bundles"": []
}"
"–ü—Ä–æ–¥–∞–µ—Ç—Å—è –∏–∑ 12-–∫–∏ :
1) –ë–∞—Å–∫–µ—Ç–±–æ–ª—å–Ω—ã–µ –∫—Ä–æ—Å—Å–æ–≤–∫–∏ Adidas Dame 4: 9,5 us 28cm –ø–æ –±–∏—Ä–∫–µ, –Ω–æ –ø–æ —Ñ–∞–∫—Ç—É 10us, 28,5cm. –ù–∞ –Ω–æ—Å–∫–µ –ø—Ä–æ—Ç–µ–∫—Ç–æ—Ä –Ω–∞—á–∞–ª —Å—Ç–∏—Ä–∞—Ç—å—Å—è, –∏ –æ–Ω–∏ —á—É—Ç–∫–∞ –≥—Ä—è–∑–Ω—ã–µ, –≤ –æ—Å—Ç–∞–ª—å–Ω–æ–º –æ–∫ ‚Äî 1000—Ä
2) –ö—Ä–æ—Å—Å–æ–≤–∫–∏ adidas yung 96 —Ä–∞–∑–º–µ—Ä —Ç–æ—Ç –∂–µ —á—Ç–æ –∏ –≤—ã—à–µ, —Ç–∞–∫–∂–µ –±–æ–ª—å—à–µ–º–µ—Ä—è—Ç. –ù–∞ –ø—Ä–∞–≤–æ–º –∫—Ä–æ—Å—Å–æ–≤–∫–µ –∫–æ–ª–ø–∞—á–∫–∏ —à–Ω—É—Ä–∫–æ–≤ —Å–ª–µ—Ç–µ–ª–∏ –∏ –Ω–∞ –Ω–æ—Å–∫–µ –¥—ã—Ä–æ—á–∫–∞ (—á–∏–Ω–∏—Ç—Å—è –∑–∞ 200—Ä). ‚Äî 1000—Ä
3) –†—é–∫–∑–∞–∫ –¢–∏–Ω—å–∫–æ—Ñ—Ñ –Ω–æ–≤—ã–π ‚Äî 800—Ä
4) –ö–æ–≤—Ä–∏–∫ –¥–ª—è –π–æ–≥–∏ –Ω–µ—Ä–∞—Å–ø–∞–∫–æ–≤–∞–Ω–Ω—ã–π ‚Äî 300—Ä
5) –ù–∞–±–æ—Ä –¥–ª—è –º—è—Å–∞: –º–∞–Ω–≥–∞–ª, —à–∞–º–ø—É—Ä—ã, —Ä–µ—à–µ—Ç–∫–∞, –∂–∏–¥–∫–æ—Å—Ç—å –¥–ª—è —Ä–æ–∑–∂–∏–≥–∞, —Å–ø–µ—Ü–∏–∏ –¥–ª—è –º—è—Å–∞, —Å–ø–∏—á–∫–∏, –∑–∞–∂–∏–≥–∞–ª–∫–∞. –ï—Å–ª–∏ —Ö–æ—Ç–∏—Ç–µ —á—Ç–æ-—Ç–æ –æ—Ç–¥–µ–ª—å–Ω–æ –∫—É–ø–∏—Ç—å ‚Äî –ø—Ä–µ–¥–ª–∞–≥–∞–π—Ç–µ —Ü–µ–Ω—É, –≤—Å–µ –≤–º–µ—Å—Ç–µ ‚Äî 1500—Ä
6) –ì–ª–∞–¥–∏–ª—å–Ω–∞—è –¥–æ—Å–∫–∞ 9/10 ‚Äî 400—Ä
7) –ö–∞–ø—Å—É–ª—å–Ω–∞—è –∫–æ—Ñ–µ–º–∞—à–∏–Ω–∞ NesCafe –≥—Ä—è–∑–Ω–∞—è ‚Äî 500—Ä
8) –ú–∞—Ä–∫–µ—Ä–Ω–∞—è –¥–æ—Å–∫–∞ –Ω–∞–ø–æ–ª—å–Ω–∞—è –≥—Ä—è–∑–Ω–∞—è ‚Äî 300—Ä
9) –ö–æ–º–æ–¥ –∏–∑ Hoff 94/78/46‚Äî 3500—Ä",-177461486,46549,vk,"{
  ""place"": ""–ò–∑ 12-–∫–∏"",
  ""bundles"": [
    {
      ""name"": ""–ë–∞—Å–∫–µ—Ç–±–æ–ª—å–Ω—ã–µ –∫—Ä–æ—Å—Å–æ–≤–∫–∏ Adidas Dame 4"",
      ""quantity"": ""1"",
      ""price"": 1000,
      ""currency"": ""RUB""
    },
    {
      ""name"": ""–ö—Ä–æ—Å—Å–æ–≤–∫–∏ adidas yung 96"",
      ""quantity"": ""1"",
      ""price"": 1000,
      ""currency"": ""RUB""
    },
    {
      ""name"": ""–†—é–∫–∑–∞–∫ –¢–∏–Ω—å–∫–æ—Ñ—Ñ –Ω–æ–≤—ã–π"",
      ""quantity"": ""1"",
      ""price"": 800,
      ""currency"": ""RUB""
    },
    {
      ""name"": ""–ö–æ–≤—Ä–∏–∫ –¥–ª—è –π–æ–≥–∏ –Ω–µ—Ä–∞—Å–ø–∞–∫–æ–≤–∞–Ω–Ω—ã–π"",
      ""quantity"": ""1"",
      ""price"": 300,
      ""currency"": ""RUB""
    },
    {
      ""name"": ""–ù–∞–±–æ—Ä –¥–ª—è –º—è—Å–∞ (–º–∞–Ω–≥–∞–ª, —à–∞–º–ø—É—Ä—ã, —Ä–µ—à–µ—Ç–∫–∞, –∂–∏–¥–∫–æ—Å—Ç—å –¥–ª—è —Ä–æ–∑–∂–∏–≥–∞, —Å–ø–µ—Ü–∏–∏ –¥–ª—è –º—è—Å–∞, —Å–ø–∏—á–∫–∏, –∑–∞–∂–∏–≥–∞–ª–∫–∞)"",
      ""quantity"": ""1"",
      ""price"": 1500,
      ""currency"": ""RUB""
    },
    {
      ""name"": ""–ì–ª–∞–¥–∏–ª—å–Ω–∞—è –¥–æ—Å–∫–∞"",
      ""quantity"": ""1"",
      ""price"": 400,
      ""currency"": ""RUB""
    },
    {
      ""name"": ""–ö–∞–ø—Å—É–ª—å–Ω–∞—è –∫–æ—Ñ–µ–º–∞—à–∏–Ω–∞ NesCafe"",
      ""quantity"": ""1"",
      ""price"": 500,
      ""currency"": ""RUB""
    },
    {
      ""name"": ""–ú–∞—Ä–∫–µ—Ä–Ω–∞—è –¥–æ—Å–∫–∞ –Ω–∞–ø–æ–ª—å–Ω–∞—è"",
      ""quantity"": ""1"",
      ""price"": 300,
      ""currency"": ""RUB""
    },
    {
      ""name"": ""–ö–æ–º–æ–¥ –∏–∑ Hoff"",
      ""quantity"": ""1"",
      ""price"": 3500,
      ""currency"": ""RUB""
    }
  ]
}"
"–û—Ç–¥–∞–º —Å—Ç–µ–Ω–∫—É –∑–∞ —Å–∏–º–≤–æ–ª–∏—á–µ—Å–∫—É—é —Å—É–º–º—É 1000 —Ç—ã—Å —Ä—É–±.
–¢–æ–ª—å–∫–æ —Å–∞–º–æ–≤—ã–≤–æ–∑.

#–º–µ–±–µ–ª—å",-82544098,662373,vk,"{
  ""place"": ""–¢–æ–ª—å–∫–æ —Å–∞–º–æ–≤—ã–≤–æ–∑"",
  ""bundles"": [
    {
      ""name"": ""–°—Ç–µ–Ω–∫–∞"",
      ""quantity"": ""1"",
      ""price"": 1000000,
      ""currency"": ""RUB""
    }
  ]
}"
"–ø—Ä–æ–¥–∞—é –¥—Ä–æ–Ω dji mini 2, –ø–æ–ª–Ω—ã–π –∫–æ–º–ø–ª–µ–∫—Ç+–ª–∏–Ω–∑—ã. –∫—É–ø–ª–µ–Ω –≤ –æ—Ñ–∏—Ü–∏–∞–ª—å–Ω–æ–º –º–∞–≥–∞–∑–∏–Ω–µ dji –≤ —à–∞–Ω—Ö–∞–µ (–µ—Å—Ç—å –≤—Å–µ –¥–æ–∫—É–º–µ–Ω—Ç—ã –∏ —á–µ–∫ –æ –ø–æ–∫—É–ø–∫–µ), –∏—Å–ø–æ–ª—å–∑–æ–≤–∞–ª—Å—è –æ—á–µ–Ω—å —Ä–µ–¥–∫–æ, —Å–æ—Å—Ç–æ—è–Ω–∏–µ-–∏–¥–µ–∞–ª—å–Ω–æ–µ, —Å–¥—É–≤–∞–ª–∞ –ø—ã–ª–∏–Ω–∫–∏. –ø—Ä–æ–¥–∞—é —Ç–æ–ª—å–∫–æ –ø–æ –ø—Ä–∏—á–∏–Ω–µ —Ç–æ–≥–æ, —á—Ç–æ –≤–≤–æ–∑ –≤ –±–µ–ª–∞—Ä—É—Å—å —Å–µ–π—á–∞—Å –∑–∞–ø—Ä–µ—â–µ–Ω.
—Ü–µ–Ω–∞: 480$",1332882905,819796,tg,"{
  ""place"": ""–®–∞–Ω—Ö–∞–π"",
  ""bundles"": [
    {
      ""name"": ""–î—Ä–æ–Ω DJI Mini 2, –ø–æ–ª–Ω—ã–π –∫–æ–º–ø–ª–µ–∫—Ç + –ª–∏–Ω–∑—ã"",
      ""quantity"": ""1"",
      ""price"": 480,
      ""currency"": ""USD""
    }
  ]
}"
"–ø—Ä–æ–¥–∞–º –æ—Ç–ª–∏—á–Ω—ã–µ –∫—É—Ä—Ç–∫–∏ –≤ –∏–¥–µ–∞–ª—å–Ω–æ–º —Å–æ—Å—Ç–æ—è–Ω–∏–∏ –ø–æ 100 gel:
-maya maya gore-tex, m-l, unisex 
-–∂–µ–Ω—Å–∫–∞—è berghaus gore-tex , m-l
-salewa power-tex, m-l, unisex

—Ä–∞–π–æ–Ω —Ñ–∏–ª–∞—Ä–º–æ–Ω–∏–∏, –µ—Å—Ç—å –∑–µ—Ä–∫–∞–ª–æ –∏ –≥–¥–µ –ø–æ–º–µ—Ä–∏—Ç—å)",1332882905,734809,tg,"{
  ""place"": ""—Ä–∞–π–æ–Ω —Ñ–∏–ª–∞—Ä–º–æ–Ω–∏–∏"",
  ""bundles"": [
    {
      ""name"": ""–∫—É—Ä—Ç–∫–∞ Maya Maya Gore-Tex, —Ä–∞–∑–º–µ—Ä M-L, unisex"",
      ""quantity"": ""1"",
      ""price"": 100,
      ""currency"": ""GEL""
    },
    {
      ""name"": ""–∂–µ–Ω—Å–∫–∞—è –∫—É—Ä—Ç–∫–∞ Berghaus Gore-Tex, —Ä–∞–∑–º–µ—Ä M-L"",
      ""quantity"": ""1"",
      ""price"": 100,
      ""currency"": ""GEL""
    },
    {
      ""name"": ""–∫—É—Ä—Ç–∫–∞ Salewa Power-Tex, —Ä–∞–∑–º–µ—Ä M-L, unisex"",
      ""quantity"": ""1"",
      ""price"": 100,
      ""currency"": ""GEL""
    }
  ]
}"
"–º–æ–Ω–∏—Ç–æ—Ä philips –±–µ–∑ –ø–æ–¥—Å—Ç–∞–≤–∫–∏
–ª–∞—Ä–Ω–∞–∫–∞
60‚Ç¨
—Ç–æ—Ä–≥ —É–º–µ—Å—Ç–µ–Ω",1121942433,392422,tg,"{
  ""place"": ""–ª–∞—Ä–Ω–∞–∫–∞"",
  ""bundles"": [
    {
      ""name"": ""–º–æ–Ω–∏—Ç–æ—Ä philips –±–µ–∑ –ø–æ–¥—Å—Ç–∞–≤–∫–∏"",
      ""quantity"": ""1"",
      ""price"": 60,
      ""currency"": ""EUR""
    }
  ]
}"
"1. –ö–ª–∞—Å—Å–∏—á–µ—Å–∫–∏–µ –ª–æ–¥–æ—á–∫–∏ –Ω–∞ –Ω–µ–≤—ã—Å–æ–∫–æ–º –∫–∞–±–ª—É—á–∫–µ, Hogl, –Ω–∞ —Ä–∞–∑–º–µ—Ä 39,5-40. –ù–∞—Ç—É—Ä–∞–ª—å–Ω–∞—è –∑–∞–º—à–∞, –≤–Ω—É—Ç—Ä–∏ –Ω–∞—Ç.–∫–æ–∂–∞. –ë/—É, –≤ –ø—Ä–∏–ª–∏—á–Ω–æ–º —Å–æ—Å—Ç–æ—è–Ω–∏–∏. 900 —Ä—É–±.

2. –õ–æ–¥–æ—á–∫–∏ —Å —Ä–µ–º–µ—à–∫–æ–º –Ω–∞ –ø—è—Ç–∫–µ (—Å–ª–∏–º–±—ç–∫–∏), Respect, —á–µ—Ä–Ω–∏–ª—å–Ω–æ–≥–æ —Ü–≤–µ—Ç–∞, –Ω–∞ —Ä–∞–∑–º–µ—Ä 39,5-40. –ù–∞—Ç—É—Ä–∞–ª—å–Ω–∞—è –∫–æ–∂–∞. –ë/—É —Å—á–∏—Ç–∞–Ω–Ω—ã–µ —Ä–∞–∑—ã, —Å–æ—Å—Ç–æ—è–Ω–∏–µ –Ω–æ–≤—ã—Ö. 1900 —Ä—É–±.

–î–º–∏—Ç—Ä–æ–≤. –õ–°",-82544098,642647,vk,"{
  ""place"": ""–î–º–∏—Ç—Ä–æ–≤. –õ–°"",
  ""bundles"": [
    {
      ""name"": ""–ö–ª–∞—Å—Å–∏—á–µ—Å–∫–∏–µ –ª–æ–¥–æ—á–∫–∏ Hogl –Ω–∞ –Ω–µ–≤—ã—Å–æ–∫–æ–º –∫–∞–±–ª—É—á–∫–µ, —Ä–∞–∑–º–µ—Ä 39,5-40"",
      ""quantity"": ""1"",
      ""price"": 900,
      ""currency"": ""RUB""
    },
    {
      ""name"": ""–õ–æ–¥–æ—á–∫–∏ —Å —Ä–µ–º–µ—à–∫–æ–º –Ω–∞ –ø—è—Ç–∫–µ Respect, —á–µ—Ä–Ω–∏–ª—å–Ω–æ–≥–æ —Ü–≤–µ—Ç–∞, —Ä–∞–∑–º–µ—Ä 39,5-40"",
      ""quantity"": ""1"",
      ""price"": 1900,
      ""currency"": ""RUB""
    }
  ]
}"
"–∫–æ–º–æ–¥ 83√ó83√ó40, –∫–æ–ª–æ—Å—Å–∏ —Å–∞–º–æ–≤—ã–≤–æ–∑, 35 –µ–≤—Ä–æ",1121942433,255015,tg,"{
  ""place"": ""–∫–æ–ª–æ—Å—Å–∏ —Å–∞–º–æ–≤—ã–≤–æ–∑"",
  ""bundles"": [
    {
      ""name"": ""–∫–æ–º–æ–¥"",
      ""quantity"": ""1"",
      ""price"": 35,
      ""currency"": ""EUR""
    }
  ]
}"
"–∫—É–±–∏–∫ —Ä—É–±–∏–∫–∞, –±/—É. 
–ª–∏–º–∞—Å—Å–æ–ª, 5‚Ç¨.",1121942433,652847,tg,"{
  ""place"": ""–ª–∏–º–∞—Å—Å–æ–ª"",
  ""bundles"": [
    {
      ""name"": ""–∫—É–±–∏–∫ —Ä—É–±–∏–∫–∞, –±/—É"",
      ""quantity"": ""1"",
      ""price"": 5,
      ""currency"": ""EUR""
    }
  ]
}"
katrom12 –Ω–∞—Ä—É—à–∏–ª –ø—Ä–∞–≤–∏–ª–∞ —á–∞—Ç–∞ –∏ –Ω–µ —Å–º–æ–∂–µ—Ç –ø–∏—Å–∞—Ç—å –¥–æ 17.10.2023 16:24:13. –ø—Ä–∞–≤–∏–ª–∞ —á–∞—Ç–æ–≤,1332882905,691243,tg,{}
"–õ–µ–∂–∞–Ω–∫–∞ –¥–ª—è —Å–æ–±–∞–∫ —Å—Ä–µ–¥–Ω–µ–≥–æ –∏ –º–µ–ª–∫–æ–≥–æ —Ä–∞–∑–º–µ—Ä–∞, –¥–ª—è –∫–æ—à–µ–∫. –†–∞–∑–º–µ—Ä 60*40*12. –ú–µ–±–µ–ª—å–Ω–∞—è —Ç–∫–∞–Ω—å –∞–Ω—Ç–∏–∫–æ–≥–æ—Ç—å, –≥–∏–ø–æ–∞–ª–ª–µ—Ä–≥–µ–Ω–Ω—ã–π –Ω–∞–ø–æ–ª–Ω–∏—Ç–µ–ª—å. –ü–æ–¥—É—à–∫–∞ –≤—ã–Ω–∏–º–∞–µ—Ç—Å—è, –º–æ–∂–Ω–æ —Å—Ç–∏—Ä–∞—Ç—å –Ω–∞ –¥–µ–ª–∏–∫–∞—Ç–Ω–æ–º —Ä–µ–∂–∏–º–µ –≤ –º–∞—à–∏–Ω–∫–µ. –°–æ–≤–µ—Ä—à–µ–Ω–Ω–æ –Ω–æ–≤–∞—è, —Ü–µ–Ω–∞ 1000.

#–ë–î_–º–µ–±–µ–ª—å",-82544098,633113,vk,"{
  ""place"": null,
  ""bundles"": [
    {
      ""name"": ""–õ–µ–∂–∞–Ω–∫–∞ –¥–ª—è —Å–æ–±–∞–∫ —Å—Ä–µ–¥–Ω–µ–≥–æ –∏ –º–µ–ª–∫–æ–≥–æ —Ä–∞–∑–º–µ—Ä–∞, –¥–ª—è –∫–æ—à–µ–∫"",
      ""quantity"": ""1"",
      ""price"": 1000,
      ""currency"": ""RUB""
    }
  ]
}"
"–ú–µ—Ç—Ä–æ –ö–∞–ª—É–∂—Å–∫–∞—è/–ë–µ–ª—è–µ–≤–æ

1 —Ñ–æ—Ç–æ:

–ñ–µ–Ω—Å–∫–∏–π —Å–≤–∏—Ç–µ—Ä, –ø—Ä–∏–Ω—Ç –ª–µ–æ–ø–∞—Ä–¥. 400‚ÇΩ
–†–∞–∑–º–µ—Ä S
–°–æ—Å—Ç–æ—è–Ω–∏–µ —Ö–æ—Ä–æ—à–µ–µ, –±—ã–ª –≤ –ø–æ–ª—å–∑–æ–≤–∞–Ω–∏–∏ –ø–∞—Ä—É —Ä–∞–∑

2 —Ñ–æ—Ç–æ:

–ñ–µ–Ω—Å–∫–∞—è —Ç–æ–ª—Å—Ç–æ–≤–∫–∞ —Å –∫–∞–ø—é—à–æ–Ω–æ–º 400‚ÇΩ
–†–∞–∑–º–µ—Ä –ú
–°–æ—Å—Ç–æ—è–Ω–∏–µ —Ö–æ—Ä–æ—à–µ–µ, –±—ã–ª–∞ –≤ –ø–æ–ª—å–∑–æ–≤–∞–Ω–∏–∏ –ø–∞—Ä—É —Ä–∞–∑

3—Ñ–æ—Ç–æ:

–ñ–µ–Ω—Å–∫–∏–π —É–∫–æ—Ä–æ—á–µ–Ω–Ω—ã–π —Å–≤–∏—Ç–µ—Ä 400‚ÇΩ
–†–∞–∑–º–µ—Ä S
–°–æ—Å—Ç–æ—è–Ω–∏–µ –∏–¥–µ–∞–ª—å–Ω–æ–µ, –±—ã–ª –≤ –Ω–æ—Å–∫–µ 1 —Ä–∞–∑

4 —Ñ–æ—Ç–æ:

–°–≤–∏—Ç–µ—Ä –ñ–µ–Ω—Å–∫–∏–π –ù&–ú. 500‚ÇΩ
52% —à–µ—Ä—Å—Ç—å, —Ä–∞–∑–º–µ—Ä –ú

5 —Ñ–æ—Ç–æ:

–ñ–µ–Ω—Å–∫–∞—è –∂–∏–ª–µ—Ç–∫–∞, –ø—Ä–∏–Ω—Ç ¬´–≥—É—Å–∏–Ω–∞—è –ª–∞–ø–∫–∞¬ª. 400‚ÇΩ
–†–∞–∑–º–µ—Ä S-M
–°–æ—Å—Ç–æ—è–Ω–∏–µ —Ö–æ—Ä–æ—à–µ–µ
–î–ª–∏–Ω–Ω–∞ –ø–æ —Å–ø–∏–Ω–µ 59 —Å–º",-48332904,724749,vk,"{
  ""place"": ""–ú–µ—Ç—Ä–æ –ö–∞–ª—É–∂—Å–∫–∞—è/–ë–µ–ª—è–µ–≤–æ"",
  ""bundles"": [
    {
      ""name"": ""–ñ–µ–Ω—Å–∫–∏–π —Å–≤–∏—Ç–µ—Ä —Å –ø—Ä–∏–Ω—Ç–æ–º –ª–µ–æ–ø–∞—Ä–¥"",
      ""quantity"": ""1"",
      ""price"": 400,
      ""currency"": ""RUB""
    },
    {
      ""name"": ""–ñ–µ–Ω—Å–∫–∞—è —Ç–æ–ª—Å—Ç–æ–≤–∫–∞ —Å –∫–∞–ø—é—à–æ–Ω–æ–º"",
      ""quantity"": ""1"",
      ""price"": 400,
      ""currency"": ""RUB""
    },
    {
      ""name"": ""–ñ–µ–Ω—Å–∫–∏–π —É–∫–æ—Ä–æ—á–µ–Ω–Ω—ã–π —Å–≤–∏—Ç–µ—Ä"",
      ""quantity"": ""1"",
      ""price"": 400,
      ""currency"": ""RUB""
    },
    {
      ""name"": ""–°–≤–∏—Ç–µ—Ä –ñ–µ–Ω—Å–∫–∏–π H&M"",
      ""quantity"": ""1"",
      ""price"": 500,
      ""currency"": ""RUB""
    },
    {
      ""name"": ""–ñ–µ–Ω—Å–∫–∞—è –∂–∏–ª–µ—Ç–∫–∞ —Å –ø—Ä–∏–Ω—Ç–æ–º –≥—É—Å–∏–Ω–∞—è –ª–∞–ø–∫–∞"",
      ""quantity"": ""1"",
      ""price"": 400,
      ""currency"": ""RUB""
    }
  ]
}"
"–≤—Å–µ–º –ø—Ä–∏–≤–µ—Ç! 
1)30 –ª–∞—Ä–∏
–Ω–æ—Å–∏—Ç—å –º–æ–∂–Ω–æ —Å —Ä–µ–º–Ω—ë–º, –º–æ–∂–Ω–æ –±–µ–∑

2)–∫–∞—Ä–¥–∏–≥–∞–Ω, –∏—Ç–∞–ª–∏—è 
s-m
30 –ª–∞—Ä–∏

3)–±–µ–ª—ã–µ —à—Ç–∞–Ω—ã
—Å–æ—Å—Ç–æ—è–Ω–∏–µ –æ—Ç–ª–∏—á–Ω–æ–µ, –∫–∞–∫ –Ω–æ–≤—ã–µ
30 –ª–∞—Ä–∏

4)–ª–µ–æ–ø–∞—Ä–¥–æ–≤–∞—è —à—É–±–∞ 
s-m
50 –ª–∞—Ä–∏
–ø–æ—á—Ç–∏ –Ω–æ–≤–∞—è

5)–±–µ–ª—ã–π –ø–∏–¥–∂–∞–∫ 
—Ö–æ—Ä–æ—à–µ–µ —Å–æ—Å—Ç–æ—è–Ω–∏–µ 
s-m
50 –ª–∞—Ä–∏",1332882905,358855,tg,"{
  ""bundles"": [
    {
      ""name"": ""–∫–∞—Ä–¥–∏–≥–∞–Ω, –∏—Ç–∞–ª–∏—è"",
      ""quantity"": ""1"",
      ""price"": 30,
      ""currency"": ""–ª–∞—Ä–∏""
    },
    {
      ""name"": ""–±–µ–ª—ã–µ —à—Ç–∞–Ω—ã"",
      ""quantity"": ""1"",
      ""price"": 30,
      ""currency"": ""–ª–∞—Ä–∏""
    },
    {
      ""name"": ""–ª–µ–æ–ø–∞—Ä–¥–æ–≤–∞—è —à—É–±–∞"",
      ""quantity"": ""1"",
      ""price"": 50,
      ""currency"": ""–ª–∞—Ä–∏""
    },
    {
      ""name"": ""–±–µ–ª—ã–π –ø–∏–¥–∂–∞–∫"",
      ""quantity"": ""1"",
      ""price"": 50,
      ""currency"": ""–ª–∞—Ä–∏""
    }
  ]
}"
"–ü—Ä–æ–¥–∞—é –∫–æ–º–ø—å—é—Ç–µ—Ä –¶–µ–Ω–∞ 55000 –í—Å–µ –ø–æ—á—Ç–∏ –Ω–æ–≤–æ–µ ,–µ—Å—Ç—å —á–µ–∫–∏ –∏ –∫–æ—Ä–æ–±–∫–∏ –æ—Ç –∫–æ–º–ø–ª–µ–∫—Ç—É—é—â–∏—Ö. –•–∞—Ä–∞–∫—Ç–µ—Ä–∏—Å—Ç–∏–∫–∏: ‚öôÔ∏è–ú–∞—Ç–µ—Ä–∏–Ω—Å–∫–∞—è –ø–ª–∞—Ç–∞ - GIGABYTE B450M H ‚öôÔ∏è–ü—Ä–æ—Ü–µ—Å—Å–æ—Ä - AMD Ryzen 5 3600 ‚öôÔ∏è–í–∏–¥–µ–æ–∫–∞—Ä—Ç–∞ - GIGABYTE RADEON RX 580 –Ω–∞ 8 GB ‚öôÔ∏è–û–ø–µ—Ä–∞—Ç–∏–≤–Ω–∞—è –ø–∞–º—è—Ç—å - KINGSTON FYRY 16 GB (2x8GB) DDR4 2666 –ú–ì—Ü ‚öôÔ∏èSSD Kingston 480 GB SSD GIGABYTE 120 GB ‚öôÔ∏è–ë–ª–æ–∫ –ø–∏—Ç–∞–Ω–∏—è - SYSTEM POWER 9 500W ‚öôÔ∏è–ö—É–ª–µ—Ä –¥–ª—è –ø—Ä–æ—Ü–µ—Å—Å–æ—Ä–∞ - DeepCool ICE BLADE 100 ‚öôÔ∏è–ö–æ—Ä–ø—É—Å AeroCool —Å –ø–æ–¥—Å—Ç–≤–µ—Ç–∫–æ–π –¢–∞–∫ –∂–µ –∫ –∫–æ–º–ø—å—é—Ç–µ—Ä—É: - –ú–æ–Ω–∏—Ç–æ—Ä. –î–∏–∞–≥–æ–Ω–∞–ª—å 27 ¬´–µ—Å—Ç—å –¥–µ—Ñ–µ–∫—Ç ,–ø–æ–ª–æ—Å–∞ –Ω–∞ —ç–∫—Ä–∞–Ω–µ , –Ω–∞ —Ä–∞–±–æ—Ç–æ—Å–ø–æ—Å–æ–±–Ω–æ—Å—Ç—å –Ω–µ –≤–ª–∏—è–µ—Ç¬ª - –ò–≥—Ä–æ–≤–∞—è –º—ã—à–∫–∞ –æ—Ç Logitech, –∏–≥—Ä–æ–≤–∞—è –∫–ª–∞–≤–∏–∞—Ç—É—Ä–∞ MSI, –Ω–∞—É—à–Ω–∏–∫–∏ Logitech G435 , –∫–æ–≤—Ä–∏–∫ –∏ –∫–æ–ª–æ–Ω–∫–∏ - –ü—Ä–æ–¥–∞—é –∫–æ–º–ø—å—é—Ç–µ—Ä –±—Ä–∞—Ç–∞, –ø–æ –ø—Ä–∏—á–∏–Ω–µ –ø–µ—Ä–µ–µ–∑–¥–∞",-90442795,353383,vk,"{
  ""place"": ""–Ω–µ —É–∫–∞–∑–∞–Ω–æ"",
  ""bundles"": [
    {
      ""name"": ""–ö–æ–º–ø—å—é—Ç–µ—Ä —Å –∫–æ–º–ø–ª–µ–∫—Ç—É—é—â–∏–º–∏ –∏ –∞–∫—Å–µ—Å—Å—É–∞—Ä–∞–º–∏"",
      ""quantity"": ""1"",
      ""price"": 55000,
      ""currency"": ""RUB""
    }
  ]
}"
"—Ñ–æ—Ä–º–∞ –¥–ª—è –≤—ã–ø–µ—á–∫–∏ –¥–∏–∞–º–µ—Ç—Ä 18 —Å–º, —Å–∫–æ–≤–æ—Ä–æ–¥–∞ —Å –∫—Ä—ã—à–∫–æ–π -20 —Å–º. –≤ —Ö–æ—Ä.—Å–æ—Å—Ç–æ—è–Ω–∏–∏.–ª–∏–º–∞—Å—Å–æ–ª. 6‚Ç¨. –±—Ä–æ–Ω—å",1121942433,306259,tg,"{
  ""place"": ""–õ–∏–º–∞—Å—Å–æ–ª"",
  ""bundles"": [
    {
      ""name"": ""—Ñ–æ—Ä–º–∞ –¥–ª—è –≤—ã–ø–µ—á–∫–∏ –∏ —Å–∫–æ–≤–æ—Ä–æ–¥–∞ —Å –∫—Ä—ã—à–∫–æ–π"",
      ""quantity"": ""2"",
      ""price"": 6,
      ""currency"": ""EUR""
    }
  ]
}"
"–±—Ä–æ–Ω—å.–∫–∞—á–µ—Å—Ç–≤–µ–Ω–Ω—ã–µ —Å–∏–ª–∏–∫–æ–Ω–æ–≤—ã–µ —Ñ–æ—Ä–º—ã –¥–ª—è —Ç–æ—Ä—Ç–æ–≤ –∏ –ø–∏—Ä–æ–∂–Ω—ã—Ö, –∫–æ–ª—å—Ü–∞ –∫–æ–Ω–¥–∏—Ç–µ—Ä—Å–∫–∏–µ, –∏ —Ü–µ–ª–∞—è –∫–æ—Ä–æ–±–∫–∞ –≤—Å—è–∫–æ–π –≤—Å—è—á–∏–Ω—ã –¥–ª—è –ø—Ä–∏–≥–æ—Ç–æ–≤–ª–µ–Ω–∏—è —Ç–æ—Ä—Ç–æ–≤. 10 –µ–≤—Ä–æ. –ª–∏–º–∞—Å—Å–æ–ª",1121942433,655395,tg,"{
  ""place"": ""–ª–∏–º–∞—Å—Å–æ–ª"",
  ""bundles"": [
    {
      ""name"": ""–Ω–∞–±–æ—Ä –¥–ª—è –ø—Ä–∏–≥–æ—Ç–æ–≤–ª–µ–Ω–∏—è —Ç–æ—Ä—Ç–æ–≤ –∏ –ø–∏—Ä–æ–∂–Ω—ã—Ö"",
      ""quantity"": ""1"",
      ""price"": 10,
      ""currency"": ""EUR""
    }
  ]
}"
"–º–æ–ª–æ–∫–æ–æ—Ç—Å–æ—Å medela. –∫—É–ø–ª–µ–Ω –≤ babyplanet 11 –∏—é–Ω—è, –∏—Å–ø–æ–ª—å–∑–æ–≤–∞–ª—Å—è –æ–∫–æ–ª–æ 2 –Ω–µ–¥–µ–ª—å. –≥–∞—Ä–∞–Ω—Ç–∏—è –ø–æ —á–µ–∫—É –µ—â—ë –ø–æ—á—Ç–∏ 2 –≥–æ–¥–∞ (—á–µ–∫ –≤ –Ω–∞–ª–∏—á–∏–∏, 185 –µ–≤—Ä–æ). —Ä–∞–±–æ—Ç–∞–µ—Ç –∫–∞–∫ –æ—Ç —Å–µ—Ç–∏, —Ç–∞–∫ –∏ –æ—Ç –±–∞—Ç–∞—Ä–µ–µ–∫. —Å–æ—Å—Ç–æ—è–Ω–∏–µ –æ—Ç–ª–∏—á–Ω–æ–µ. —Ü–µ–Ω–∞ 130 –µ–≤—Ä–æ, –ª–∏–º–∞—Å–æ–ª, –Ω–µ–∞–ø–æ–ª–∏—Å.",1121942433,363655,tg,"{
  ""place"": ""–ª–∏–º–∞—Å–æ–ª, –Ω–µ–∞–ø–æ–ª–∏—Å"",
  ""bundles"": [
    {
      ""name"": ""–º–æ–ª–æ–∫–æ–æ—Ç—Å–æ—Å medela"",
      ""quantity"": ""1"",
      ""price"": 130,
      ""currency"": ""EUR""
    }
  ]
}"
"–ø—Ä–æ–¥–∞–º –Ω–∞–±–æ—Ä –æ—Ç–∫—Ä—ã—Ç–æ–∫ (14 —à—Ç—É–∫). –∏–¥–µ–∞–ª—å–Ω–æ–µ —Å–æ—Å—Ç–æ—è–Ω–∏–µ. –ø—Ä–æ–∏–∑–≤–µ–¥–µ–Ω–æ –≤ –ª–µ–Ω–∏–Ω–≥—Ä–∞–¥–µ, —Å—Å—Å—Ä, 1979 –≥–æ–¥. 20‚Ç¨ –∑–∞ –≤—Å–µ. –ª–∏–º–∞—Å—Å–æ–ª.",1121942433,339645,tg,"{
  ""place"": ""–õ–∏–º–∞—Å—Å–æ–ª"",
  ""bundles"": [
    {
      ""name"": ""–Ω–∞–±–æ—Ä –æ—Ç–∫—Ä—ã—Ç–æ–∫, –ø—Ä–æ–∏–∑–≤–µ–¥–µ–Ω–æ –≤ –õ–µ–Ω–∏–Ω–≥—Ä–∞–¥–µ, –°–°–°–†, 1979 –≥–æ–¥"",
      ""quantity"": ""14"",
      ""price"": 20,
      ""currency"": ""EUR""
    }
  ]
}"
"–ü—Ä–æ–¥–∞–º xbox 360, —Ü–µ–Ω–∞ 10000—Ä.",-90442795,353237,vk,"{
    ""place"": """",
    ""bundles"": [
        {
            ""name"": ""xbox 360"",
            ""quantity"": ""1"",
            ""price"": 10000,
            ""currency"": ""RUB""
        }
    ]
}"
"–ñ–µ–Ω—Å–∫–∏–µ –Ω–∞–±–æ—Ä –¥–ª—è —Å–∞—É–Ω—ã
–¶–µ–Ω–∞: 350—Ä —Ä—É–±
–†–∞—Å–ø—Ä–æ–¥–∞–∂–∞
–¢–∫–∞–Ω—å: –ú–∞—Ö—Ä–∞ —Ö–ª–æ–ø–æ–∫
–†–∞–∑–º–µ—Ä –∫–∏–ª—Ç: 46-54.
–†–∞–∑–º–µ—Ä —á–∞–ª–º–∞: 30*50—Å–º
–¢—Ü –∫–æ—Ä–ø—É—Å –ë 2–î-58 
https://vk.com/yusroo",-206817857,99822,vk,"{
  ""place"": ""–¢—Ü –∫–æ—Ä–ø—É—Å –ë 2–î-58"",
  ""bundles"": [
    {
      ""name"": ""–ñ–µ–Ω—Å–∫–∏–π –Ω–∞–±–æ—Ä –¥–ª—è —Å–∞—É–Ω—ã"",
      ""quantity"": ""1"",
      ""price"": 350,
      ""currency"": ""RUB""
    }
  ]
}"
"—á–µ—Ö–æ–ª –¥–ª—è —à—Ç–∞—Ç–∏–≤–∞
–¥–ª–∏–Ω–∞ —Å–∞–Ω—Ç–∏–º–µ—Ç—Ä–æ–≤ 40-45, –µ—Å—Ç—å –¥–ª–∏–Ω–Ω—ã–π —Ä–µ–º–µ—à–æ–∫
20 –ª–∞—Ä–∏
–¥–∏–≥–æ–º–∏",1332882905,626376,tg,"{
  ""place"": ""–¥–∏–≥–æ–º–∏"",
  ""bundles"": [
    {
      ""name"": ""—á–µ—Ö–æ–ª –¥–ª—è —à—Ç–∞—Ç–∏–≤–∞"",
      ""quantity"": ""1"",
      ""price"": 20,
      ""currency"": ""–ª–∞—Ä–∏""
    }
  ]
}"
"–†–∞—Å–ø—Ä–æ–¥–∞–∂–∞ 
–¢–∫–∞–Ω—å: –¥–∂–∏–Ω—Å 
–¶–µ–Ω–∞: 300—Ä
–†–∞–∑–º–µ—Ä: 48-50-52-54-56-58
–ê—Ä—Ç: 24-108",-206817857,79844,vk,"{
  ""place"": null,
  ""bundles"": [
    {
      ""name"": ""–¢–∫–∞–Ω—å –¥–∂–∏–Ω—Å"",
      ""quantity"": ""1"",
      ""price"": 300,
      ""currency"": ""RUB""
    }
  ]
}"
"–ö–æ–∂–∞–Ω—ã–µ –ª–µ–≥–≥–∏–Ω—Å—ã —Å –Ω–∞—á—ë—Å–æ–º
–¶–µ–Ω–∞: 350—Ä 
–¶–µ–Ω–∞ —É–ø 12—à—Ç*300—Ä
–†–∞—Å–ø—Ä–æ–¥–∞–∂–∞ 
–†–∞–∑–º–µ—Ä—ã: 40/42/44/46/48/50/52/54
–õ–∏–Ω–∏—è 22 –ø–∞–≤–∏–ª—å–æ–Ω 11
https://vk.com/id529025796",-206817857,123871,vk,"{
  ""place"": ""–õ–∏–Ω–∏—è 22 –ø–∞–≤–∏–ª—å–æ–Ω 11"",
  ""bundles"": [
    {
      ""name"": ""–ö–æ–∂–∞–Ω—ã–µ –ª–µ–≥–≥–∏–Ω—Å—ã —Å –Ω–∞—á—ë—Å–æ–º"",
      ""quantity"": ""1"",
      ""price"": 350,
      ""currency"": ""RUB""
    },
    {
      ""name"": ""–ö–æ–∂–∞–Ω—ã–µ –ª–µ–≥–≥–∏–Ω—Å—ã —Å –Ω–∞—á—ë—Å–æ–º, —É–ø–∞–∫–æ–≤–∫–∞ 12 —à—Ç—É–∫"",
      ""quantity"": ""12"",
      ""price"": 3600,
      ""currency"": ""RUB""
    }
  ]
}"
"–¢—É—à—å –¥–ª—è —Ä–µ—Å–Ω–∏—Ü  —Å –±–ª–µ—Å—Ç–∫–∞–º–∏ 6 –≥—Ä  (—Å–µ—Ä–µ–±—Ä–æ)
–¶–µ–Ω–∞: 99—Ä
—Ä–∞—Å–ø—Ä–æ–¥–∞–∂–∞ 
—Ç—Ü –∫–æ—Ä–ø—É—Å –ë 2-3-11–ê",-206817857,120082,vk,"{
  ""place"": ""—Ç—Ü –∫–æ—Ä–ø—É—Å –ë 2-3-11–ê"",
  ""bundles"": [
    {
      ""name"": ""–¢—É—à—å –¥–ª—è —Ä–µ—Å–Ω–∏—Ü —Å –±–ª–µ—Å—Ç–∫–∞–º–∏ (—Å–µ—Ä–µ–±—Ä–æ)"",
      ""quantity"": ""6 –≥—Ä"",
      ""price"": 99,
      ""currency"": ""RUB""
    }
  ]
}"
"–ø—Ä–æ–¥–∞–º –±–ª–µ–Ω–¥–µ—Ä –∞–±—Å–æ–ª—é—Ç–Ω–æ –Ω–æ–≤—ã–π
–∑–∞ 250 –ª–∞—Ä–∏ 
–ø–æ–∫—É–ø–∞–ª–∏ –∑–∞ 400
—Ü–µ–Ω–∞ –æ–∫–æ–Ω—á–∞—Ç–µ–ª—å–Ω–∞—è",1332882905,359305,tg,"{
  ""bundles"": [
    {
      ""name"": ""–±–ª–µ–Ω–¥–µ—Ä –∞–±—Å–æ–ª—é—Ç–Ω–æ –Ω–æ–≤—ã–π"",
      ""quantity"": ""1"",
      ""price"": 250,
      ""currency"": ""GEL""
    }
  ]
}"
"–Ω–∏—Å—Å–∞–Ω 1.1—Å—Å –º–æ—Ç–æ—Ä —Ä—É—á–Ω–∞—è –∫–æ—Ä–æ–±–∫–∞
2009 –≥–æ–¥ 
—Å –º–∞–ª–µ–Ω—å–∫–∏–º –ø—Ä–æ–±–µ–≥–æ–º 44 –º–∏–ª—å 76—Ç—ã—Å –∫–º
–º–æ—Ç –¥–æ—Ä–æ–∂–Ω—ã–π –Ω–∞–ª–æ–≥ –æ–ø–ª–∞—á–µ 
–æ—á–µ–Ω—å —ç–∫–æ–Ω–æ–º–Ω–∞—è, 
–º–æ—Ç–æ—Ä –≤ –æ—Ç–ª–∏—á–Ω–æ–º —Å–æ—Å—Ç–æ—è–Ω–∏–µ 
–ø—Ä–æ–π–¥–µ–Ω –ø–æ–ª–Ω—ã–π —Å–µ—Ä–≤–∏—Å ! 
–±–µ–∑ –Ω–∞—Ä–µ–∫–∞–Ω–∏–∏!
4 –Ω–æ–≤—ã–µ —Ä–µ–∑–∏–Ω—ã!
–ª—é–±–æ–π –æ—Å–º–æ—Ç—Ä —É –≤–∞—à–µ–≥–æ –º–µ—Ö–∞–Ω–∏–∫–∞! 
–ø–∞—Ñ–æ—Å 99029918
3600 üí∂ –µ–≤—Ä–æ",1121942433,686408,tg,"{
  ""place"": ""–ü–∞—Ñ–æ—Å"",
  ""bundles"": [
    {
      ""name"": ""–ù–∏—Å—Å–∞–Ω 2009 –≥–æ–¥–∞ —Å –º–∞–ª–µ–Ω—å–∫–∏–º –ø—Ä–æ–±–µ–≥–æ–º –∏ —Ä—É—á–Ω–æ–π –∫–æ—Ä–æ–±–∫–æ–π"",
      ""quantity"": ""1"",
      ""price"": 3600,
      ""currency"": ""EUR""
    }
  ]
}"
"47000—Ä
–ü—Ä–æ—Ü core i5 10400f –Ω–æ–≤–æ–µ –Ω–∞ –≥–∞—Ä–∞–Ω—Ç–∏–∏ ( 1 –≥–æ–¥) 
–ë–∞—à–Ω—è –¥–ª—è –ø—Ä–æ—Ü–∞ –Ω–æ–≤–æ–µ –Ω–∞ –≥–∞—Ä–∞–Ω—Ç–∏–∏ (1 –≥–æ–¥) 
–ú–∞—Ç–µ—Ä–∏–Ω–∫–∞ h470m –Ω–æ–≤–æ–µ –Ω–∞ –≥–∞—Ä–∞–Ω—Ç–∏–∏ (3 –≥–æ–¥–∞) 
RTX 2060 super 8 gb –ø–ª–æ–º–±–∞ –Ω–∞ –º–µ—Å—Ç–µ –ø—Ä–æ—Ö–æ–¥–∏—Ç –≤—Å–µ —Ç–µ—Å—Ç—ã –Ω–∞ —É—Ä–∞ 
–û–ø–µ—Ä–∞—Ç–∏–≤–∫–∞ 16gb DDR4 2666–Ω–æ–≤–æ–µ –Ω–∞ –≥–∞—Ä–∞–Ω—Ç–∏–∏ (10 –ª–µ—Ç) 
SSD M. 2 512Gb( —Å–∫–æ—Ä–æ—Å—Ç—å –≤ –¥–≤–∞ —Ä–∞–∑–∞ –≤—ã—à–µ —á–µ–º —É –æ–±—ã—á–Ω–æ–≥–æ ssd) –Ω–æ–≤–æ–µ –Ω–∞ –≥–∞—Ä–∞–Ω—Ç–∏–∏ ( 3 –≥–æ–¥–∞) 
–ë–ª–æ–∫ –ø–∏—Ç–∞–Ω–∏—è 450W 80+ –Ω–æ–≤–æ–µ –Ω–∞ –≥–∞—Ä–∞–Ω—Ç–∏–∏ ( 5 –ª–µ—Ç) 
–û–±–º–µ–Ω–∞ –Ω–µ—Ç. 
–î—É—Ä–±–∞–Ω–∞ –Ω–µ—Ç.",-48332904,708904,vk,"{
  ""place"": null,
  ""bundles"": [
    {
      ""name"": ""–ò–≥—Ä–æ–≤–æ–π –∫–æ–º–ø—å—é—Ç–µ—Ä–Ω—ã–π –Ω–∞–±–æ—Ä"",
      ""quantity"": ""1"",
      ""price"": 47000,
      ""currency"": ""RUB""
    }
  ]
}"
"–¥–æ–±—Ä—ã–π –¥–µ–Ω—å. 
–∫—É–ø–ª—é –º–∞—à–∏–Ω—É, –º–æ–¥–µ–ª–∏ —Å –±–æ–ª—å—à–∏–º –±–∞–≥–∞–∂–Ω–∏–∫–æ–º (–Ω–µ–æ–±—Ö–æ–¥–∏–º–æ –ø–µ—Ä–µ–≤–æ–∑–∏—Ç—å –∏–Ω–≤–∞–ª–∏–¥–Ω–æ–µ –∫—Ä–µ—Å–ª–æ). –∫–æ—Ä–æ–±–∫–∞ –∞–≤—Ç–æ–º–∞—Ç.
toyota rav4, nissan x-trail, subaru forester.
–±—é–¥–∂–µ—Ç 10000‚Ç¨",1121942433,223118,tg,"{
    ""place"": null,
    ""bundles"": []
}"
"—Ç–µ–ø–ª—ã–π —Å–≤–∏—Ç–µ—Ä medooza
–≤ –æ—Ç–ª–∏—á–Ω–æ–º —Å–æ—Å—Ç–æ—è–Ω–∏–∏ 
—Ä–∞–∑–º–µ—Ä –º 
50% —à–µ—Ä—Å—Ç—å, 50% –∞–∫—Ä–∏–ª
25 –ª–∞—Ä–∏ 
–≤–∞–∫–µ, –Ω–µ–¥–∞–ª–µ–∫–æ –æ—Ç –∫—Ä—É–≥–ª–æ–≥–æ —Å–∞–¥–∞",1332882905,807419,tg,"{
  ""place"": ""–≤–∞–∫–µ, –Ω–µ–¥–∞–ª–µ–∫–æ –æ—Ç –∫—Ä—É–≥–ª–æ–≥–æ —Å–∞–¥–∞"",
  ""bundles"": [
    {
      ""name"": ""—Ç–µ–ø–ª—ã–π —Å–≤–∏—Ç–µ—Ä medooza"",
      ""quantity"": ""1"",
      ""price"": 25,
      ""currency"": ""GEL""
    }
  ]
}"
"–ü—Ä–æ–¥–∞—é. 
–ö–∞–±–µ–ª—å –≤–∏—Ç–∞—è –ø–∞—Ä–∞ –º–∞—Ä–∫–∏ ITK F/UTP –∫–∞—Ç.5E 4x2x24AWG SOLID LSZH. 
–°–æ—Å—Ç–æ—è–Ω–∏–µ - –Ω–æ–≤—ã–π, –æ—Å—Ç–∞—Ç–æ–∫ - 67 –º. 
–û–¥–∏–Ω—Ü–æ–≤–æ + –æ–∫—Ä–µ—Å—Ç–Ω–æ—Å—Ç–∏, –ú–æ—Å–∫–≤–∞ 
–°—Ç–æ–∏–º–æ—Å—Ç—å - 50 —Ä—É–±. –∑–∞ 1 –º 
–ü–æ–∫—É–ø–∞–π –≤—Å—ë –±—É–¥–µ—Ç —Å–∫–∏–¥–∫–∞)",-48332904,729363,vk,"{
  ""place"": ""–û–¥–∏–Ω—Ü–æ–≤–æ + –æ–∫—Ä–µ—Å—Ç–Ω–æ—Å—Ç–∏, –ú–æ—Å–∫–≤–∞"",
  ""bundles"": [
    {
      ""name"": ""–ö–∞–±–µ–ª—å –≤–∏—Ç–∞—è –ø–∞—Ä–∞ –º–∞—Ä–∫–∏ ITK F/UTP –∫–∞—Ç.5E 4x2x24AWG SOLID LSZH"",
      ""quantity"": ""67 –º"",
      ""price"": 3350,
      ""currency"": ""RUB""
    }
  ]
}"
"—Ö–æ–ª–æ–¥–∏–ª—å–Ω–∏–∫ –¥–ª—è —Ç—É—Å–æ–≤–æ—á–µ–∫/–º–∞—à–∏–Ω—ã ¬´tzs first austria¬ª

—Ä–∞–±–æ—Ç–∞–µ—Ç –æ—Ç —Ä–æ–∑–µ—Ç–∫–∏/–ø—Ä–∏–∫—É—Ä–∏–≤–∞—Ç–µ–ª—è –≤ –º–∞—à–∏–Ω–µ 

–¥–æ–ª–≥–æ –¥–µ—Ä–∂–∏—Ç —Ö–æ–ª–æ–¥ –±–µ–∑ –ø–æ–¥–∫–ª—é—á–µ–Ω–∏—è –∫ —Å–µ—Ç–∏ 

24 –ª–∏—Ç—Ä–∞

–∏—Å–ø–æ–ª—å–∑–æ–≤–∞–ª–∏ 1 —Ä–∞–∑ (–±—Ä–∞–ª–∏ —Å —Å–æ–±–æ–π –Ω–∞ –ø–ª—è–∂–∏–∫)

–∫–æ—Ä–æ–±–∫–∞ –∏–Ω—Å—Ç—Ä—É–∫—Ü–∏—è 

–±—Ä–∞–ª–∏ –∑–∞ 80‚Ç¨

–æ—Ç–¥–∞—ë–º –∑–∞ 40‚Ç¨

–ª–∏–º–∞—Å—Å–æ–ª —Ü–µ–Ω—Ç—Ä

—Ç–æ—Ä–≥",1121942433,375274,tg,"{
  ""place"": ""–ª–∏–º–∞—Å—Å–æ–ª —Ü–µ–Ω—Ç—Ä"",
  ""bundles"": [
    {
      ""name"": ""—Ö–æ–ª–æ–¥–∏–ª—å–Ω–∏–∫ –¥–ª—è —Ç—É—Å–æ–≤–æ—á–µ–∫/–º–∞—à–∏–Ω—ã ¬´tzs first austria¬ª"",
      ""quantity"": ""24 –ª–∏—Ç—Ä–∞"",
      ""price"": 40,
      ""currency"": ""EUR""
    }
  ]
}"
"–†–∞—Å–ø—Ä–æ–¥–∞–∂–∞
–¶–µ–Ω–∞: 1100—Ä
–¶–µ–Ω–∞ —É–ø 5√ó1000—Ä
–†–∞–∑–º–µ—Ä: 104-110-116- 122-128—Å–º
–¢–µ–º–ø–µ—Ä–∞—Ç—É—Ä–∞: -5 –≥—Ä–∞–¥—É—Å–æ–≤ 
–ê—Ä—Ç: 26-05
https://vk.com/club211867360",-206817857,67036,vk,"{
  ""place"": null,
  ""bundles"": [
    {
      ""name"": ""–†–∞—Å–ø—Ä–æ–¥–∞–∂–∞ –æ–¥–µ–∂–¥—ã –¥–ª—è –¥–µ—Ç–µ–π —Ä–∞–∑–º–µ—Ä—ã 104-128 —Å–º, —Ç–µ–º–ø–µ—Ä–∞—Ç—É—Ä–∞ -5 –≥—Ä–∞–¥—É—Å–æ–≤"",
      ""quantity"": ""5"",
      ""price"": 5000,
      ""currency"": ""RUB""
    }
  ]
}"
"1. –®–µ–ª–∫–æ–≤—ã–µ –±—Ä—é–∫–∏, –Ω–µ –Ω–æ—Å–∏–ª–∏ —Å–æ–≤—Å–µ–º, —Ç–æ–ª—å–∫–æ —ç—Ç–∏–∫–µ—Ç–∫–∏ –æ—Ç—Ä–µ–∑–∞–ª–∏, —Ä–∞–∑–º–µ—Ä 42-44., —Ü–µ–Ω–∞ 500 —Ä—É–±
2.–°–ø–æ—Ä—Ç–∏–≤–Ω—ã–µ –∂–µ–Ω—Å–∫–∏–µ –±—Ä—é–∫–∏, –Ω–µ –Ω–æ—Å–∏–ª–∏, —Ä–∞–∑–º–µ—Ä 42, —Ü–µ–Ω–∞ 300—Ä—É–±
3. –Ø—Ä–∫–∏–π —Ç–æ–ø, —Ä–∞–∑–º–µ—Ä 44, —Ü–µ–Ω–∞ 300—Ä—É–±,
4. –ë–∞–ª–µ—Ç–∫–∏ –∫–æ–∂–∞–Ω—ã–µ, —Ñ–∏—Ä–º–∞ –¢–µ—Ä–≤–æ–ª–∏–Ω–∞, –Ω–æ—Å–∏–ª–∏ —Å–æ–≤—Å–µ–º —á—É—Ç—å-—á—É—Ç—å, —Ç–æ–ª—å–∫–æ –≤ –ø–æ–º–µ—â–µ–Ω–∏–∏, —Ä–∞–∑–º–µ—Ä 37, –ø–æ—Ç–µ—Ä—è–ª–∞—Å—å 1 –±—É—Å–∏–Ω–∫–∞, —Ü–µ–Ω–∞ 500 —Ä—É–±.
5. –ë–æ—Å–æ–Ω–æ–∂–∫–∏ –∫–æ–∂–∞–Ω—ã–µ, –æ—á–µ–Ω—å —É–¥–æ–±–Ω—ã–µ, —Ä–∞–∑–º–µ—Ä 37, —Ü–µ–Ω–∞ 400 —Ä—É–±
6. –õ–æ—Ñ–µ—Ä—ã, –Ω–∞—Ç—É—Ä–∞–ª—å–Ω–∞—è –ª–∞–∫–æ–≤–∞—è –∫–æ–∂–∞,  —Ü–µ–Ω–∞ 500 —Ä—É–±
7. –†–∞–∑–¥–≤–∏–∂–Ω—ã–µ —Ä–æ–ª–∏–∫–∏, –ø–æ–∫—É–ø–∞–ª–∏—Å—å –≤ —Å–ø–æ—Ä—Ç–º–∞—Å—Ç–µ—Ä–µ, –∫–∞—á–µ—Å—Ç–≤–æ –æ—Ç–ª–∏—á–Ω–æ–µ, –≤ –∏—Å–ø–æ–ª—å–∑–æ–≤–∞–Ω–∏–∏ –±—ã–ª–∏ –æ—á–µ–Ω—å –º–∞–ª–æ, —Ä–∞–∑–º–µ—Ä —Å 31-34, –≤ –ø–æ–¥–∞—Ä–æ–∫ - –∑–∞—â–∏—Ç–∞ (–ª–æ–∫—Ç–∏, –∫–æ–ª–µ–Ω–∏), –≤ –º–∞–≥–∞–∑–∏–Ω–µ —Ü–µ–Ω–∞ –Ω–∞ –Ω–∏—Ö –æ—Ç 2600—Ä—É–±.
–ü–∏—à–∏—Ç–µ –≤ –ª–∏—á–∫—É, –ø–æ–∂–∞–ª—É–π—Å—Ç–∞.

#–ë–î_–æ–¥–µ–∂–¥–∞ #–ë–î_–æ–±—É–≤—å",-82544098,649476,vk,"{
  ""place"": ""–ü–∏—à–∏—Ç–µ –≤ –ª–∏—á–∫—É, –ø–æ–∂–∞–ª—É–π—Å—Ç–∞."",
  ""bundles"": [
    {
      ""name"": ""–®–µ–ª–∫–æ–≤—ã–µ –±—Ä—é–∫–∏"",
      ""quantity"": ""1"",
      ""price"": 500,
      ""currency"": ""RUB""
    },
    {
      ""name"": ""–°–ø–æ—Ä—Ç–∏–≤–Ω—ã–µ –∂–µ–Ω—Å–∫–∏–µ –±—Ä—é–∫–∏"",
      ""quantity"": ""1"",
      ""price"": 300,
      ""currency"": ""RUB""
    },
    {
      ""name"": ""–Ø—Ä–∫–∏–π —Ç–æ–ø"",
      ""quantity"": ""1"",
      ""price"": 300,
      ""currency"": ""RUB""
    },
    {
      ""name"": ""–ë–∞–ª–µ—Ç–∫–∏ –∫–æ–∂–∞–Ω—ã–µ —Ñ–∏—Ä–º—ã –¢–µ—Ä–≤–æ–ª–∏–Ω–∞"",
      ""quantity"": ""1"",
      ""price"": 500,
      ""currency"": ""RUB""
    },
    {
      ""name"": ""–ë–æ—Å–æ–Ω–æ–∂–∫–∏ –∫–æ–∂–∞–Ω—ã–µ"",
      ""quantity"": ""1"",
      ""price"": 400,
      ""currency"": ""RUB""
    },
    {
      ""name"": ""–õ–æ—Ñ–µ—Ä—ã –∏–∑ –Ω–∞—Ç—É—Ä–∞–ª—å–Ω–æ–π –ª–∞–∫–æ–≤–æ–π –∫–æ–∂–∏"",
      ""quantity"": ""1"",
      ""price"": 500,
      ""currency"": ""RUB""
    },
    {
      ""name"": ""–†–∞–∑–¥–≤–∏–∂–Ω—ã–µ —Ä–æ–ª–∏–∫–∏ —Å –∑–∞—â–∏—Ç–æ–π (–ª–æ–∫—Ç–∏, –∫–æ–ª–µ–Ω–∏)"",
      ""quantity"": ""1"",
      ""price"": 2600,
      ""currency"": ""RUB""
    }
  ]
}"
"—á–µ—Ö–æ–ª –¥–ª—è –∞–π—Ñ–æ–Ω–æ–≤—Å–∫–∏—Ö –Ω–∞—É—à–Ω–∏–∫–æ–≤ 1,2 –∑–∞ –≤–∫—É—Å–Ω—è—à–∫—É;) –ª–∏–º–∞—Å—Å–æ–ª",1121942433,427581,tg,"{
  ""place"": ""–ª–∏–º–∞—Å—Å–æ–ª"",
  ""bundles"": []
}"
"–ø—ã–ª–µ—Å–æ—Å, —Å–æ—Å—Ç–æ—è–Ω–∏–µ 9/10,  50 –µ–≤—Ä–æ. –ª–∏–º–∞—Å—Å–æ–ª",1121942433,658373,tg,"{
  ""place"": ""–ª–∏–º–∞—Å—Å–æ–ª"",
  ""bundles"": [
    {
      ""name"": ""–ø—ã–ª–µ—Å–æ—Å"",
      ""quantity"": ""1"",
      ""price"": 50,
      ""currency"": ""EUR""
    }
  ]
}"
"–ó–¥—Ä–∞–≤—Å—Ç–≤—É–π—Ç–µ! 
–ü–†–û–î–ê–Æ: 
–î–µ—Ç—Å–∫–∏–π —Å–ø–æ—Ä—Ç–∫–æ–º–ø–ª–µ–∫—Å, –≤—ã—Å. 2,35 - 3,20 + –¢—É—Ä–Ω–∏–∫ –¥–ª—è –î–°–ö —Å—ä–µ–º–Ω—ã–π, —Å—Ç–æ–∏–º–æ—Å—Ç—å: 4000 —Ä—É–±. 
–ü–∏—à–∏—Ç–µ –≤ –ª/—Å.

#–ë–î_–¥–µ—Ç—Å–∫–æ–µ",-82544098,633754,vk,"{
  ""place"": """",
  ""bundles"": [
    {
      ""name"": ""–î–µ—Ç—Å–∫–∏–π —Å–ø–æ—Ä—Ç–∫–æ–º–ø–ª–µ–∫—Å —Å —Å—ä–µ–º–Ω—ã–º —Ç—É—Ä–Ω–∏–∫–æ–º"",
      ""quantity"": ""1"",
      ""price"": 4000,
      ""currency"": ""RUB""
    }
  ]
}"
"#–ë–ù–ò_–ü—Ä–æ–¥–∞–º–ù–æ–≤–æ–µ_–°–∞–Ω–∫—Ç–ü–µ—Ç–µ—Ä–±—É—Ä–≥ 
#–ë–ù–ò_–ê–≤–∏—Ç–æ 
#–ë–ù–ò_–ë–æ–∫—Å–±–µ—Ä—Ä–∏ 
#–ë–ù–ò_–°–î–≠–ö 
#–ë–ù–ò_larrochar / #–ë–ù–ò_id88909

‚úÖ La Famiglia: The Great Mafia War - 9500 —Ä—É–±–ª–µ–π
–ù–æ–≤–∞—è –≤ –ø–ª—ë–Ω–∫–µ. –ü–µ—Ä–µ–æ—Ü–µ–Ω–∏–ª –≤–æ–∑–º–æ–∂–Ω–æ—Å—Ç–∏ –∏–≥—Ä–∞—Ç—å –≤ –Ω–µ—ë –≤ –¥—É—ç–ª—å–Ω–æ–º —Ä–µ–∂–∏–º–µ, –ø–æ–ª–Ω—ã–π —Å–æ—Å—Ç–∞–≤ –µ—â—ë –æ—á–µ–Ω—å –Ω–µ—Å–∫–æ—Ä–æ —Å–º–æ–≥—É —Å–æ–±—Ä–∞—Ç—å. –°—á–∏—Ç–∞—é –æ–¥–Ω–æ–π –∏–∑ –ª—É—á—à–∏—Ö –∏–≥—Ä, –ø–æ–±—ã–≤–∞–≤—à–∏—Ö –≤ –º–æ–∏—Ö —Ä—É–∫–∞—Ö.

‚úÖ Ahoy - 4000 —Ä—É–±–ª–µ–π
–ù–æ–≤–∞—è –≤ –ø–ª—ë–Ω–∫–µ. –í–∞—Ä–≥–µ–π–º. –ó–∞ —ç—Ç–æ –∫–∞—á–µ—Å—Ç–≤–æ –∏ –≤—ã–Ω—É–∂–¥–µ–Ω –ø—Ä–æ–¥–∞—Ç—å - –æ—Å–Ω–æ–≤–Ω–æ–π –æ–ø–ø–æ–Ω–µ–Ω—Ç, –∫–∞–∫ –≤—ã—è—Å–Ω–∏–ª–æ—Å—å, –Ω–µ –ª—é–±–∏—Ç ""–∑–ª—ã–µ"" –∏–≥—Ä—ã.

‚úÖ –û–±–µ—Ç + –¥–µ–ª—é–∫—Å-–∫–æ–º–ø–æ–Ω–µ–Ω—Ç—ã + –æ—Ä–∏–≥–∏–Ω–∞–ª—å–Ω—ã–µ –ø—Ä–æ—Ç–µ–∫—Ç–æ—Ä—ã - 12000 —Ä—É–±–ª–µ–π
–ù–æ–≤–∞—è –±–µ–∑ –ø–ª—ë–Ω–∫–∏. –ñ–µ—Ç–æ–Ω—ã –Ω–µ –≤—ã–¥–∞–≤–ª–µ–Ω—ã, –∫–∞—Ä—Ç—ã –Ω–µ —Ä–∞—Å–ø–µ—á–∞—Ç–∞–Ω—ã, –¥–µ–ª—é–∫—Å-–∫–æ–º–ø–æ–Ω–µ–Ω—Ç—ã –∏ –ø—Ä–æ—Ç–µ–∫—Ç–æ—Ä—ã –∑–∞–∫–∏–Ω—É–ª –ø–æ—Å–ª–µ –ø–æ–∫—É–ø–∫–∏ –≤ –∫–æ—Ä–æ–±–∫—É, —Ç–∞–∫ –æ–Ω–æ –∏ —Å—Ç–æ–∏—Ç. –ï—â—ë –æ–¥–Ω–∞ ""–∑–ª–∞—è"" –∏–≥—Ä–∞, –∫–æ—Ç–æ—Ä–∞—è —Å–º–æ–∂–µ—Ç –ø–æ–Ω—Ä–∞–≤–∏—Ç—Å—è –≤ —è—á–µ–π–∫–µ —Ç–æ–ª—å–∫–æ –º–Ω–µ. :)

–ê–≤–∏—Ç–æ: + 5% –∫ —Ü–µ–Ω–µ. –î–æ—Å—Ç–∞–≤–∫–∞ –∑–∞ —Å—á—ë—Ç –ø–æ–∫—É–ø–∞—Ç–µ–ª—è.",-114967596,591083,vk,"{
  ""place"": ""–°–∞–Ω–∫—Ç-–ü–µ—Ç–µ—Ä–±—É—Ä–≥"",
  ""bundles"": [
    {
      ""name"": ""La Famiglia: The Great Mafia War"",
      ""quantity"": ""1"",
      ""price"": 9500,
      ""currency"": ""RUB""
    },
    {
      ""name"": ""Ahoy"",
      ""quantity"": ""1"",
      ""price"": 4000,
      ""currency"": ""RUB""
    },
    {
      ""name"": ""–û–±–µ—Ç + –¥–µ–ª—é–∫—Å-–∫–æ–º–ø–æ–Ω–µ–Ω—Ç—ã + –æ—Ä–∏–≥–∏–Ω–∞–ª—å–Ω—ã–µ –ø—Ä–æ—Ç–µ–∫—Ç–æ—Ä—ã"",
      ""quantity"": ""1"",
      ""price"": 12000,
      ""currency"": ""RUB""
    }
  ]
}"
"–∫—Ä–æ—Å—Å–æ–≤–∫–∏ nike air force 1 react original . 41-41,5 —Ä–∞–∑–º–µ—Ä . —Å–æ—Å—Ç–æ—è–Ω–∏–µ –≤–∏–¥–Ω–æ –Ω–∞ —Ñ–æ—Ç–æ. 100 gel
–∑–∞–±–∏—Ä–∞—Ç—å —Å ‚ìúÔ∏è–∞—Ö–º–µ—Ç–µ–ª–∏ —Ç–µ–∞—Ç—Ä",1332882905,351588,tg,"{
  ""place"": ""‚ìúÔ∏è–∞—Ö–º–µ—Ç–µ–ª–∏ —Ç–µ–∞—Ç—Ä"",
  ""bundles"": [
    {
      ""name"": ""–∫—Ä–æ—Å—Å–æ–≤–∫–∏ nike air force 1 react original"",
      ""quantity"": ""1"",
      ""price"": 100,
      ""currency"": ""GEL""
    }
  ]
}"
"–ø—Ä–æ–¥–∞–º –æ–±—É–≤—å üëü

–∫—Ä–æ—Å—Å–æ–≤–∫–∏  reebok club c 85 shoes ‚Äî 100 –ª–∞—Ä–∏
- —Ä–∞–∑–º–µ—Ä 7.5 us / 40 eu / 25.5cm
- –±—É 2 –ª–µ—Ç–Ω–∏—Ö —Å–µ–∑–æ–Ω–∞
- –≤ —Ö–æ—Ä–æ—à–µ–º —Å–æ—Å—Ç–æ—è–Ω–∏–∏
- 100 –ª–∞—Ä–∏

–∫–µ–¥—ã  vans sk8-hi ‚Äî 180 –ª–∞—Ä–∏
- —Ä–∞–∑–º–µ—Ä 7.5 us / 40 eu / 25.5cm
- –±—É 3 –º–µ—Å—è—Ü–∞
- –≤ —Ö–æ—Ä–æ—à–µ–º —Å–æ—Å—Ç–æ—è–Ω–∏–∏
- 180 –ª–∞—Ä–∏",1332882905,773929,tg,"{
  ""place"": null,
  ""bundles"": [
    {
      ""name"": ""–∫—Ä–æ—Å—Å–æ–≤–∫–∏ Reebok Club C 85"",
      ""quantity"": ""1"",
      ""price"": 100,
      ""currency"": ""GEL""
    },
    {
      ""name"": ""–∫–µ–¥—ã Vans Sk8-Hi"",
      ""quantity"": ""1"",
      ""price"": 180,
      ""currency"": ""GEL""
    }
  ]
}"
"–î–∏–≤–∞–Ω —Ä–∞—Å–∫–ª–∞–¥–Ω–æ–π ¬´–ú–Ø–ì–ö–û–§–§¬ª 
8000 (–¥–æ–≥–æ–≤–æ—Ä–∏–º—Å—è) 
–ù–æ–≤—ã–π –±—ã–ª 35
–ó–µ–ª–µ–Ω–æ–≥—Ä–∞–¥, –±–ª–∏–∂–∞–π—à–∞—è —Å—Ç–∞–Ω—Ü–∏—è –ú.–•–æ–≤—Ä–∏–Ω–æ
—Å–∞–º–æ–≤—ã–≤–æ–∑ 
 –ó–∞ –¥–æ–ø.—Ñ–æ—Ç–æ –≤ –ª–∏—á–Ω—ã–µ —Å–æ–æ–±—â–µ–Ω–∏—è",-48332904,743692,vk,"{
  ""place"": ""–ó–µ–ª–µ–Ω–æ–≥—Ä–∞–¥, –±–ª–∏–∂–∞–π—à–∞—è —Å—Ç–∞–Ω—Ü–∏—è –ú.–•–æ–≤—Ä–∏–Ω–æ, —Å–∞–º–æ–≤—ã–≤–æ–∑"",
  ""bundles"": [
    {
      ""name"": ""–î–∏–≤–∞–Ω —Ä–∞—Å–∫–ª–∞–¥–Ω–æ–π ¬´–ú–Ø–ì–ö–û–§–§¬ª"",
      ""quantity"": ""1"",
      ""price"": 8000,
      ""currency"": ""RUB""
    }
  ]
}"
"–ü—Ä–æ–¥–∞—é –∑–∏–º–Ω—é—é –∫–æ–∂–∞–Ω—É—é –∫—É—Ä—Ç–∫—É —Å –º–µ—Ö–æ–º —á–µ—Ä–Ω–æ–±—É—Ä–∫–∏. –ò–º–µ–µ—Ç –ø—Ä–æ—Å—Ç–æ—Ä–Ω—ã–π, —Ç–µ–ø–ª—ã–π –∏ –ø—Ä–∏—è—Ç–Ω—ã–π –∫–∞–ø—é—à–æ–Ω —Å –º–µ—Ö–æ–º —á–µ—Ä–Ω–æ–±—É—Ä–∫–∏, –∫–æ—Ç–æ—Ä—ã–π –ø–æ–º–æ–∂–µ—Ç –≤–∞–º —Å–æ–≥—Ä–µ—Ç—å—Å—è –≤ –ª—é–±—É—é —Ö–æ–ª–æ–¥–Ω—É—é –ø–æ–≥–æ–¥—É. –¢–∞–∫–∂–µ, —É –Ω–µ–µ –º–æ–∂–Ω–æ –æ—Ç—Å—Ç–µ–≥–Ω—É—Ç—å —Ä—É–∫–∞–≤–∞ –∏ –ø–æ–ª—É—á–∏—Ç—Å—è –æ—Ç–ª–∏—á–Ω–∞—è –∏ —Å—Ç–∏–ª—å–Ω–∞—è –±–µ–∑—Ä—É–∫–∞–≤–∫–∞. –ù–æ—Å–∏–ª–∞ –æ–¥–∏–Ω —Ä–∞–∑ –≤ –≤–∏–¥–µ –±–µ–∑—Ä—É–∫–∞–≤–∫–∏. –ö—É—Ä—Ç–∫–∞ –≤ –æ—Ç–ª–∏—á–Ω–æ–º —Å–æ—Å—Ç–æ—è–Ω–∏–∏ 44 —Ä–∞–∑–º–µ—Ä–∞. –ü–æ–∫—É–ø–∞–ª–∞ –∑–∞ 35 000 —Ä—É–±–ª–µ–π. –ü—Ä–æ–¥–∞—é –∑–∞ 15 000 —Ä—É–±–ª–µ–π, —Ç–∞–∫ –∫–∞–∫ —Å—Ä–æ—á–Ω–æ –Ω—É–∂–Ω—ã –¥–µ–Ω—å–≥–∏. –°—Ç–∞–Ω–µ—Ç –æ—Ç–ª–∏—á–Ω—ã–º –ø–æ–¥–∞—Ä–∫–æ–º –∫–∞–∫ –¥–ª—è —Å–µ–±—è, —Ç–∞–∫ –∏ –¥–ª—è –±–ª–∏–∑–∫–∏—Ö^^
#–±–∞—Ä–∞—Ö–æ–ª–∫–∞ #–±–∞—Ä–∞—Ö–æ–ª–∫–∞@networksales #–ø—Ä–æ–¥–∞–º #–æ–±—ä—è–≤–ª–µ–Ω–∏—è #—Ç–æ–≤–∞—Ä—ã #—Å–ø–±",-1485,195437,vk,"{
  ""place"": ""–°–ü–±"",
  ""bundles"": [
    {
      ""name"": ""–ó–∏–º–Ω—è—è –∫–æ–∂–∞–Ω–∞—è –∫—É—Ä—Ç–∫–∞ —Å –º–µ—Ö–æ–º —á–µ—Ä–Ω–æ–±—É—Ä–∫–∏, 44 —Ä–∞–∑–º–µ—Ä"",
      ""quantity"": ""1"",
      ""price"": 15000,
      ""currency"": ""RUB""
    }
  ]
}"
"–º–µ—Ç–∞–ª–ª–∏—á–µ—Å–∫–∞—è –∫–ª–∞–¥–æ–≤–∫–∞ —Ä—É—á–Ω–æ–π —Ä–∞–±–æ—Ç—ã. 
–ø–∞—Ä–∞–º–µ—Ç—Ä—ã —É–∫–∞–∑–∞–Ω—ã –Ω–∞ —Ñ–æ—Ç–æ . 
—à–∏—Ä–∏–Ω–∞ 1.10 —Å–º. 
–≤ –ø–æ–¥–∞—Ä–æ–∫ –º–µ—Ç–∞–ª–ª–∏—á–µ—Å–∫–∞—è –ø–æ–ª–∫–∞ .  
—Ü–µ–Ω–∞ ‚Ç¨550.
–≥–æ—Ä–æ–¥ –ø–∞—Ñ–æ—Å, —Ç–∞–ª–∞.",1121942433,344308,tg,"{
  ""place"": ""–≥–æ—Ä–æ–¥ –ø–∞—Ñ–æ—Å, —Ç–∞–ª–∞"",
  ""bundles"": [
    {
      ""name"": ""–º–µ—Ç–∞–ª–ª–∏—á–µ—Å–∫–∞—è –∫–ª–∞–¥–æ–≤–∫–∞ —Ä—É—á–Ω–æ–π —Ä–∞–±–æ—Ç—ã —Å –º–µ—Ç–∞–ª–ª–∏—á–µ—Å–∫–æ–π –ø–æ–ª–∫–æ–π"",
      ""quantity"": ""1"",
      ""price"": 550,
      ""currency"": ""EUR""
    }
  ]
}"
"–∫–æ—Ä–æ–Ω–∞ –Ω–æ–≤–∞—è, —Ä—É—á–Ω–∞—è —Ä–∞–±–æ—Ç–∞. 
—Ü–µ–Ω–∞-20‚Ç¨
–ª–∏–º–∞—Å—Å–æ–ª",1121942433,200873,tg,"{
  ""place"": ""–ª–∏–º–∞—Å—Å–æ–ª"",
  ""bundles"": [
    {
      ""name"": ""–∫–æ—Ä–æ–Ω–∞ –Ω–æ–≤–∞—è, —Ä—É—á–Ω–∞—è —Ä–∞–±–æ—Ç–∞"",
      ""quantity"": ""1"",
      ""price"": 20,
      ""currency"": ""EUR""
    }
  ]
}"
"–¶–µ–Ω–∞ 300—Ä 
—Ä–∞—Å–ø—Ä–æ–¥–∞–∂–∞ 
–†–∞–∑–º–µ—Ä : 134-140-146-152-158 
–ë–µ–∑ –≤—ã–±–æ—Ä–∞ —Ü–≤–µ—Ç–∞
–ª–∏–Ω–∏—è 30 –ø–∞–≤–∏–ª—å–æ–Ω 14",-206817857,121072,vk,"{
  ""place"": ""–ª–∏–Ω–∏—è 30 –ø–∞–≤–∏–ª—å–æ–Ω 14""
}"
"–õ–æ—Å–∏–Ω—ã
–¶–µ–Ω–∞: 150—Ä—É–±
–†–∞—Å–ø—Ä–æ–¥–∞–∂–∞
–†–∞–∑–º–µ—Ä—ã: 40,42,44,46,48,50,52
–í—ã–±–æ—Ä —Ü–≤–µ—Ç–∞: –±–µ–∑ –≤—ã–±–æ—Ä–∞ —Ü–≤–µ—Ç–∞
–ú–∞—Ç–µ—Ä–∏–∞–ª: —Ç—Ä–∏–∫–æ—Ç–∞–∂, —Ö–ª–æ–ø–æ–∫
–¢—Ü –∫–æ—Ä–ø—É—Å –ê 1–ë-79–ê",-206817857,93518,vk,"{
  ""place"": ""–¢—Ü –∫–æ—Ä–ø—É—Å –ê 1–ë-79–ê"",
  ""bundles"": [
    {
      ""name"": ""–õ–æ—Å–∏–Ω—ã"",
      ""quantity"": ""1"",
      ""price"": 150,
      ""currency"": ""RUB""
    }
  ]
}"
"msi gs65 stealth –∏–≥—Ä–æ–≤–æ–π –Ω–æ—É—Ç.
i7 8750h
1070 max-q
16gb ram
256gb ssd + 1tb ssd samsung 870 evo
rgb –ø–æ–¥—Å–≤–µ—Ç–∫–∞
144hz —ç–∫—Ä–∞–Ω
thuderbolt3 

–±–µ–∑ –≤–º—è—Ç–∏–Ω –∏ —Ü–∞—Ä–∞–ø–∏–Ω (–º–µ—Ç–∞–ª–∏—á–µ—Å–∫–∏–π –∫–æ—Ä–ø—É—Å)

–æ—Ä–∏–≥–∏–Ω–∞–ª—å–Ω–∞—è –∑–∞—Ä—è–¥–∫–∞.

725 –µ–≤—Ä–æ",1121942433,258886,tg,"{
  ""place"": null,
  ""bundles"": [
    {
      ""name"": ""MSI GS65 Stealth –∏–≥—Ä–æ–≤–æ–π –Ω–æ—É—Ç–±—É–∫"",
      ""quantity"": ""1"",
      ""price"": 725,
      ""currency"": ""EUR""
    }
  ]
}"
"–ø—Ä–æ–¥–∞–º macbook pro 13 , 2018 touchbar , 500gb —Å —Ä—É—Å—Å–∫–æ–π —Ä–∞—Å–∫–ª–∞–¥–∫–æ–π 450 –µ–≤—Ä–æ",1121942433,658099,tg,"{
  ""place"": null,
  ""bundles"": [
    {
      ""name"": ""macbook pro 13, 2018 touchbar, 500gb —Å —Ä—É—Å—Å–∫–æ–π —Ä–∞—Å–∫–ª–∞–¥–∫–æ–π"",
      ""quantity"": ""1"",
      ""price"": 450,
      ""currency"": ""EUR""
    }
  ]
}"
"–†–∞—Å–ø—Ä–æ–¥–∞–∂–∞
–¶–µ–Ω–∞: 300—Ä
–¢–∫–∞–Ω—å: —Ö–ª–æ–ø–æ–∫
–†–∞–∑–º–µ—Ä: 48-50-52-54-56
–ë–µ–∑ –≤—ã–±–æ—Ä–∞ —Ü–≤–µ—Ç–∞
–ê—Ä—Ç: 28-88",-203393330,135848,vk,"{
  ""bundles"": [
    {
      ""name"": ""–¢–∫–∞–Ω—å —Ö–ª–æ–ø–æ–∫"",
      ""quantity"": ""1"",
      ""price"": 300,
      ""currency"": ""RUB""
    }
  ]
}"
"–∫–∞–∂–¥–∞—è –≤–µ—â—å –ø–æ 50 –ª–∞—Ä–∏
–≤—Å–µ –Ω–æ–≤–æ–µ",1332882905,746079,tg,{}
"–†–∞—Å–ø—Ä–æ–¥–∞–∂–∞
–¶–µ–Ω–∞: 350—Ä
–¢–∫–∞–Ω—å: –º–∞—Å–ª–æ
–†–∞–∑–º–µ—Ä:  50.52.54.56.58 –≤ —Ä–∞–∑–º–µ—Ä 
–ë–µ–∑ –≤—ã–±–æ—Ä–∞ —Ü–≤–µ—Ç–∞
–ê—Ä—Ç: 2-2-03 –∫–æ—Ä–ø—É—Å –ê
https://vk.com/club175574421",-203393330,114294,vk,"{
  ""place"": ""–ê—Ä—Ç: 2-2-03 –∫–æ—Ä–ø—É—Å –ê"",
  ""bundles"": [
    {
      ""name"": ""–¢–∫–∞–Ω—å –º–∞—Å–ª–æ"",
      ""price"": 350,
      ""currency"": ""RUB""
    }
  ]
}"
"–ø—Ä–æ–¥–∞—é—Ç—Å—è –≤ —Å–≤—è–∑–∏ —Å –ø–µ—Ä–µ–µ–∑–¥–æ–º –∫–æ—Ä–∑–∏–Ω—ã –ø–ª–∞—Å—Ç–º–∞—Å—Å–æ–≤—ã–µ 23—Ö12—Ö15 —Å–º, 3 —à—Ç,–¥–≤–µ —Å–≤–µ—Ç–ª–æ-–∫—Ä–µ–º–æ–≤—ã–µ, 1 —Å–µ—Ä–∞—è. –ø–æ–∫—É–ø–∞–ª–∏—Å—å –≤ domino. –≤ –æ—Ç–ª–∏—á–Ω–æ–º —Å–æ—Å—Ç–æ—è–Ω–∏–∏. 20 –ª–∞—Ä–∏ –∑–∞ 3 —à—Ç.
–∫–æ—Ä–∑–∏–Ω–∞ –¥–ª—è –±–µ–ª—å—è —Å –∫—Ä—ã—à–∫–æ–π. 15 –ª–∞—Ä–∏.
30 –ª–∞—Ä–∏ –∑–∞ –∫–æ–º–ø–ª–µ–∫—Ç",1332882905,810949,tg,"{
  ""place"": null,
  ""bundles"": [
    {
      ""name"": ""–ø–ª–∞—Å—Ç–º–∞—Å—Å–æ–≤—ã–µ –∫–æ—Ä–∑–∏–Ω—ã 23—Ö12—Ö15 —Å–º"",
      ""quantity"": ""3 —à—Ç"",
      ""price"": 20,
      ""currency"": ""–ª–∞—Ä–∏""
    },
    {
      ""name"": ""–∫–æ—Ä–∑–∏–Ω–∞ –¥–ª—è –±–µ–ª—å—è —Å –∫—Ä—ã—à–∫–æ–π"",
      ""quantity"": ""1"",
      ""price"": 15,
      ""currency"": ""–ª–∞—Ä–∏""
    }
  ]
}"
"–ø—Ä–æ–¥–∞–µ—Ç—Å—è –º–∏–Ω–∏-–ø—ã–ª–µ—Å–æ—Å mi vacuum cleaner mini xiaomi, 55–ª",1332882905,361752,tg,"{
  ""place"": null,
  ""bundles"": []
}"
"–¶–µ–Ω–∞ 450—Ä
—Ä–∞—Å–ø—Ä–æ–¥–∞–∂–∞ 
–¢–∫–∞–Ω—å —Ö–ª–æ–ø–æ–∫ 
–†–∞–∑–º–µ—Ä 54 56  58 60 62 64 66 
—Ç—Ü –∫–æ—Ä–ø—É—Å –ê 1–ê-84",-206817857,114867,vk,"{
  ""place"": ""—Ç—Ü –∫–æ—Ä–ø—É—Å –ê 1–ê-84"",
  ""bundles"": [
    {
      ""name"": ""–¢–∫–∞–Ω—å —Ö–ª–æ–ø–æ–∫"",
      ""price"": 450,
      ""currency"": ""RUB""
    }
  ]
}"
"–ö–æ–º–ø–ª–µ–∫—Ç –ª–∏—Ç—ã—Ö –¥–∏—Å–∫–æ–≤ r15 4x100 kia/hyundai –≤–º–µ—Å—Ç–µ —Å —Ä–µ–∑–∏–Ω–æ–π. –°—Ç–æ—è–ª–∏ –Ω–∞ kia rio 3 –ø–æ–∫–æ–ª–µ–Ω–∏—è. –ë–µ–∑ —Å–≤–∞—Ä–æ–∫ –∏ –ø—Ä–æ—á–µ–≥–æ —Ä–µ–º–æ–Ω—Ç–∞. –†–µ–∑–∏–Ω–∞ –±–µ–∑ –ø–æ—Ä–µ–∑–æ–≤ –∏ –≥—Ä—ã–∂, –Ω–∞ 2 —Å–µ–∑–æ–Ω–∞ —Ç–æ—á–Ω–æ —Ö–≤–∞—Ç–∏—Ç. –í –ø–æ–¥–∞—Ä–æ–∫ –≥–∞–π–∫–∏ –∏ –±–∞–ª–æ–Ω–Ω–∏–∫. –¶–µ–Ω–∞ 18000.",-48332904,718025,vk,"{
  ""place"": null,
  ""bundles"": [
    {
      ""name"": ""–ö–æ–º–ø–ª–µ–∫—Ç –ª–∏—Ç—ã—Ö –¥–∏—Å–∫–æ–≤ r15 4x100 kia/hyundai —Å —Ä–µ–∑–∏–Ω–æ–π"",
      ""quantity"": ""1"",
      ""price"": 18000,
      ""currency"": ""RUB""
    }
  ]
}"
"–°–∞–Ω–∫—Ç-–ü–µ—Ç–µ—Ä–±—É—Ä–≥
–ß–∞—Å—ã Casio 593 A163W
1000—Ä
–ú–æ–¥–µ–ª—å: 593 A163W;
–°–æ—Å—Ç–æ—è–Ω–∏–µ: –ø–æ—á—Ç–∏ –Ω–æ–≤–æ–µ;
–§—É–Ω–∫—Ü–∏–∏: –±—É–¥–∏–ª—å–Ω–∏–∫, —Ö—Ä–æ–Ω–æ–≥—Ä–∞—Ñ;
12—á/24—á —Ä–µ–∂–∏–º;
–§—É–Ω–∫—Ü–∏—è –¥–Ω—è –∏ –¥–∞—Ç—ã;
–í–æ–¥–æ—Å—Ç–æ–π–∫–∏–µ;
–ó–∞–¥–Ω—è—è —á–∞—Å—Ç—å —Å–¥–µ–ª–∞–Ω–∞ –∏–∑ –Ω–µ—Ä–∂–∞–≤–µ—é—â–µ–π —Å—Ç–∞–ª–∏.
#–±–∞—Ä–∞—Ö–æ–ª–∫–∞ #–±–∞—Ä–∞—Ö–æ–ª–∫–∞@networksales #–ø—Ä–æ–¥–∞–º #–æ–±—ä—è–≤–ª–µ–Ω–∏—è #—Ç–æ–≤–∞—Ä—ã #—Å–ø–±",-1485,199723,vk,"{
  ""place"": ""–°–∞–Ω–∫—Ç-–ü–µ—Ç–µ—Ä–±—É—Ä–≥"",
  ""bundles"": [
    {
      ""name"": ""–ß–∞—Å—ã Casio 593 A163W"",
      ""quantity"": ""1"",
      ""price"": 1000,
      ""currency"": ""RUB""
    }
  ]
}"
"–Ω–æ–≤–∞—è –¥—É—Ö–æ–≤–∫–∞ —Å –∫–æ—Ñ–µ–≤–∞—Ä–∫–æ–π 3 –≤ 1 . —Ä–∞–∑–º–µ—Ä 50—Ö25 . –∂–∞—Ä–∫–æ–µ,–≤—ã–ø–µ—á–∫–∞ ,–≥—Ä–∏–ª–∏ –∂–∞—Ä–∫–∏, –º–æ—â–Ω–æ—Å—Ç—å 1050 –≤—Ç-1250–≤—Ç. –µ–º–∫–æ—Å—Ç—å –¥—É—Ö–æ–≤–∫–∏ 9–ª. –µ–º–∫–æ—Å—Ç—å –∫–æ—Ñ–µ–≤–∞—Ä–∫–∏ 6 —á–∞—à–µ–∫. –∫–æ–Ω—Ç—Ä–æ–ª—å —Ç–µ–º–ø–µ—Ä–∞—Ç—É—Ä—ã –¥–æ 230 –≥—Ä–∞–¥—É—Å–æ–≤. 30 —Ç–∏ –º–∏–Ω—É—Ç–Ω—ã–π —Ç–∞–π–º–µ—Ä —Å –∑–≤–æ–Ω–∫–æ–º. –∏–Ω–¥–∏–∫–∞—Ç–æ—Ä. 
75 –µ–≤—Ä–æ –±–µ—Å–ø–ª–∞—Ç–Ω–∞—è –¥–æ—Å—Ç–∞–≤–∫–∞ –ø–æ –∫–∏–ø—Ä—É.–ª–∏–º–∞—Å—Å–æ–ª",1121942433,696517,tg,"{
  ""place"": ""–õ–∏–º–∞—Å—Å–æ–ª, –±–µ—Å–ø–ª–∞—Ç–Ω–∞—è –¥–æ—Å—Ç–∞–≤–∫–∞ –ø–æ –ö–∏–ø—Ä—É"",
  ""bundles"": [
    {
      ""name"": ""–ù–æ–≤–∞—è –¥—É—Ö–æ–≤–∫–∞ —Å –∫–æ—Ñ–µ–≤–∞—Ä–∫–æ–π 3 –≤ 1"",
      ""quantity"": ""1"",
      ""price"": 75,
      ""currency"": ""EUR""
    }
  ]
}"
"–î–ê–†–û–ú:
1. –ö—É—Ä—Ç–∫–∞ –∑–∏–º–Ω—è—è –∂–µ–Ω—Å–∫–∞—è, –ø—É—Ö-–ø–µ—Ä–æ, –º–µ—Ö –Ω–∞ –∫–∞–ø—é—à–æ–Ω–µ –Ω–∞—Å—Ç–æ—è—â–∏–π, 44 —Ä
2. –ü–∞–ª—å—Ç–æ –≤–µ—Å–µ–Ω–Ω–µ–µ –æ—Ä–∞–Ω–∂–µ–≤–æ–µ –∂–µ–Ω—Å–∫–æ–µ( –º–æ–∂–Ω–æ –Ω–∞ –¥–µ–≤–æ—á–∫—É) 42 —Ä 
3. –ü–∞–ª—å—Ç–æ –≤–µ—Å–µ–Ω–Ω–µ–µ –∂–µ–Ω—Å–∫–æ–µ –¥–≤—É—Ü–≤–µ—Ç–Ω–æ–µ, 44 —Ä
4. –ñ–∏–ª–µ—Ç –∂–µ–Ω—Å–∫–∏–π —Ä–æ–∑–æ–≤—ã–π ( –º–æ–∂–Ω–æ –¥–µ–≤–æ—á–∫–µ) 40-42 —Ä
5. 3 –∫–æ—Ñ—Ç—ã –∏ –ø–ª–∞—Ç—å–µ 44 —Ä 
6. 3 —à–æ—Ä—Ç –∏ —é–±–∫–∞ 42-44 —Ä
7. –ü–ª–∞—Ç—å–µ –æ—Ä–∞–Ω–∂–µ–≤–æ–µ 44 —Ä 
8. –ë–ª—É–∑–∞ —á–µ—Ä–Ω–∞—è 42 —Ä 
9. –ö—Ä–æ—Å—Å–æ–≤–∫–∏ –Ω–∞ –¥–µ–≤–æ—á–∫—É 21 ( –º–∞–ª–æ–º–µ—Ä–∫–∏)
10. –û–±—É–≤—å –Ω–∞ –¥–µ–≤–æ—á–∫—É, –±–µ–ª—ã–µ —á–µ—à–∫–∏ 24, –æ—Å—Ç–∞–ª—å–Ω–æ–µ –≤—Å–µ –Ω–∞ 25

#–ë–î_–æ–¥–µ–∂–¥–∞ #–ë–î_–¥–µ—Ç—Å–∫–æ–µ #–ë–î_–æ–±—É–≤—å",-82544098,640751,vk,"{
  ""place"": ""–î–ê–†–û–ú"",
  ""bundles"": []
}"
"–ø—Ä–æ–¥–∞–º –≤–æ—Ç —Ç–∞–∫–æ–π —Å–º–∞—Ä—Ç—Ñ–æ–Ω —Å–∏–Ω–µ–≥–æ —Ü–≤–µ—Ç–∞ , –∫—É–ø–ª–µ—Ç 31 –º–∞—Ä—Ç–∞ –∑–∞ 150 –µ–≤—Ä–æ, –ø—Ä–æ–¥–∞–º –∑–∞ 100 –µ–≤—Ä–æ. —Ö–æ—Ä–æ—à–µ–µ —Å–æ—Å—Ç–æ—è–Ω–∏–µ. —Ö–æ—Ä–æ—à–æ —Ä–∞–±–æ—Ç–∞–µ—Ç. –ª–∏–º–∞—Å–æ–ª. –Ω–µ–∞–ø–æ–ª–∏—Å",1121942433,331521,tg,"{
  ""place"": ""–ª–∏–º–∞—Å–æ–ª. –Ω–µ–∞–ø–æ–ª–∏—Å"",
  ""bundles"": [
    {
      ""name"": ""—Å–º–∞—Ä—Ç—Ñ–æ–Ω —Å–∏–Ω–µ–≥–æ —Ü–≤–µ—Ç–∞"",
      ""quantity"": ""1"",
      ""price"": 100,
      ""currency"": ""EUR""
    }
  ]
}"
"–ü—Ä–∏–≤–µ—Ç—Å—Ç–≤—É—é! –°–µ–≥–æ–¥–Ω—è, –ø—Ä–∏–º–µ—Ä–Ω–æ –≤ 22:00 —á–∞—Å–∞, –±—ã–ª –Ω–∞–π–¥–µ–Ω –Ω–∞—É—à–Ω–∏–∫ airpods 3 –ø–æ–∫–æ–ª–µ–Ω–∏—è. –ü—Ä–æ–∏–∑–æ—à–ª–æ —ç—Ç–æ –Ω–∞ –æ—Å—Ç–∞–Ω–æ–≤–∫–µ –º–µ—Ç—Ä–æ –ë–∞—Ä—Ä–∏–∫–∞–¥–Ω–∞—è. –í–µ—Ä–Ω—É –≤–ª–∞–¥–µ–ª—å—Ü—É, –ø—Ä–æ–≤–µ—Ä—è—Ç—å –±—É–¥–µ–º –≤–º–µ—Å—Ç–µ –ø–æ —Å–µ—Ä–∏–π–Ω–æ–º—É –Ω–æ–º–µ—Ä—É. –ü–∏—à–∏—Ç–µ –≤ –õ–°",-48332904,717382,vk,"{
  ""place"": ""–æ—Å—Ç–∞–Ω–æ–≤–∫–∞ –º–µ—Ç—Ä–æ –ë–∞—Ä—Ä–∏–∫–∞–¥–Ω–∞—è"",
  ""bundles"": []
}"
"–¶–ï–ù–ê: 11000‚ÇΩ. –ù–æ—É—Ç–±—É–∫ –æ—Ç –∫–æ–º–ø–∞–Ω–∏–∏ HP (15-ay511ur). –°–æ—Å—Ç–æ—è–Ω–∏–µ –Ω–æ–≤–æ–≥–æ. –ê–∫–∫—É–º—É–ª—è—Ç–æ—Ä –∑–∞—Ä—è–¥ –¥–µ—Ä–∂–∏—Ç. –ê–±—Å–æ–ª—é—Ç–Ω–æ –±–µ—Å—à—É–º–Ω—ã–π. ===================== - –ü—Ä–æ—Ü–µ—Å—Å–æ—Ä Intel Pentium QuadCore N3710 (4 —è–¥—Ä–∞ - 4 –ø–æ—Ç–æ–∫–∞, —Å—Ç–æ–∫–æ–≤–∞—è —á–∞—Å—Ç–æ—Ç–∞ - 1.6–ì–≥—Ü, –≤ –±—É—Å—Ç–µ - 2.56–ì–≥—Ü). - –û–ø–µ—Ä–∞—Ç–∏–≤–Ω–∞—è –ø–∞–º—è—Ç—å: 4–≥–± DDR3L 1600mhz. - SSD 240–≥–±. - –≠–∫—Ä–∞–Ω 15.6 (1366—Ö768). –Ø—Ä–∫–∏–π –∏ –Ω–∞—Å—ã—â–µ–Ω–Ω—ã–π. - –í–∏–¥–µ–æ–∞–¥–∞–ø—Ç–µ—Ä: Intel HD Graphics (1–ì–±). - –ü—Ä–µ–∫—Ä–∞—Å–Ω—ã–π –∑–≤—É–∫ DTS Audio. ===================== –ò–∑ –Ω–µ–¥–æ—Å—Ç–∞—Ç–∫–æ–≤, —Ç–æ–ª—å–∫–æ –º–∏–∫—Ä–æ —Ç—Ä–µ—â–∏–Ω–∫–∞ –Ω–∞ –∫—Ä—ã—à–∫–µ –º–∞—Ç—Ä–∏—Ü—ã, –µ–ª–µ –∑–∞–º–µ—Ç–Ω–∞—è, –Ω–µ –∫—Ä–∏—Ç–∏—á–Ω–æ –æ—Ç —Å–ª–æ–≤–∞ —Å–æ–≤—Å–µ–º, –Ω–æ –æ–Ω–∞ –µ—Å—Ç—å) (–Ω–∞ —Ñ–æ—Ç–æ –æ–±–≤—ë–ª). ===================== –õ—é–±—ã–µ –≤–æ–ø—Ä–æ—Å—ã –∏ –ø—Ä–æ–≤–µ—Ä–∫–∏. –ü–∏—à–∏—Ç–µ. –¢–µ—Ä—Ä–∏—Ç–æ—Ä–∏–∞–ª—å–Ω–æ –º–µ—Ç—Ä–æ –ö–æ–º–µ–Ω–¥–∞–Ω—Ç—Å–∫–∏–π –ø—Ä–æ—Å–ø–µ–∫—Ç, —É–ª. –ü–õ–ê–ù–ï–†–ù–ê–Ø 67 –ö4.
#–±–∞—Ä–∞—Ö–æ–ª–∫–∞ #–±–∞—Ä–∞—Ö–æ–ª–∫–∞@networksales #–ø—Ä–æ–¥–∞–º #–æ–±—ä—è–≤–ª–µ–Ω–∏—è #—Ç–æ–≤–∞—Ä—ã #—Å–ø–±",-1485,203852,vk,"{
  ""place"": ""–º–µ—Ç—Ä–æ –ö–æ–º–µ–Ω–¥–∞–Ω—Ç—Å–∫–∏–π –ø—Ä–æ—Å–ø–µ–∫—Ç, —É–ª. –ü–õ–ê–ù–ï–†–ù–ê–Ø 67 –ö4"",
  ""bundles"": [
    {
      ""name"": ""–ù–æ—É—Ç–±—É–∫ HP 15-ay511ur"",
      ""quantity"": ""1"",
      ""price"": 11000,
      ""currency"": ""RUB""
    }
  ]
}"
"—Å–≤–∏—Ç–µ—Ä befree - 25 gel
—Ä–∞–∑–º–µ—Ä s
—Ü–≤–µ—Ç –∑–µ–ª–µ–Ω–æ-—Å–∏–Ω–∏–π, –∫—Ä—É–ø–Ω–∞—è –≤—è–∑–∫–∞, —É–¥–ª–∏–Ω–µ–Ω–Ω–∞—è —Å–ø–∏–Ω–∫–∞
–∑–∞–±–∏—Ä–∞—Ç—å –º –º–µ–¥—É–Ω–∏–≤–µ—Ä—Å–∏—Ç–µ—Ç, —É–ª. –∞.—Ü–∞–≥–∞—Ä–µ–ª–∏
–±–æ–ª—å—à–µ –ø—Ä–µ–¥–ª–æ–∂–µ–Ω–∏–π –ø–æ —Å—Å—ã–ª–∫–µ –≤ –ø—Ä–æ—Ñ–∏–ª–µ",1332882905,705101,tg,"{
  ""place"": ""–º –º–µ–¥—É–Ω–∏–≤–µ—Ä—Å–∏—Ç–µ—Ç, —É–ª. –∞.—Ü–∞–≥–∞—Ä–µ–ª–∏"",
  ""bundles"": [
    {
      ""name"": ""—Å–≤–∏—Ç–µ—Ä befree"",
      ""quantity"": ""1"",
      ""price"": 25,
      ""currency"": ""GEL""
    }
  ]
}"
"–ø—Ä–æ–¥–∞–º 2 —Ç—É–º–±–æ—á–∫–∏ –∏–∫–µ—è –Ω–∞ –∫–æ–ª–µ—Å–∏–∫–∞—Ö, —Å –∫–æ—Ä–∑–∏–Ω–∞–º–∏ —Ä—É—á–Ω–æ–π —Ä–∞–±–æ—Ç—ã. —Å–æ—Å—Ç–æ—è–Ω–∏–µ –Ω–æ–≤—ã—Ö. 
–±—Ä–∞–ª–∏ –∑–∞ 144 –µ–≤—Ä–æ, –æ—Ç–¥–∞–µ–º –∑–∞ 65 –µ–≤—Ä–æ 
–ª–∏–º–∞—Å—Å–æ–ª
–±—Ä–æ–Ω—å –¥–æ –≤—ã—Ö–æ–¥–Ω—ã—Ö",1121942433,678558,tg,"{
  ""place"": ""–ª–∏–º–∞—Å—Å–æ–ª"",
  ""bundles"": [
    {
      ""name"": ""—Ç—É–º–±–æ—á–∫–∏ –∏–∫–µ—è –Ω–∞ –∫–æ–ª–µ—Å–∏–∫–∞—Ö —Å –∫–æ—Ä–∑–∏–Ω–∞–º–∏ —Ä—É—á–Ω–æ–π —Ä–∞–±–æ—Ç—ã"",
      ""quantity"": ""2"",
      ""price"": 65,
      ""currency"": ""EUR""
    }
  ]
}"
"mi smart projector 2 pro
–≤ –∏–¥–µ–∞–ª—å–Ω–æ–º —Å–æ—Å—Ç–æ—è–Ω–∏–∏, –Ω–∞—Å—ã—â–µ–Ω–Ω–∞—è —Ü–≤–µ—Ç–æ–≤–∞—è –≥–∞–º–º–∞,
—Ñ–æ–∫—É—Å —Å –∏–∑–º–µ–Ω–µ–Ω–∏–µ–º –∫–æ–Ω—Ç—É—Ä–æ–≤ –Ω–∞ —Å—Ç–µ–Ω–µ –ø–æ–¥ –ª—é–±—ã–º —É–≥–ª–æ–º. 1080 fhd.
—Ü–µ–Ω–∞ 650‚Ç¨",1121942433,377865,tg,"{
  ""place"": null,
  ""bundles"": [
    {
      ""name"": ""mi smart projector 2 pro"",
      ""quantity"": ""1"",
      ""price"": 650,
      ""currency"": ""EUR""
    }
  ]
}"
–ø—Ä–æ–¥–∞–º –∏–≥—Ä—É –¥–ª—è nintendo switch pokemon shield —Å–æ —Å—Ç–∏–ª–±—É–∫–æ–º –∑–∞ 45‚Ç¨. –ª–∏–º–∞—Å—Å–æ–ª,1121942433,615641,tg,"{
  ""place"": ""–ª–∏–º–∞—Å—Å–æ–ª"",
  ""bundles"": [
    {
      ""name"": ""–∏–≥—Ä–∞ –¥–ª—è nintendo switch pokemon shield —Å–æ —Å—Ç–∏–ª–±—É–∫–æ–º"",
      ""quantity"": ""1"",
      ""price"": 45,
      ""currency"": ""EUR""
    }
  ]
}"
apple iwatch series 3 –±–µ–∑ —Ü–∞—Ä–∞–ø–∏–Ω - –ª–∏–º–∞—Å—Å–æ–ª 100‚Ç¨,1121942433,657517,tg,"{
  ""place"": ""–ª–∏–º–∞—Å—Å–æ–ª"",
  ""bundles"": [
    {
      ""name"": ""apple iwatch series 3 –±–µ–∑ —Ü–∞—Ä–∞–ø–∏–Ω"",
      ""quantity"": ""1"",
      ""price"": 100,
      ""currency"": ""EUR""
    }
  ]
}"
"–†–∞—Å–ø—Ä–æ–¥–∞–∂–∞
–ù–∞–±–æ—Ä –∏–∑ –¥–≤—É—Ö –ø–æ–ª–æ—Ç–µ–Ω–µ—Ü –∏–∑ –º–∏–∫—Ä–æ—Ñ–∏–±—Ä—ã. 
–¶–µ–Ω–∞: 200—Ä
–†–∞–∑–º–µ—Ä –±–∞–Ω—è: 70*140 —Å–º. 
–†–∞–∑–º–µ—Ä –º–∏–Ω–∏-–ª–∏—Ü–æ: 35*75 —Å–º 
–°–æ—Å—Ç–∞–≤: 100% –ú–∏–∫—Ä–æ—Ñ–∏–±—Ä–∞.. 
–ú–∞—Ç–µ—Ä–∏–∞–ª: –ú–∏–∫—Ä–æ—Ñ–∏–±—Ä–∞. 
–ê—Ä—Ç: 2–í-38 –∫–æ—Ä–ø—É—Å –ë",-203393330,95114,vk,"{
  ""place"": ""2–í-38 –∫–æ—Ä–ø—É—Å –ë"",
  ""bundles"": [
    {
      ""name"": ""–ù–∞–±–æ—Ä –∏–∑ –¥–≤—É—Ö –ø–æ–ª–æ—Ç–µ–Ω–µ—Ü –∏–∑ –º–∏–∫—Ä–æ—Ñ–∏–±—Ä—ã"",
      ""quantity"": ""2"",
      ""price"": 200,
      ""currency"": ""RUB""
    }
  ]
}"
"–†–∞—Å–ø—Ä–æ–¥–∞–∂–∞
–¶–µ–Ω–∞' 350—Ä 
–¢–∫–∞–Ω—å –õ–∞–π—Ç 
–†–∞–∑–º–µ—Ä—ã 50 52 54 56
–ë–µ–∑ –≤—ã–±–æ—Ä–∞ —Ü–≤–µ—Ç–∞
–ê—Ä—Ç: 24-89
https://vk.com/biloliddin2270",-203393330,124502,vk,"{
  ""place"": ""https://vk.com/biloliddin2270"",
  ""bundles"": [
    {
      ""name"": ""–¢–∫–∞–Ω—å –õ–∞–π—Ç, –ê—Ä—Ç: 24-89"",
      ""quantity"": ""1"",
      ""price"": 350,
      ""currency"": ""RUB""
    }
  ]
}"
"–ì–æ—Ä—à–æ–∫ –∫–µ—Ä–∞–º–∏—á–µ—Å–∫–∏–π –±/—É 37 —Å–º –≤ –¥–∏–∞–º–µ—Ç—Ä–µ. –ë–µ–∑ —Å–∫–æ–ª–æ–≤, –≤ –æ—Ç–ª–∏—á–Ω–æ–º —Å–æ—Å—Ç–æ—è–Ω–∏–∏. 
–¶–µ–Ω–∞: 1500—Ä. –¢–∞–∫–æ–π –≥–æ—Ä—à–æ–∫ –≤ –∫—Ä–∞—Å–Ω–æ–π –Ω–∏–≤–µ —Å—Ç–æ–∏—Ç 2800—Ä. 
–í—Å—Ç—Ä–µ—á–∞ –≤ –î–æ–ª–≥–æ–ø—Ä—É–¥–Ω–æ–º. –ú–æ–≥—É –ø–æ–¥–Ω–µ—Å—Ç–∏ –∫ –æ–±—â–∞–≥–∞–º.",-177461486,51179,vk,"{
  ""place"": ""–î–æ–ª–≥–æ–ø—Ä—É–¥–Ω—ã–π"",
  ""bundles"": [
    {
      ""name"": ""–ì–æ—Ä—à–æ–∫ –∫–µ—Ä–∞–º–∏—á–µ—Å–∫–∏–π –±/—É 37 —Å–º"",
      ""quantity"": ""1"",
      ""price"": 1500,
      ""currency"": ""RUB""
    }
  ]
}"
"–¢—Ä—É—Å—ã
–¶–µ–Ω–∞ 3—à—Ç 600—Ä—É–±
–¶–µ–Ω–∞ 6—à—Ç 900—Ä—É–±
–†–∞—Å–ø—Ä–æ–¥–∞–∂–∞ 
–†–∞–∑–º–µ—Ä:52-54-56-58-60
–¢—Ü –∫–æ—Ä–ø—É—Å –ê 2–ê-18/1—É
https://vk.com/id621058414",-206817857,109983,vk,"{
  ""place"": ""–¢—Ü –∫–æ—Ä–ø—É—Å –ê 2–ê-18/1—É"",
  ""bundles"": [
    {
      ""name"": ""–¢—Ä—É—Å—ã"",
      ""quantity"": ""3 —à—Ç"",
      ""price"": 600,
      ""currency"": ""RUB""
    },
    {
      ""name"": ""–¢—Ä—É—Å—ã"",
      ""quantity"": ""6 —à—Ç"",
      ""price"": 900,
      ""currency"": ""RUB""
    }
  ]
}"
"–ù–æ–≤–∏–Ω–∫–∏ 2023–≥
–ö–æ—Å—Ç—é–º—ã –¥–≤–æ–π–∫–∏ –¥–ª—è —Ç—Ä–µ–Ω–∏—Ä–æ–≤–æ–∫
–ö–∞—á–µ—Å—Ç–≤–æ –æ—á–µ–Ω—å —Ö–æ—Ä–æ—à–∞—è 
–†–∞–∑–º–µ—Ä 42 44 46 48 50 52
–¶–µ–Ω–∞ 499‚ÇΩ
–ü–æ–¥—Ä–æ–±–Ω–µ–µ –Ω–∞ https://vk.com/wall488363770_20217",-192083416,12426,vk,"{
  ""place"": null,
  ""bundles"": [
    {
      ""name"": ""–ö–æ—Å—Ç—é–º—ã –¥–≤–æ–π–∫–∏ –¥–ª—è —Ç—Ä–µ–Ω–∏—Ä–æ–≤–æ–∫"",
      ""quantity"": ""1"",
      ""price"": 499,
      ""currency"": ""RUB""
    }
  ]
}"
"–ü–∞—Ä–∫–∞ nike 
–í –æ—Ç–ª–∏—á–Ω–æ–º —Å–æ—Å—Ç–æ—è–Ω–∏–∏
–†–∞–∑–º–µ—Ä L
–û–±—Ö–≤–∞—Ç –≥—Ä—É–¥–∏ 104-112—Å–º
–ù–∞ —Ä–æ—Å—Ç 174-182–ø—Ä–∏–º–µ—Ä–Ω–æ
–í—Å—Ç—Ä–µ—á–∞ –º–µ—Ç—Ä–æ –≤–¥–Ω—Ö
–¶–µ–Ω–∞ 10500",-48332904,714839,vk,"{
  ""place"": ""–º–µ—Ç—Ä–æ –≤–¥–Ω—Ö"",
  ""bundles"": [
    {
      ""name"": ""–ü–∞—Ä–∫–∞ nike —Ä–∞–∑–º–µ—Ä L"",
      ""quantity"": ""1"",
      ""price"": 10500,
      ""currency"": ""RUB""
    }
  ]
}"
irinafatyuk –Ω–∞—Ä—É—à–∏–ª –ø—Ä–∞–≤–∏–ª–∞ —á–∞—Ç–∞ –∏ –Ω–µ —Å–º–æ–∂–µ—Ç –ø–∏—Å–∞—Ç—å –¥–æ 27.08.2023 15:24:07. –ø—Ä–∞–≤–∏–ª–∞ —á–∞—Ç–æ–≤,1332882905,579216,tg,{}
"–ø—Ä–æ–¥–∞–º —É—Å–∏–ª–∏—Ç–µ–ª—å —Å –∫–æ–ª–æ–Ω–∫–∞–º–∏ —Ä–∞–¥–∏–æ—Ç–µ—Ö–Ω–∏–∫–∞ s30b + —É101-—Å—Ç–µ—Ä–µ–æ, —Ç–±–∏–ª–∏—Å–∏, 300 –ª–∞—Ä–∏",1332882905,502352,tg,"{
  ""place"": ""—Ç–±–∏–ª–∏—Å–∏"",
  ""bundles"": [
    {
      ""name"": ""—É—Å–∏–ª–∏—Ç–µ–ª—å —Å –∫–æ–ª–æ–Ω–∫–∞–º–∏ —Ä–∞–¥–∏–æ—Ç–µ—Ö–Ω–∏–∫–∞ s30b + —É101-—Å—Ç–µ—Ä–µ–æ"",
      ""quantity"": ""1"",
      ""price"": 300,
      ""currency"": ""GEL""
    }
  ]
}"
"–†–∞—Å–ø—Ä–æ–¥–∞–∂–∞
–ö–æ—Ä–æ–±–∫–∞ –∫–æ–Ω–≤–µ—Ä—Ç –¥–ª—è —Ü–≤–µ—Ç–æ–≤
–¶–µ–Ω–∞: 125—Ä
–¶–µ–Ω–∞: —É–ø–∫ 2√ó125=250—Ä
–†–∞–∑–º–µ—Ä: 19,5√ó29,5√ó6,5—Å–º
–ê–†–¢: 9-76",-203393330,65331,vk,"{
  ""place"": null,
  ""bundles"": [
    {
      ""name"": ""–ö–æ—Ä–æ–±–∫–∞ –∫–æ–Ω–≤–µ—Ä—Ç –¥–ª—è —Ü–≤–µ—Ç–æ–≤"",
      ""quantity"": ""1"",
      ""price"": 125,
      ""currency"": ""RUB""
    },
    {
      ""name"": ""–ö–æ—Ä–æ–±–∫–∞ –∫–æ–Ω–≤–µ—Ä—Ç –¥–ª—è —Ü–≤–µ—Ç–æ–≤, —É–ø–∞–∫–æ–≤–∫–∞ 2 —à—Ç—É–∫–∏"",
      ""quantity"": ""2"",
      ""price"": 250,
      ""currency"": ""RUB""
    }
  ]
}"
"—Å–æ–∫–æ–≤—ã–∂–∏–º–∞–ª–∫–∞, –ø–∞—Ñ–æ—Å, 50‚Ç¨, –±—Ä–∞–ª –∑–∞ 100, –ø–æ–ª—å–∑–æ–≤–∞–ª–∏—Å—å —Ä–∞–∑ 10",1121942433,640093,tg,"{
  ""place"": ""–ø–∞—Ñ–æ—Å"",
  ""bundles"": [
    {
      ""name"": ""—Å–æ–∫–æ–≤—ã–∂–∏–º–∞–ª–∫–∞"",
      ""quantity"": ""1"",
      ""price"": 50,
      ""currency"": ""EUR""
    }
  ]
}"
"–ø—ã–ª–µ—Å–æ—Å samsung - 150 –ª–∞—Ä–∏ - –±—Ä–æ–Ω—å
–≤ –∫–æ–º–ø–ª–µ–∫—Ç–µ —Å –∫–æ—Ä–æ–±–∫–æ–π –∏ —á–µ–∫–æ–º. –∏–¥–µ–∞–ª—å–Ω–æ–µ —Å–æ—Å—Ç–æ—è–Ω–∏–µ 
üìç —Å–∞–º–æ–≤—ã–≤–æ–∑ –ø–æ –∞–¥—Ä–µ—Å—É —É –º. —Ä—É—Å—Ç–∞–≤–µ–ª–∏",1332882905,503987,tg,"{
  ""place"": ""—Å–∞–º–æ–≤—ã–≤–æ–∑ –ø–æ –∞–¥—Ä–µ—Å—É —É –º. —Ä—É—Å—Ç–∞–≤–µ–ª–∏"",
  ""bundles"": [
    {
      ""name"": ""–ø—ã–ª–µ—Å–æ—Å Samsung —Å –∫–æ—Ä–æ–±–∫–æ–π –∏ —á–µ–∫–æ–º"",
      ""quantity"": ""1"",
      ""price"": 150,
      ""currency"": ""RUB""
    }
  ]
}"
"–≤–µ—á–µ—Ä–Ω–µ–µ –ø–ª–∞—Ç—å–µ 150 –ª–∞—Ä–∏ 
–æ–¥–µ–≤–∞–ª–∞ –æ–¥–∏–Ω —Ä–∞–∑ –≤ —Ö–æ—Ä–æ—à–µ–º —Å–æ—Å—Ç–æ—è–Ω–∏–∏
—Ä–∞–∑–º–µ—Ä:
42 —Ç—É—Ä–µ—Ü–∫–∏–π 
48 —Ä–æ—Å—Å–∏–π—Å–∫–∏–π 
l-xl",1332882905,796126,tg,"{
  ""place"": null,
  ""bundles"": [
    {
      ""name"": ""–≤–µ—á–µ—Ä–Ω–µ–µ –ø–ª–∞—Ç—å–µ"",
      ""quantity"": ""1"",
      ""price"": 150,
      ""currency"": ""GEL""
    }
  ]
}"
"–†–∞—Å–ø—Ä–æ–¥–∞–∂–∞
–ë—É–∫–µ—Ç —Ü–≤–µ—Ç–æ–≤
–¶–µ–Ω–∞ —É–ø–∫: 40√ó43—Ä=1720—Ä
–í —É–ø–∫: 40 –±—É–∫–µ—Ç–æ–≤ —Ä–∞–∑–Ω—ã–µ —Ü–≤–µ—Ç–∞
–í—ã—Å–æ—Ç–∞: 40—Å–º, 6-–≥–æ–ª–æ–≤–æ–∫
–ê–†–¢: 28-79
https://vk.com/minh2019",-203393330,69732,vk,"{
  ""place"": ""https://vk.com/minh2019"",
  ""bundles"": [
    {
      ""name"": ""–ë—É–∫–µ—Ç —Ü–≤–µ—Ç–æ–≤"",
      ""quantity"": ""40 –±—É–∫–µ—Ç–æ–≤"",
      ""price"": 1720,
      ""currency"": ""RUB""
    }
  ]
}"
"–ü—Ä–æ–¥–∞–º, –ø—Ä—É–∂–∏–Ω–∞ —Å—Ç–æ–∏—Ç —É—Å–∏–ª–µ–Ω–Ω–∞—è. 4.000 —Ä—É–±–ª–µ–π",-90442795,348645,vk,"{
  ""place"": null,
  ""bundles"": [
    {
      ""name"": ""—É—Å–∏–ª–µ–Ω–Ω–∞—è –ø—Ä—É–∂–∏–Ω–∞"",
      ""quantity"": ""1"",
      ""price"": 4000,
      ""currency"": ""RUB""
    }
  ]
}"
"–†–∞—Å–ø—Ä–æ–¥–∞–∂–∞
–í–µ—à–∞–ª–∫–∞-–æ—Ä–≥–∞–Ω–∞–π–∑–µ—Ä –¥–ª—è –æ–¥–µ–∂–¥—ã.
–¶–µ–Ω–∞: 100—Ä
–¶–µ–Ω–∞:  –æ—Ç 5—à—Ç 75—Ä
–ê—Ä—Ç: 9-39",-203393330,144702,vk,"{
    ""bundles"": [
        {
            ""name"": ""–í–µ—à–∞–ª–∫–∞-–æ—Ä–≥–∞–Ω–∞–π–∑–µ—Ä –¥–ª—è –æ–¥–µ–∂–¥—ã"",
            ""quantity"": ""1"",
            ""price"": 100,
            ""currency"": ""RUB""
        },
        {
            ""name"": ""–í–µ—à–∞–ª–∫–∞-–æ—Ä–≥–∞–Ω–∞–π–∑–µ—Ä –¥–ª—è –æ–¥–µ–∂–¥—ã"",
            ""quantity"": ""5"",
            ""price"": 375,
            ""currency"": ""RUB""
        }
    ]
}"
"- –ª–µ–≥–∫–∞—è —Å—É–º–∫–∞, 30 
- –≤–∏–Ω—Ç–∞–∂–Ω—ã–µ —Å–µ—Ä—å–≥–∏, 150
- —Å–µ—Ä—å–≥–∏ –∏–∑ –∫—Ä–∏—Å—Ç–∞–ª–ª–æ–≤, 50
- –æ–∂–µ—Ä–µ–ª—å–µ –∏–∑ –∫—Ä–∏—Å—Ç–∞–ª–ª–æ–≤, 30
- —Å–µ—Ä—å–≥–∏ –≥—Ä—É–∑–∏–Ω—Å–∫–æ–≥–æ –¥–∏–∑–∞–π–Ω–µ—Ä–∞, —Å–µ—Ä–µ–±—Ä–æ, 200",1332882905,624455,tg,"{
  ""place"": null,
  ""bundles"": [
    {
      ""name"": ""–ª–µ–≥–∫–∞—è —Å—É–º–∫–∞"",
      ""quantity"": ""1"",
      ""price"": 30,
      ""currency"": ""RUB""
    },
    {
      ""name"": ""–≤–∏–Ω—Ç–∞–∂–Ω—ã–µ —Å–µ—Ä—å–≥–∏"",
      ""quantity"": ""1"",
      ""price"": 150,
      ""currency"": ""RUB""
    },
    {
      ""name"": ""—Å–µ—Ä—å–≥–∏ –∏–∑ –∫—Ä–∏—Å—Ç–∞–ª–ª–æ–≤"",
      ""quantity"": ""1"",
      ""price"": 50,
      ""currency"": ""RUB""
    },
    {
      ""name"": ""–æ–∂–µ—Ä–µ–ª—å–µ –∏–∑ –∫—Ä–∏—Å—Ç–∞–ª–ª–æ–≤"",
      ""quantity"": ""1"",
      ""price"": 30,
      ""currency"": ""RUB""
    },
    {
      ""name"": ""—Å–µ—Ä—å–≥–∏ –≥—Ä—É–∑–∏–Ω—Å–∫–æ–≥–æ –¥–∏–∑–∞–π–Ω–µ—Ä–∞, —Å–µ—Ä–µ–±—Ä–æ"",
      ""quantity"": ""1"",
      ""price"": 200,
      ""currency"": ""RUB""
    }
  ]
}"
"–†–∞—Å–ø—Ä–æ–¥–∞–∂–∞ 
–ü–ª–∞—Ç—å—è 
–¶–µ–Ω–∞: 300—Ä
–†–∞–∑–º–µ—Ä: 44-46-48-50 
–ë–µ–∑ –≤—ã–±–æ—Ä–∞ —Ü–≤–µ—Ç–∞ 
–ê—Ä—Ç: 2–ì-14 –∫–æ—Ä–ø—É—Å –ë",-206817857,65414,vk,"{
  ""place"": ""–ê—Ä—Ç: 2–ì-14 –∫–æ—Ä–ø—É—Å –ë"",
  ""bundles"": [
    {
      ""name"": ""–ü–ª–∞—Ç—å—è —Ä–∞–∑–º–µ—Ä 44-46-48-50"",
      ""quantity"": ""1"",
      ""price"": 300,
      ""currency"": ""RUB""
    }
  ]
}"
"#–ë–ù–ò_–ø—Ä–æ–¥–∞–º–ë—É_–ú–æ—Å–∫–≤–∞
#–ë–ù–ò_–ø—Ä–æ–¥–∞–º_–ê–≤–∏—Ç–æ +5%

1) –ü—Ä–æ–¥–∞—é –∫–æ–º–ø–ª–µ–∫—Ç ¬´–û—Å–∫–≤–µ—Ä–Ω–µ–Ω–Ω—ã–π –ì—Ä–∞–∞–ª—å¬ª + ¬´–≠—Ö–æ –ü—Ä–æ—à–ª–æ–≥–æ¬ª + ¬´–ù–∏–∞–≤¬ª. –°–æ—Å—Ç–æ—è–Ω–∏–µ –∏–¥–µ–∞–ª—å–Ω–æ–µ, —á–µ—Ç—ã—Ä–µ –ø–∞—Ä—Ç–∏–∏. –ö–æ–º–ø–ª–µ–∫—Ç –Ω–µ —Ä–∞–∑–±–∏–≤–∞—é.

10 000 —Ä—É–±–ª–µ–π.

2) –ü—Ä–æ–¥–∞—é ¬´–ë–µ—Å—Ç–∏–∞—Ä–∏–π –°–∏–≥–∏–ª–ª—É–º–∞. –ö–æ–ª–ª–µ–∫—Ü–∏–æ–Ω–Ω–æ–µ –∏–∑–¥–∞–Ω–∏–µ¬ª. –ï—Å—Ç—å –Ω–µ–±–æ–ª—å—à–∏–µ –ø–æ–≤—Ä–µ–∂–¥–µ–Ω–∏—è –æ—Ç –ø–∞–¥–µ–Ω–∏—è —Å–æ —à–∫–∞—Ñ–∞, –∫–æ–º–ø–æ–Ω–µ–Ω—Ç—ã –±–µ–∑ –∏–∑–º–µ–Ω–µ–Ω–∏–π, —Ç—Ä–∏ –ø–∞—Ä—Ç–∏–∏. –í–∞—Ä–∏–∞–Ω—Ç –¥–ª—è —Ç–µ—Ö, –∫—Ç–æ —Ö–æ—á–µ—Ç —Ä–µ—à–∏—Ç—å, –Ω—É–∂–Ω–æ –ª–∏ –µ–º—É –±—Ä–∞—Ç—å —é–±–∏–ª–µ–π–Ω–æ–µ –∏–∑–¥–∞–Ω–∏–µ.

2 000 —Ä—É–±–ª–µ–π. 

–û—Ç–¥–∞–º –ø—Ä–∏ –ª–∏—á–Ω–æ–π –≤—Å—Ç—Ä–µ—á–µ –≤ –ú–æ—Å–∫–≤–µ –ø–æ –ª–∏–Ω–∏–∏ –º–µ—Ç—Ä–æ, –ø—Ä–∏ —Å–∞–º–æ–≤—ã–≤–æ–∑–µ –∏–ª–∏ –æ—Ç–ø—Ä–∞–≤–ª—é –ê–≤–∏—Ç–æ —Å–æ —Å—Ç–∞–Ω–¥–∞—Ä—Ç–Ω—ã–º +5%.",-114967596,593526,vk,"{
  ""place"": ""–ú–æ—Å–∫–≤–∞, –ª–∏–Ω–∏—è –º–µ—Ç—Ä–æ, —Å–∞–º–æ–≤—ã–≤–æ–∑ –∏–ª–∏ –æ—Ç–ø—Ä–∞–≤–∫–∞ –ê–≤–∏—Ç–æ +5%"",
  ""bundles"": [
    {
      ""name"": ""–ö–æ–º–ø–ª–µ–∫—Ç ¬´–û—Å–∫–≤–µ—Ä–Ω–µ–Ω–Ω—ã–π –ì—Ä–∞–∞–ª—å¬ª + ¬´–≠—Ö–æ –ü—Ä–æ—à–ª–æ–≥–æ¬ª + ¬´–ù–∏–∞–≤¬ª"",
      ""quantity"": ""1"",
      ""price"": 10000,
      ""currency"": ""RUB""
    },
    {
      ""name"": ""¬´–ë–µ—Å—Ç–∏–∞—Ä–∏–π –°–∏–≥–∏–ª–ª—É–º–∞. –ö–æ–ª–ª–µ–∫—Ü–∏–æ–Ω–Ω–æ–µ –∏–∑–¥–∞–Ω–∏–µ¬ª"",
      ""quantity"": ""1"",
      ""price"": 2000,
      ""currency"": ""RUB""
    }
  ]
}"
"–†–∞—Å–ø—Ä–æ–¥–∞–∂–∞ 
–ù–∞–±–æ—Ä –∫–∞—Ä–∞–Ω–¥–∞—à  –¥–ª—è –≥—É–± 
–í –Ω–∞–±–æ—Ä–µ 12—à—Ç
–¶–µ–Ω–∞: 180—Ä –∑–∞ –Ω–∞–±–æ—Ä 
–ê—Ä—Ç: 9-35",-206817857,85670,vk,"{
  ""place"": null,
  ""bundles"": [
    {
      ""name"": ""–ù–∞–±–æ—Ä –∫–∞—Ä–∞–Ω–¥–∞—à –¥–ª—è –≥—É–±"",
      ""quantity"": ""12 —à—Ç"",
      ""price"": 180,
      ""currency"": ""RUB""
    }
  ]
}"
"–ø—Ä–æ–¥–∞–º –∫–æ–Ω—Ç–∞–∫—Ç–Ω—ã–µ –ª–∏–Ω–∑—ã pure vision 2 hd, –∫–æ—Ç–æ—Ä—ã–µ –º–æ–∂–Ω–æ –Ω–æ—Å–∏—Ç—å –º–µ—Å—è—Ü –Ω–µ —Å–Ω–∏–º–∞—è. —É–ø–∞–∫–æ–≤–∫–∞ –Ω–æ–≤–∞—è, –∑–∞–ø–µ—á–∞—Ç–∞–Ω–Ω–∞—è, 6 —à—Ç—É–∫ –Ω–∞ -2.75. –æ—à–∏–±–ª–∞—Å—å —Å –¥–∏–æ–ø—Ç—Ä–∏—è–º–∏ –ø—Ä–∏ –∑–∞–∫–∞–∑–µ. 75 –ª–∞—Ä–∏ –∑–∞ —É–ø–∞–∫–æ–≤–∫—É. –Ω–∞—Ö–æ–∂—É—Å—å –≤ –≥–ª–¥–∞–Ω–∏, –º–æ–∂–µ–º –≤—Å—Ç—Ä–µ—Ç–∏—Ç—å—Å—è –ø–æ –ª–∏–Ω–∏–∏ –º–µ—Ç—Ä–æ. whatsapp, telegram +79833163029",1332882905,473472,tg,"{
  ""place"": ""–ì–ª–¥–∞–Ω–∏, –≤—Å—Ç—Ä–µ—á–∞ –ø–æ –ª–∏–Ω–∏–∏ –º–µ—Ç—Ä–æ"",
  ""bundles"": [
    {
      ""name"": ""–ö–æ–Ω—Ç–∞–∫—Ç–Ω—ã–µ –ª–∏–Ω–∑—ã Pure Vision 2 HD, —É–ø–∞–∫–æ–≤–∫–∞"",
      ""quantity"": ""6 —à—Ç—É–∫"",
      ""price"": 75,
      ""currency"": ""GEL""
    }
  ]
}"
"–ñ–∏–ª–µ—Ç–∫–∞ –∂–µ–Ω—Å–∫–∞—è Tommy hilfiger. –ù–æ–≤–∞—è.–û—Ç–ª–∏—á–Ω–æ–≥–æ –∫–∞—á–µ—Å—Ç–≤–∞, –æ—á–µ–Ω—å —Å—Ç–∏–ª—å–Ω–∞—è. –ü–æ —Ä–∞–∑–º–µ—Ä–∞–º —É—Ç–æ—á–Ω—è–π—Ç–µ. –í–æ–∑–º–æ–∂–Ω–∞ –¥–æ—Å—Ç–∞–≤–∫–∞ –¥–æ—Å—Ç–∞–≤–∫–∞ –≤ –ø—Ä–µ–¥–µ–ª–∞—Ö –ö–ê–î 300—Ä—É–±.–û—Ç–ø—Ä–∞–≤–ª—é –ø–æ –†–æ—Å—Å–∏–∏.
#–±–∞—Ä–∞—Ö–æ–ª–∫–∞ #–±–∞—Ä–∞—Ö–æ–ª–∫–∞@networksales #–ø—Ä–æ–¥–∞–º #–æ–±—ä—è–≤–ª–µ–Ω–∏—è #—Ç–æ–≤–∞—Ä—ã #—Å–ø–±",-1485,207028,vk,"{
  ""place"": ""–í –ø—Ä–µ–¥–µ–ª–∞—Ö –ö–ê–î, –≤–æ–∑–º–æ–∂–Ω–∞ –æ—Ç–ø—Ä–∞–≤–∫–∞ –ø–æ –†–æ—Å—Å–∏–∏""
}"
"—Å–∞–º–æ–∫–∞—Ç 
—Ü–µ–Ω–∞ 150 –ª–∞—Ä–∏  
–≤ –∏–¥–µ–∞–ª—å–Ω–æ–º —Å–æ—Å—Ç–æ—è–Ω–∏–∏",1332882905,630940,tg,"{
  ""place"": null,
  ""bundles"": [
    {
      ""name"": ""—Å–∞–º–æ–∫–∞—Ç –≤ –∏–¥–µ–∞–ª—å–Ω–æ–º —Å–æ—Å—Ç–æ—è–Ω–∏–∏"",
      ""quantity"": ""1"",
      ""price"": 150,
      ""currency"": ""GEL""
    }
  ]
}"
"üéÄ–ù–æ–≤—ã–µ –Ω–∞—Ä—è–¥–Ω—ã–µ –ø–ª–∞—Ç—å—è —Å –±–∏—Ä–∫–æ–π!
–û—Ç–ª–∏—á–Ω–æ–µ –∫–∞—á–µ—Å—Ç–≤–æ!
–¶–µ–Ω—ã –æ—Ç 1300 –¥–æ 1700
–†–∞–∑–º–µ—Ä—ã –æ—Ç 98 –¥–æ 134
–û—Ç–ø—Ä–∞–≤–ª—é –∑–∞–º–µ—Ä—ã, –¥–æ–ø–æ–ª–Ω–∏—Ç–µ–ª—å–Ω—ã–µ —Ñ–æ—Ç–æ –∏ –≤–∏–¥–µ–æ, –ø–æ –∑–∞–ø—Ä–æ—Å—É –≤ —Å–æ–æ–±—â–µ–Ω–∏—è—Ö. 
–°–∞–º–æ–≤—ã–≤–æ–∑, –ø–æ –ú–æ—Å–∫–≤–µ –≤–æ–∑–º–æ–∂–Ω–∞ –¥–æ—Å—Ç–∞–≤–∫–∞ –≤ –≤–µ—á–µ—Ä–Ω–µ–µ –≤—Ä–µ–º—è. –û—Ç–ø—Ä–∞–≤–∫–∞ –ø–æ—á—Ç–æ–π —Ç–æ–ª—å–∫–æ –ø–æ –ø—Ä–µ–¥–æ–ø–ª–∞—Ç–µ üå∏",-48332904,709687,vk,"{
  ""place"": ""–ú–æ—Å–∫–≤–∞, —Å–∞–º–æ–≤—ã–≤–æ–∑ –∏–ª–∏ –¥–æ—Å—Ç–∞–≤–∫–∞ –≤ –≤–µ—á–µ—Ä–Ω–µ–µ –≤—Ä–µ–º—è, –æ—Ç–ø—Ä–∞–≤–∫–∞ –ø–æ—á—Ç–æ–π –ø–æ –ø—Ä–µ–¥–æ–ø–ª–∞—Ç–µ"",
  ""bundles"": [
    {
      ""name"": ""–ù–∞—Ä—è–¥–Ω—ã–µ –ø–ª–∞—Ç—å—è —Å –±–∏—Ä–∫–æ–π"",
      ""quantity"": ""1"",
      ""price"": 1300,
      ""currency"": ""RUB""
    }
  ]
}"
"–ø—Ä–æ–¥–∞–º –Ω–æ–≤—ã–π –Ω–µ—Ä–∞—Å–ø–µ—á–∞—Ç–∞–Ω–Ω—ã–π steam deck –Ω–∞ 256gb. —ç—Ç–∞ –≤–µ—Ä—Å–∏—è –≤–∫–ª—é—á–∞–µ—Ç –≤ —Å–µ–±—è —ç–∫—Å–∫–ª—é–∑–∏–≤–Ω—ã–π —Ñ–æ–Ω –ø—Ä–æ—Ñ–∏–ª—è –≤ steam –∏ –∫–µ–π—Å.
–∑–∞–∫–∞–∑—ã–≤–∞–ª –≤ steam –∑–∞ 529$ + –¥–æ—Å—Ç–∞–≤–∫–∞ + –ø–æ—à–ª–∏–Ω–∞. –æ—Ç–¥–∞–º –∑–∞ 1850 1800 –ª–∞—Ä–∏ ($700), –¥–µ—à–µ–≤–ª–µ –Ω–µ –Ω–∞–π–¥–µ—Ç–µ. –∑–∞–±—Ä–∞—Ç—å –º–æ–∂–Ω–æ –≤ —Å–∞–±—É—Ä—Ç–∞–ª–æ.",1332882905,338480,tg,"{
  ""place"": ""—Å–∞–±—É—Ä—Ç–∞–ª–æ"",
  ""bundles"": [
    {
      ""name"": ""–Ω–æ–≤—ã–π –Ω–µ—Ä–∞—Å–ø–µ—á–∞—Ç–∞–Ω–Ω—ã–π steam deck –Ω–∞ 256gb —Å —ç–∫—Å–∫–ª—é–∑–∏–≤–Ω—ã–º —Ñ–æ–Ω–æ–º –ø—Ä–æ—Ñ–∏–ª—è –∏ –∫–µ–π—Å–æ–º"",
      ""quantity"": ""1"",
      ""price"": 1800,
      ""currency"": ""–ª–∞—Ä–∏""
    }
  ]
}"
"—Å—Ä–æ—á–Ω–æ –ø—Ä–æ–¥–∞–º –∫–æ–Ω–≤–µ–∫—Ç–æ—Ä–Ω—ã–π –æ–±–æ–≥—Ä–µ–≤–∞—Ç–µ–ª—å –≤ —Å–≤—è–∑–∏ —Å –ø–µ—Ä–µ–µ–∑–¥–æ–º, luxell hc-2947. —Å–æ—Å—Ç–æ—è–Ω–∏–µ –æ—Ç–ª–∏—á–Ω–æ–µ. –ø–æ–∫—É–ø–∞–ª—Å—è –∑–∞ 120 –ª–∞—Ä–∏, –æ—Ç–¥–∞—é –∑–∞ 50.",1332882905,337493,tg,"{
  ""place"": null,
  ""bundles"": [
    {
      ""name"": ""–∫–æ–Ω–≤–µ–∫—Ç–æ—Ä–Ω—ã–π –æ–±–æ–≥—Ä–µ–≤–∞—Ç–µ–ª—å Luxell HC-2947"",
      ""quantity"": ""1"",
      ""price"": 50,
      ""currency"": ""GEL""
    }
  ]
}"
–ø—Ä–æ–¥–∞—ë—Ç—Å—è —Å–æ–±—Ä–∞–Ω–∏–µ —Å–æ—á–∏–Ω–µ–Ω–∏–π —á–µ—Ö–æ–≤–∞ –≤ 12  —Ç–æ–º–∞—Ö 60 –ª–∞—Ä–∏,1332882905,848884,tg,"{
  ""place"": null,
  ""bundles"": [
    {
      ""name"": ""—Å–æ–±—Ä–∞–Ω–∏–µ —Å–æ—á–∏–Ω–µ–Ω–∏–π –ß–µ—Ö–æ–≤–∞ –≤ 12 —Ç–æ–º–∞—Ö"",
      ""quantity"": ""12 —Ç–æ–º–æ–≤"",
      ""price"": 60,
      ""currency"": ""–ª–∞—Ä–∏""
    }
  ]
}"
"—Ä–∞—Å–∫–ª–∞–¥–Ω–æ–π —Å—Ç—É–ª. –ø–æ–∫—É–ø–∞–ª–∏ –ª–µ—Ç–æ–º.
30 –ª–∞—Ä
–∏—Å–∞–Ω–∏
–ø—Ä–æ–¥–∞–Ω–æ",1332882905,713873,tg,"{
  ""place"": ""–∏—Å–∞–Ω–∏""
}"
"–ø—Ä–æ–¥–∞–º –∏–≥—Ä—É—à–∫–∏ —Ä—É—á–Ω–æ–π —Ä–∞–±–æ—Ç—ã
 ‚Ä¢ –ø–∏–∫–∞—á—É (—Ä–æ—Å—Ç –¥–æ –≥–æ–ª–æ–≤—ã 22 —Å–º, –¥–æ —É—à–µ–π 27 —Å–º). —Ü–µ–Ω–∞ 100 –ª–∞—Ä–∏
 ‚Ä¢ –º–∏—à–∫–∞ –ø–∞–¥–¥–∏–Ω–≥—Ç–æ–Ω (—Ä–æ—Å—Ç 13 —Å–º –±–µ–∑ —à–ª—è–ø—ã), –æ–¥–µ–∂–¥–∞ —Å—ä—ë–º–Ω–∞—è. —Ü–µ–Ω–∞ 35 –ª–∞—Ä–∏
 ‚Ä¢ –∫–æ—Ç –∏–∑—É–º—Ä—É–¥ (—Ä–æ—Å—Ç 26 —Å–º). —Ü–µ–Ω–∞ 50 –ª–∞—Ä–∏",1332882905,512403,tg,"{
  ""place"": null,
  ""bundles"": [
    {
      ""name"": ""–ø–∏–∫–∞—á—É —Ä—É—á–Ω–æ–π —Ä–∞–±–æ—Ç—ã"",
      ""quantity"": ""1"",
      ""price"": 100,
      ""currency"": ""GEL""
    },
    {
      ""name"": ""–º–∏—à–∫–∞ –ø–∞–¥–¥–∏–Ω–≥—Ç–æ–Ω —Ä—É—á–Ω–æ–π —Ä–∞–±–æ—Ç—ã"",
      ""quantity"": ""1"",
      ""price"": 35,
      ""currency"": ""GEL""
    },
    {
      ""name"": ""–∫–æ—Ç –∏–∑—É–º—Ä—É–¥ —Ä—É—á–Ω–æ–π —Ä–∞–±–æ—Ç—ã"",
      ""quantity"": ""1"",
      ""price"": 50,
      ""currency"": ""GEL""
    }
  ]
}"
"–Ω–∞—à–µ–ª 13 –∞–π—Ñ–æ–Ω. –≤ –ø–∞—Ä–∫–µ –º–∑–∏—É—Ä–∏, —Ç—É—Ä–∏—Å—Ç –≤ –¥–∞–Ω–Ω–æ–º –≥–æ—Ä–æ–¥–µ, —Ç–∞–∫ —á—Ç–æ –±–æ—é—Å—å —Å–≤—è–∑—ã–≤–∞—Ç—å—Å—è —Å –æ—Ä–≥–∞–Ω–∞–º–∏. –Ω–∞—à–µ–ª –≤ –ø–∞—Ä–∫–µ –º–∑–∏—É—Ä–∏.",1332882905,832581,tg,"{
  ""place"": ""–ø–∞—Ä–∫ –º–∑–∏—É—Ä–∏"",
  ""bundles"": []
}"
"- —Ç–æ—Å—Ç–µ—Ä, –ø–æ–∫—É–ø–∞–ª—Å—è –≤ —Ç–±–∏–ª–∏—Å–∏, –≤ –∏—Å–ø–æ–ª—å–∑–æ–≤–∞–Ω–∏–∏ –º–µ–Ω–µ–µ –ø–æ–ª—É–≥–æ–¥–∞, 30 –ª–∞—Ä–∏
- —Ç–µ—Ä–º–æ—Å berghoff 30 –ª–∞—Ä–∏ 0.5–ª. –ø–æ–∫—É–ø–∞–ª—Å—è –≤ —Ç–±–∏–ª–∏—Å–∏ –∑–∞ 62, –∏—Å–ø–æ–ª—å–∑–æ–≤–∞–ª—Å—è 1 —Ä–∞–∑.
- —É–Ω–∏–≤–µ—Ä—Å–∞–ª—å–Ω–æ–µ –∑–∞—Ä—è–¥–Ω–æ–µ —É—Å—Ç—Ä–æ–π—Å—Ç–≤–æ nitecore, li-ion, ni-mh –∏—Ç–¥ + –∞–∫—É–º—ã  20 –ª–∞—Ä–∏
- –ø—ã–ª–µ—Å–æ—Å xiaomi + 2 –Ω–∞—Å–∞–¥–∫–∏. —Å–æ—Å–µ—Ç —á—Ç–æ –Ω–∞–¥–æ üòè 80 –ª–∞—Ä–∏
- –±–æ–ª—å—à–æ–π –±—Ä–µ–Ω–¥–æ–≤—ã–π —Å–Ω–æ—É–±–æ—Ä–¥–∏—á–µ—Å–∫–∏–π –Ω–∞–±–æ—Ä üèÇüèÇüèÇ, –µ—Å—Ç—å –≤—Å–µ-–≤—Å–µ-–≤—Å–µ,  2000 –ª–∞—Ä–∏. —Å–æ–±—Ä–∞—Ç—å —Ç–∞–∫–æ–π –Ω–æ–≤—ã–π –¥–∞–∂–µ –Ω–µ –≤ —Å–µ–∑–æ–Ω –±—É–¥–µ—Ç —Å—Ç–æ–∏—Ç—å 4–∫+",1332882905,448939,tg,"{
  ""place"": ""–¢–±–∏–ª–∏—Å–∏"",
  ""bundles"": [
    {
      ""name"": ""–¢–æ—Å—Ç–µ—Ä"",
      ""quantity"": ""1"",
      ""price"": 30,
      ""currency"": ""–ª–∞—Ä–∏""
    },
    {
      ""name"": ""–¢–µ—Ä–º–æ—Å Berghoff 0.5–ª"",
      ""quantity"": ""1"",
      ""price"": 30,
      ""currency"": ""–ª–∞—Ä–∏""
    },
    {
      ""name"": ""–£–Ω–∏–≤–µ—Ä—Å–∞–ª—å–Ω–æ–µ –∑–∞—Ä—è–¥–Ω–æ–µ —É—Å—Ç—Ä–æ–π—Å—Ç–≤–æ Nitecore —Å –∞–∫–∫—É–º—É–ª—è—Ç–æ—Ä–∞–º–∏"",
      ""quantity"": ""1"",
      ""price"": 20,
      ""currency"": ""–ª–∞—Ä–∏""
    },
    {
      ""name"": ""–ü—ã–ª–µ—Å–æ—Å Xiaomi —Å 2 –Ω–∞—Å–∞–¥–∫–∞–º–∏"",
      ""quantity"": ""1"",
      ""price"": 80,
      ""currency"": ""–ª–∞—Ä–∏""
    },
    {
      ""name"": ""–ë–æ–ª—å—à–æ–π –±—Ä–µ–Ω–¥–æ–≤—ã–π —Å–Ω–æ—É–±–æ—Ä–¥–∏—á–µ—Å–∫–∏–π –Ω–∞–±–æ—Ä"",
      ""quantity"": ""1"",
      ""price"": 2000,
      ""currency"": ""–ª–∞—Ä–∏""
    }
  ]
}"
–Ω–∞—É—à–Ω–∏–∫–∏ –±–µ—Å–ø—Ä–æ–≤–æ–¥–Ω—ã–µ  awei q3 . —Å—É–ø–µ—Ä –∑–≤—É–∫.  –ø—Ä–æ–¥–∞–∂–∞ –≤ —Å–≤—è–∑–∏ —Å –ø–µ—Ä–µ–µ–∑–¥–æ–º —Å –æ—Å—Ç—Ä–æ–≤–∞ —Å –º–∏–Ω–∏–º—É–º–æ–º –≤–µ—â–µ–π. –∏–¥–µ–∞–ª—å–Ω–æ–µ —Å–æ—Å—Ç–æ—è–Ω–∏–µ. —Å–∏–º–≤–æ–ª–∏—á–µ—Å–∫–∞—è —Ü–µ–Ω–∞ 30–µ. –≥–µ—Ä–º–∞—Å–æ–π–∞.  –ª–∏–º–∞—Å—Å–æ–ª,1121942433,332141,tg,"{
  ""place"": ""–õ–∏–º–∞—Å—Å–æ–ª"",
  ""bundles"": [
    {
      ""name"": ""–ù–∞—É—à–Ω–∏–∫–∏ –±–µ—Å–ø—Ä–æ–≤–æ–¥–Ω—ã–µ Awei Q3"",
      ""quantity"": ""1"",
      ""price"": 30,
      ""currency"": ""EUR""
    }
  ]
}"
