Unnamed: 0,Text,WallId,PostId,Source,Title,Price,Currency,Count,Label_gpt,Comment_gpt
0,"1. –º–æ–Ω–∏—Ç–æ—Ä, 250 –ª–∞—Ä–∏
2. –º–æ–ª—å–±–µ—Ä—Ç, 50 –ª–∞—Ä–∏
3. —Ç–æ–ø–æ—Ä 15 –ª–∞—Ä–∏
4. —Ç—Ä–∞–Ω—Å–º–∏—Ç—Ç–µ—Ä—ã, 30 –ª–∞—Ä–∏
5. –ª–∞–º–ø—ã led,¬† –¥–∏–æ–¥—ã —Å–∞–º—Å—É–Ω–≥, 200 –≤—Ç, 350 –ª–∞—Ä–∏ –∑–∞ –æ–±–µ
6. —Ä—é–∫–∑–∞–∫, 40 –ª–∏—Ç—Ä–æ–≤, –∏–¥–µ–∞–ª—å–Ω–æ–µ —Å–æ—Å—Ç–æ—è–Ω–∏–µ, 100 –ª–∞—Ä–∏",1332882905,686748,tg,"—Ä—é–∫–∑–∞–∫, 40 –ª–∏—Ç—Ä–æ–≤, –∏–¥–µ–∞–ª—å–Ω–æ–µ —Å–æ—Å—Ç–æ—è–Ω–∏–µ",100,–ª–∞—Ä–∏,1,valid,"The offer includes a backpack bundle that matches the description in count, price, and currency."
1,"#–ë–ù–ò_–ü—Ä–æ–¥–∞–º–ë–£_–ú–æ—Å–∫–≤–∞
#–ë–ù–ò_–ü—Ä–æ–¥–∞–º–ù–æ–≤–∞—è_–ú–æ—Å–∫–≤–∞
#–ë–ù–ò_–ê–≤–∏—Ç–æ #–ë–ù–ò_–ü–æ—á—Ç–∞ #–ë–ù–ò_–°–±–µ—Ä–ª–æ–≥–∏—Å—Ç–∏–∫–∞
#–ë–ù–ò_fizximik

–í—Å–µ –≤–æ–ø—Ä–æ—Å—ã/–ø—Ä–µ–¥–ª–æ–∂–µ–Ω–∏—è/–¢–æ—Ä–≥ –≤ –ª—Å. 
–ö—Ç–æ –Ω–µ –º–æ–∂–µ—Ç –Ω–∞–ø–∏—Å–∞—Ç—å —á–µ—Ä–µ–∑ –º–æ–±–∏–ª—å–Ω—É—é –≤–µ—Ä—Å–∏—é –í–∫ - –ø–∏—à–∏—Ç–µ —á–µ—Ä–µ–∑ –æ—Å–Ω–æ–≤–Ω—É—é –≤ –±—Ä–∞—É–∑–µ—Ä–µ. 

22000 Wonderland War Deluxe. –í—Å–∫—Ä—ã—Ç–∞. 

35000 Fief Ks (–±–∞–∑–∞+–∑–¥–∞–Ω–∏—è+–°–∞–ª–∞–¥–∏–Ω+–ª–æ—Ä–¥—ã+–ø—Ä–æ–º–æ+–ü–ª–µ–π–º–∞—Ç)
–ù–æ–≤—ã–µ, –≤ –ø–ª–µ–Ω–∫–µ. –õ–æ—Ç –±—å–µ—Ç—Å—è, –≤ –ª—Å. 

60000 –ë–∞–∑–∞ (–Ω–µ–º–µ—Ü–∫–∞—è, –°–∞–Ω–¥—Ä–æ–ø, –≤ –ø–ª–µ–Ω–∫–µ)+Burgundy Terrain Sundrop+Acrylic Hexes (–µ—Å—Ç—å –≤ –ø–ª–µ–Ω–∫–µ –∏ –±–µ–∑)+–ü–ª–µ–π–º–∞—Ç. 
–í—Å–∫—Ä—ã—Ç —Ç–µ—Ä—Ä–µ–π–Ω: –ø–æ–≤—Ä–µ–∂–¥–µ–Ω–∞ —á—É—Ç—å –∫—Ä—ã—à–∫–∞ –∫–æ—Ä–æ–±–∫–∏.

26000 Street Fighter (–±–∞–∑–∞, —Å—Ç—Ä–µ—Ç—á–∏, –¥–æ–ø). –í –¥–≤—É—Ö –∫–æ—Ä–æ–±–∫–∞—Ö

30000 Mosaic Colossus edition 

21000 Hoplomachus. –í–µ—Ä—Å–∏—è —Å –ø—Ä–µ–¥–∑–∞–∫–∞–∑–∞. –ë–µ–∑ –ø–ª–µ–Ω–∫–∏",-114967596,592027,vk,"Street Fighter (–±–∞–∑–∞, —Å—Ç—Ä–µ—Ç—á–∏, –¥–æ–ø)",26000,RUB,1,valid,"The offer clearly describes the bundle's contents, count, price, and currency, making it verifiable and understandable."
2,"–ü—Ä–æ–¥–∞–º —Å—Ç—É–ª—å—á–∏–∫ –¥–ª—è –∫–æ—Ä–º–ª–µ–Ω–∏—è Happy baby. –í —Ö–æ—Ä–æ—à–µ–º —Å–æ—Å—Ç–æ—è–Ω–∏–∏. 
‚úÖ —Å—ä—ë–º–Ω—ã–π –ø–æ–¥–Ω–æ—Å
‚úÖ —Å–µ—Ç–∫–∞ –¥–ª—è –∏–≥—Ä—É—à–µ–∫
‚úÖ —Ä–µ–≥—É–ª–∏—Ä—É–µ–º–∞—è —Å–ø–∏–Ω–∫–∞
‚úÖ —Ä–µ–≥—É–ª–∏—Ä—É–µ–º–æ–µ —Å–∏–¥–µ–Ω—å–µ –ø–æ –≤—ã—Å–æ—Ç–µ
‚úÖ—Å—ä—ë–º–Ω—ã–π —á–µ—Ö–æ–ª –¥–ª—è —Å–∏–¥–µ–Ω—å—è 
‚úÖ5-—Ç–∏ —Ç–æ—á–µ—á–Ω—ã–µ —Ä–µ–º–Ω–∏
–ò–∑ –º–∏–Ω—É—Å–æ–≤: —Å–ª–æ–º–∞–Ω–∞ –ø–æ–¥–Ω–æ–∂–∫–∞.

–í—Å—ë –ø–æ–º—ã—Ç–æ –∏ –ø–æ—Å—Ç–∏—Ä–∞–Ω–æ. –ì–æ—Ç–æ–≤–æ –∫ –∏—Å–ø–æ–ª—å–∑–æ–≤–∞–Ω–∏—é. 

3 000 —Ä—É–±.

#–¥–µ—Ç—Å–∫–æ–µ",-82544098,661957,vk,–°—Ç—É–ª—å—á–∏–∫ –¥–ª—è –∫–æ—Ä–º–ª–µ–Ω–∏—è Happy baby,3000,RUB,1,valid,"The offer clearly describes a single feeding chair including its condition, features, and price, matching the bundle description."
3,"–ü—Ä–æ–¥–∞—é –∫–æ–º–ø—å—é—Ç–µ—Ä –¶–µ–Ω–∞ 55000 –í—Å–µ –ø–æ—á—Ç–∏ –Ω–æ–≤–æ–µ ,–µ—Å—Ç—å —á–µ–∫–∏ –∏ –∫–æ—Ä–æ–±–∫–∏ –æ—Ç –∫–æ–º–ø–ª–µ–∫—Ç—É—é—â–∏—Ö. –•–∞—Ä–∞–∫—Ç–µ—Ä–∏—Å—Ç–∏–∫–∏: ‚öôÔ∏è–ú–∞—Ç–µ—Ä–∏–Ω—Å–∫–∞—è –ø–ª–∞—Ç–∞ - GIGABYTE B450M H ‚öôÔ∏è–ü—Ä–æ—Ü–µ—Å—Å–æ—Ä - AMD Ryzen 5 3600 ‚öôÔ∏è–í–∏–¥–µ–æ–∫–∞—Ä—Ç–∞ - GIGABYTE RADEON RX 580 –Ω–∞ 8 GB ‚öôÔ∏è–û–ø–µ—Ä–∞—Ç–∏–≤–Ω–∞—è –ø–∞–º—è—Ç—å - KINGSTON FYRY 16 GB (2x8GB) DDR4 2666 –ú–ì—Ü ‚öôÔ∏èSSD Kingston 480 GB SSD GIGABYTE 120 GB ‚öôÔ∏è–ë–ª–æ–∫ –ø–∏—Ç–∞–Ω–∏—è - SYSTEM POWER 9 500W ‚öôÔ∏è–ö—É–ª–µ—Ä –¥–ª—è –ø—Ä–æ—Ü–µ—Å—Å–æ—Ä–∞ - DeepCool ICE BLADE 100 ‚öôÔ∏è–ö–æ—Ä–ø—É—Å AeroCool —Å –ø–æ–¥—Å—Ç–≤–µ—Ç–∫–æ–π –¢–∞–∫ –∂–µ –∫ –∫–æ–º–ø—å—é—Ç–µ—Ä—É: - –ú–æ–Ω–∏—Ç–æ—Ä. –î–∏–∞–≥–æ–Ω–∞–ª—å 27 ¬´–µ—Å—Ç—å –¥–µ—Ñ–µ–∫—Ç ,–ø–æ–ª–æ—Å–∞ –Ω–∞ —ç–∫—Ä–∞–Ω–µ , –Ω–∞ —Ä–∞–±–æ—Ç–æ—Å–ø–æ—Å–æ–±–Ω–æ—Å—Ç—å –Ω–µ –≤–ª–∏—è–µ—Ç¬ª - –ò–≥—Ä–æ–≤–∞—è –º—ã—à–∫–∞ –æ—Ç Logitech, –∏–≥—Ä–æ–≤–∞—è –∫–ª–∞–≤–∏–∞—Ç—É—Ä–∞ MSI, –Ω–∞—É—à–Ω–∏–∫–∏ Logitech G435 , –∫–æ–≤—Ä–∏–∫ –∏ –∫–æ–ª–æ–Ω–∫–∏ - –ü—Ä–æ–¥–∞—é –∫–æ–º–ø—å—é—Ç–µ—Ä –±—Ä–∞—Ç–∞, –ø–æ –ø—Ä–∏—á–∏–Ω–µ –ø–µ—Ä–µ–µ–∑–¥–∞",-90442795,353383,vk,–ö–æ–º–ø—å—é—Ç–µ—Ä —Å –∫–æ–º–ø–ª–µ–∫—Ç—É—é—â–∏–º–∏ –∏ –∞–∫—Å–µ—Å—Å—É–∞—Ä–∞–º–∏,55000,RUB,1,valid,The offer clearly describes a computer with components and accessories bundled together for a specific price.
4,"–ù–æ–≤–∏–Ω–∫–∞ —Å–µ–∑–æ–Ω–∞ 
–ö–∞—á–µ—Å—Ç–≤–æ –æ—á–µ–Ω—å —Ö–æ—Ä–æ—à–µ–µ 
–¶–µ–Ω–∞ –∑–∞ —à—Ç 2000‚ÇΩ
–†–∞–∑–º–µ—Ä 50 52 54 56 58
–†–∞–∑–º–µ—Ä –≤ —Ä–∞–∑–º–µ—Ä –∏–¥—É—Ç
–ü–æ–¥—Ä–æ–±–Ω–µ–µ –Ω–∞ https://vk.com/wall488363770_23767",-192083416,15466,vk,–ù–æ–≤–∏–Ω–∫–∞ —Å–µ–∑–æ–Ω–∞,2000,RUB,1,invalid,"The OFFER lacks detailed product information, requiring external context for verification."
5,"–ø—Ä–æ–¥–∞–º —á–∞—Å—ã galaxy watch
–ø–æ–∫—É–ø–∞–ª–∏ –Ω–∞ –∞–º–∞–∑–æ–Ω–µ, —á–∞—Å–∞–º –º–µ–Ω—å—à–µ –≥–æ–¥–∞.
–≤ –æ—á–µ–Ω—å —Ö–æ—Ä–æ—à–µ–º —Å–æ—Å—Ç–æ—è–Ω–∏–∏ 
–≤ –ø–æ–¥–∞—Ä–æ–∫ —Å—Ç–∞–ª—å–Ω–æ–π —Ä–µ–º–µ—à–æ–∫ —Å –∑–∞–º–∫–æ–º –±–∞–±–æ—á–∫–∞ 

200‚Ç¨",1121942433,119858,tg,—á–∞—Å—ã galaxy watch —Å —Å—Ç–∞–ª—å–Ω—ã–º —Ä–µ–º–µ—à–∫–æ–º,200,EUR,1,valid,The offer clearly describes the bundle including the Galaxy Watch with a steel strap at the stated price and currency.
6,"‚úÖ–£—Ä–∞ –ü–æ–¥—É—à–∫–∞  –õ–µ–±–µ–¥–∏  –ø—É—Ö 
‚úÖ—Ç–∫–∞–Ω—å —Ç–∏–∫ 
‚úÖ–†–∞–∑–º–µ—Ä 70—Ö70—Å–º —Ü–µ–Ω–∞ –∑–∞ —à—Ç—É–∫—É 300
‚úÖ–†–∞–∑–º–µ—Ä 50—Ö70—Å–º —Ü–µ–Ω–∞ –∑–∞ —à—Ç—É–∫ 250
‚úÖ–†–∞–∑–º–µ—Ä 70—Ö70 —Ü–µ–Ω–∞ —É–ø–∞–∫–æ–≤–∫–∞ 2600 (10√ó260) 
‚úÖ–†–∞–∑–º–µ—Ä 50—Ö70 —Ü–µ–Ω–∞ —É–ø–∞–∫–æ–≤–∫–∞ 2300 (10√ó230) 
–†—ã–Ω–æ–∫ —Å–∞–¥–æ–≤–æ–¥ –¢–¶ 2–ê-54 –ö–û–†–ü–£–° –ê
–¢–µ–ª 8 926 723 07 20
–ü–æ–¥—Ä–æ–±–Ω–µ–µ –Ω–∞ https://vk.com/wall488363770_23106",-192083416,14848,vk,–£–ø–∞–∫–æ–≤–∫–∞ –ø–æ–¥—É—à–µ–∫ –õ–µ–±–µ–¥–∏ –ø—É—Ö —Ç–∫–∞–Ω—å —Ç–∏–∫ 70—Ö70—Å–º,2600,RUB,10,valid,"The offer clearly specifies a bundle of 10 pillows size 70x70cm with a price of 2600 RUB, matching the description."
7,"–õ–∏—á–Ω–∞—è –≤—Å—Ç—Ä–µ—á–∞ 
–º. –†–µ—á–Ω–æ–π –≤–æ–∫–∑–∞–ª
 
‚úî –Æ—Å—Ç–µ–π–Ω –ì–æ—Ä–¥–µ—Ä - –ê–ø–µ–ª—å—Å–∏–Ω–æ–≤–∞—è –¥–µ–≤—É—à–∫–∞ ‚û§ 200
 ""–ê–ø–µ–ª—å—Å–∏–Ω–æ–≤–∞—è –î–µ–≤—É—à–∫–∞"" - —ç—Ç–æ —Å–≤–æ–µ–æ–±—Ä–∞–∑–Ω–∞—è –∫–Ω–∏–≥–∞ –≤ –∫–Ω–∏–≥–µ, –∏–±–æ —Ä–∞—Å—Å–∫–∞–∑ –≤ –Ω–µ–π –≤–µ–¥—É—Ç –¥–≤–∞ —á–µ–ª–æ–≤–µ–∫–∞. –ú–∞–ª—å—á–∏–∫ –ì–µ–æ—Ä–≥ —Å–ª—ã—à–∏—Ç –≥–æ–ª–æ—Å —Å–≤–æ–µ–≥–æ –æ—Ç—Ü–∞ —Å–ø—É—Å—Ç—è –æ–¥–∏–Ω–Ω–∞–¥—Ü–∞—Ç—å –ª–µ—Ç –ø–æ—Å–ª–µ –µ–≥–æ —Å–º–µ—Ä—Ç–∏... 
 
‚úî –ë–µ–Ω–¥–∂–∞–º–∏–Ω –õ–µ–±–µ—Ä—Ç ‚Äì Crazy ‚û§ 200
–í —Å–≤–æ–µ–º –∞–≤—Ç–æ–±–∏–æ–≥—Ä–∞—Ñ–∏—á–µ—Å–∫–æ–º —Ä–æ–º–∞–Ω–µ —à–µ—Å—Ç–Ω–∞–¥—Ü–∞—Ç–∏–ª–µ—Ç–Ω–∏–π –ë–µ–Ω–¥–∂–∞–º–∏–Ω –õ–µ–±–µ—Ä—Ç —Å —É–¥–∏–≤–∏—Ç–µ–ª—å–Ω–æ–π —Ç–µ–ø–ª–æ—Ç–æ–π, –±–æ–ª—å—à–∏–º —á—É–≤—Å—Ç–≤–æ–º —é–º–æ—Ä–∞ –∏ –∏–∑—Ä—è–¥–Ω–æ–π –¥–æ–ª–µ–π –∏—Ä–æ–Ω–∏–∏ —Ä–∞—Å—Å–∫–∞–∑—ã–≤–∞–µ—Ç –æ —Ç—Ä—É–¥–Ω–æ—Å—Ç—è—Ö –≤–∑—Ä–æ—Å–ª–µ–Ω–∏—è. –≠—Ç–æ –ø–µ—Ä–≤–æ–µ –ø—Ä–æ–∏–∑–≤–µ–¥–µ–Ω–∏–µ –º–æ–ª–æ–¥–æ–≥–æ –∞–≤—Ç–æ—Ä–∞.
 
‚úî –Ø–Ω—É—à –í–∏—à–Ω–µ–≤—Å–∫–∏–π - –ú–æ–ª–µ–∫—É–ª—ã —ç–º–æ—Ü–∏–π ‚û§ 100
 
‚úî –§—Ä–µ–¥–µ—Ä–∏–∫ –ë–µ–≥–±–µ–¥–µ—Ä - 99 —Ñ—Ä–∞–Ω–∫–æ–≤ ‚û§ 100
–ö–Ω–∏–≥–∞ ¬´99 —Ñ—Ä–∞–Ω–∫–æ–≤¬ª –ø—Ä–µ–¥—Å—Ç–∞–≤–ª—è–µ—Ç —Å–æ–±–æ–π –æ—Å—Ç—Ä–æ—É–º–Ω—É—é —Å–∞—Ç–∏—Ä—É –Ω–∞ —Ä–µ–∫–ª–∞–º–Ω—ã–π –±–∏–∑–Ω–µ—Å, –¥–µ—Ä–∑–∫–æ–µ —Ä–∞–∑–æ–±–ª–∞—á–µ–Ω–∏–µ –±–µ–∑—É–º–Ω–æ–≥–æ –∏ –ø–æ–ª–Ω–æ–≥–æ –ø—Ä–µ–≤—Ä–∞—Ç–Ω–æ—Å—Ç–µ–π –º–∏—Ä–∞, –≤ –∫–æ—Ç–æ—Ä–æ–º –≤—Å–µ –ø—Ä–µ–∑–∏—Ä–∞—é—Ç –¥—Ä—É–≥ –¥—Ä—É–≥–∞, –≥–¥–µ –±–µ–∑–¥–∞—Ä–Ω–æ —Ä–∞—Å—Ç—Ä–∞—á–∏–≤–∞—é—Ç—Å—è —á–µ–ª–æ–≤–µ—á–µ—Å–∫–∏–µ —Ä–µ—Å—É—Ä—Å—ã...
 
‚úî –í–ª–∞–¥–∏–º–∏—Ä –ì–∏–ª—è—Ä–æ–≤—Å–∫–∏–π - –ú–æ—Å–∫–≤–∞ –∏ –º–æ—Å–∫–≤–∏—á–∏ ‚û§ 100
‚úî –®–∞—Ä–ª–æ—Ç—Ç–∞ –†–æ–≥–∞–Ω - –®–ª—é–ø–∫–∞ ‚û§ 200 –ù–µ—á–∏—Ç–∞–Ω–Ω–∞—è",-48332904,746702,vk,–í–ª–∞–¥–∏–º–∏—Ä –ì–∏–ª—è—Ä–æ–≤—Å–∫–∏–π - –ú–æ—Å–∫–≤–∞ –∏ –º–æ—Å–∫–≤–∏—á–∏,100,RUB,1,valid,"The bundle matches the offer with clear details, including title, count, and price in the specified currency."
8,"–ö–∞—Ä—Ç—Ä–∏–¥–∂ –¥–ª—è –∫–∞–∫–æ–≥–æ-—Ç–æ –ø—Ä–∏–Ω—Ç–µ—Ä–∞: 500 —Ä—É–±–ª–µ–π 

–í–µ—Å—ã —Å —Ç–æ—á–Ω–æ—Å—Ç—å—é +- 0.5 –∫–≥: 100 —Ä—É–±–ª–µ–π

–ó–∞–±–∏—Ä–∞—Ç—å –≤ 11–∫–µ",-177461486,40599,vk,–í–µ—Å—ã,100,RUB,1,valid,"The product bundle (–í–µ—Å—ã) is specified with clear details about the item, count, price, and currency."
9,"- –∫–æ—Ñ–µ–≤–∞—Ä–∫–∞ –∫–∞–ø–µ–ª—å–Ω–∞—è, 300—Ä –∏–ª–∏ –±–æ–ª—å—à–∞—è –º–∏–ª–∫–∞. - –º–∞–≥–Ω–∏—Ç–æ–ª–∞ Mystery, —Å–≤–µ—Ç–∏—Ç—Å—è —Ä–∞–∑–Ω—ã–º–∏ —Ü–≤–µ—Ç–∞–º–∏, 800—Ä. - –∫—Ä–∞—Å–Ω—ã–µ –¥–∏–Ω–∞–º–∏–∫–∏ 600—Ä –∑–∞ –æ–±–∞. - —Å–æ–≤–µ—Ç—Å–∫–∏–µ –¥–∏–Ω–∞–º–∏–∫–∏, 500—Ä –∑–∞ —à—Ç—É–∫—É. - –Ω—á –¥–∏–Ω–∞–º–∏–∫ –ø–æ–¥ —Ä–µ–º–æ–Ω—Ç –∏ –∑–∞–ø—á–∞—Å—Ç–∏ –∑–∞ –≤–∞—à—É —Ü–µ–Ω—É. - —Ç–µ–ª–µ—Ñ–æ–Ω 500—Ä. - –ø–æ–¥–≥–æ–ª–æ–≤–Ω–∏–∫–∏ –í–ê–ó 2115 500—Ä. - –∞–∫–∫—É–º—É–ª—è—Ç–æ—Ä 800—Ä.",-90442795,350946,vk,—Ç–µ–ª–µ—Ñ–æ–Ω,500,RUB,1,valid,"The bundle includes a single '—Ç–µ–ª–µ—Ñ–æ–Ω' with sufficient detail, matching the provided description and price."
10,"–ø—Ä–æ–¥–∞–º 

‚ú®–∏–¥–µ–∞–ª—å–Ω—ã–µ —Å–∞–Ω–¥–∞–ª–∏-–±–æ—Å–æ–Ω–æ–∂–∫–∏, (–Ω–æ–≤—ã–µ –≤ —Ñ–∏—Ä–º–µ–Ω–Ω–æ–π –∫–æ—Ä–æ–±–æ—á–∫–µ) 
—Ü–≤–µ—Ç —Å–æ—á–µ—Ç–∞–µ—Ç—Å—è —Å–æ –≤—Å–µ–º, –Ω–∞ –∑–∞–≥–æ—Ä–µ–ª—ã—Ö –Ω–æ–∂–∫–∞—Ö –≤–æ–æ–±—â–µ –æ–≥–æ–Ω—å, —Ä–∞–∑–º–µ—Ä 37 - 60 –ª–∞—Ä–∏ (–ø–æ–∫—É–ø–∞–ª–∞ –∑–∞ 110–ª–∞—Ä–∏)

‚ú®–∫—É–ø–∞–ª—å–Ω–∏–∫ –≤ –ø–æ–ª–æ—Å–∫—É marmelato —Ç—Ä—É—Å–∏–∫–∏ –Ω–∞ –∑–∞–≤—ã—à–µ–Ω–Ω–æ–π —Å—Ç—Ä–æ–π–Ω–∏—Ç (–Ω–æ–≤—ã–π)- 25 –ª–∞—Ä–∏ (–±–∞–Ω–¥–∞–Ω–∞ –∏ –æ—á–∫–∏ –≤ –ø–æ–¥–∞—Ä–æ–∫)

‚ú®—Ç–æ–ø-–±–ª—É–∑–∞ –≥–æ–ª—É–±–∞—è love republic (–Ω–æ–≤–∞—è) - 25 –ª–∞—Ä–∏  

‚ú®—Ç—É—Ñ–ª–∏-–ª–æ–¥–æ—á–∫–∏ - 40 –ª–∞—Ä–∏ 
–∫–æ–º—Ñ–æ—Ä—Ç–Ω–∞—è –∫–æ–ª–æ–¥–∫–∞ –∏ –≤—ã—Å–æ–∫–∞ –∫–∞–±–ª—É–∫–∞, –º—è–≥–∫–∏–µ 

‚ú® –∫–æ—Å—Ç—é–º –∑–µ–ª–µ–Ω—ã–º hm- 70 –ª–∞—Ä–∏ (—Å–æ—Å—Ç–æ—è–Ω–∏–µ –Ω–æ–≤–æ–≥–æ) –ø–ª–∞—Ç–æ—á–µ–∫-–±–∞–Ω–¥–∞–Ω–∞ –≤ –ø–æ–¥–∞—Ä–æ–∫ –∫ –∫–æ—Å—Ç—é–º—É 

‚ú®–∫–æ–º–±–∏–Ω–µ–∑–æ–Ω –Ω–∏–∑–æ–Ω —á–µ—Ä–Ω—ã–π –Ω–∞ –±—Ä–µ—Ç–µ–ª—å–∫–∞—Ö stradivarius (–Ω–æ–≤—ã–π) - 50 –ª–∞—Ä–∏ (–ø–æ–∫—É–ø–∞–ª–∞ –∑–∞ 119)

‚ú®–∏–¥–µ–∞–ª—å–Ω–æ–µ –ø–ª—è–∂–Ω–æ–µ –±–µ–ª–æ–µ –ø–ª–∞—Ç—å–µ (–Ω–æ–≤–æ–µ) - 45 –ª–∞—Ä–∏ 

‚ú®–≥—É–∞—à–∞ –º–∞—Å—Å–∞–∂–Ω—ã–π —Ä–æ–ª–ª–µ—Ä—ã –¥–ª—è –ª–∏—Ü–∞ (–Ω–æ–≤—ã–µ) - –ø–æ 10 –ª–∞—Ä–∏

–ø–æ –≤–æ—Å–ø—Ä–æ—Å–∞–º –ø–∏—à–∏—Ç–µ –≤ –ª–∏—á–∫—Éüòâ",1332882905,571558,tg,—Ç—É—Ñ–ª–∏-–ª–æ–¥–æ—á–∫–∏,40,–ª–∞—Ä–∏,1,valid,"The OFFER clearly specifies the product: —Ç—É—Ñ–ª–∏-–ª–æ–¥–æ—á–∫–∏, for 40 –ª–∞—Ä–∏, making it possible to verify and understand the bundle."
11,"–¥–∂–∏–Ω—Å—ã defacto, 36 —Ä–∞–∑–º–µ—Ä, —Ü–µ–Ω–∞ 35 –ª–∞—Ä–∏. –¥–∂–∏–Ω—Å—ã pull and bear (—á–µ—Ä–Ω—ã–µ), —Ä–∞–∑–º–µ—Ä 36, –ø–æ—á—Ç–∏ –Ω–æ–≤—ã–µ, —Ü–µ–Ω–∞ 50 –ª–∞—Ä–∏. —Å–∞–±—É—Ä—Ç–∞–ª–æ",1332882905,546624,tg,"–¥–∂–∏–Ω—Å—ã pull and bear, —á–µ—Ä–Ω—ã–µ, —Ä–∞–∑–º–µ—Ä 36, –ø–æ—á—Ç–∏ –Ω–æ–≤—ã–µ",50,–ª–∞—Ä–∏,1,valid,The OFFER matches the bundle description including product details and price.
12,"üìç air pods pro 
–∫–∞—á–µ—Å—Ç–≤–µ–Ω–Ω–∞—è —Ä–µ–ø–ª–∏–∫–∞
—Å–æ–≤—Å–µ–º –Ω–æ–≤—ã–µ 
—Ü–µ–Ω–∞: 65 –ª–∞—Ä–∏

üìç –ø—ã–ª–µ—Å–æ—Å bosch 
 –≤ —Ö–æ—Ä–æ—à–µ–º —Å–æ—Å—Ç–æ—è–Ω–∏–∏
—Ü–µ–Ω–∞: 190 –ª–∞—Ä–∏

üìç –ø–ª–∞—Ç—å–µ h&m 
—Ä–∞–∑–º–µ—Ä: xs - s
—Ü–µ–Ω–∞: 25 –ª–∞—Ä–∏

üìç –ø–∏–∂–∞–º–∞
—Ä–∞–∑–º–µ—Ä: –º 
—Ü–µ–Ω–∞: 25 –ª–∞—Ä–∏

üìç–∫–∞–±–ª—É–∫–∏ mango
—Ä–∞–∑–º–µ—Ä: 39-40
—Ü–µ–Ω–∞: 55 –ª–∞—Ä–∏

üìç –∫—Ä–æ—Å—Å–æ–≤–∫–∏ reserved 
–Ω–∞ –∫–∞—É—á—É–∫–æ–≤—ã–π –ø–æ–¥–æ—à–≤–µ
—Ä–∞–∑–º–µ—Ä: 39
—Ü–µ–Ω–∞: 50 –ª–∞—Ä–∏

–Ω–æ–º–µ—Ä: 597 105 740",1332882905,784059,tg,–ø–∏–∂–∞–º–∞,25,GEL,1,valid,The offer matches the bundle description accurately.
13,"–ú–µ—Ç—Ä–æ –Æ–≥–æ –ó–∞–ø–∞–¥–Ω–∞—è üå∏
1). –ö–æ–∂–∞–Ω–∞—è —Å—É–º–∫–∞ —Å –∫–∞—Ä–º–∞–Ω–æ–º Reserved
–†–∞–∑–º–µ—Ä 20—Ö14 —Å–º. –ù–æ–≤–∞—è
–¶–µ–Ω–∞: 600‚ÇΩ
2). –ù–µ–π–ª–æ–Ω–æ–≤–∞—è —Å—É–º–∫–∞ —Å –±—Ä–µ–ª–æ–∫–æ–º
–†–∞–∑–º–µ—Ä 23—Ö16 —Å–º. –ù–æ–≤–∞—è
–¶–µ–Ω–∞: 300‚ÇΩ
3). –°—Ç—ë–≥–∞–Ω–∞—è —Å—É–º–∫–∞ Reserved
–†–∞–∑–º–µ—Ä 33—Ö26 —Å–º. –ù–æ–≤–∞—è
–¶–µ–Ω–∞: 800‚ÇΩ
4). –°—É–º–∫–∞-–±–∞—Ä—Å–µ—Ç–∫–∞ H&M
–†–∞–∑–º–µ—Ä 15—Ö22 —Å–º. –ù–æ–≤–∞—è
–¶–µ–Ω–∞: 400‚ÇΩ
5). –¢–æ–ª—Å—Ç–æ–≤–∫–∞ Befree
–†–∞–∑–º–µ—Ä XL. –ù–æ–≤–∞—è
–¶–µ–Ω–∞: 800‚ÇΩ
6). –°–ø–æ—Ä—Ç–∏–≤–Ω—ã–µ —à—Ç–∞–Ω—ã/–¥–∂–æ–≥–≥–µ—Ä—ã Befree
–†–∞–∑–º–µ—Ä –ú. –ù–æ–≤—ã–µ
–¶–µ–Ω–∞: 800‚ÇΩ
7). –ü–ª–∏—Å—Å–∏—Ä–æ–≤–∞–Ω–Ω–∞—è —é–±–∫–∞ –º–∏–¥–∏ Reserved
–†–∞–∑–º–µ—Ä L. –ù–æ–≤–∞—è
–¶–µ–Ω–∞: 800‚ÇΩ
8). –ë–æ—Ç–∏–ª—å–æ–Ω—ã –ø–æ–¥ –∑–º–µ–∏–Ω—É—é –∫–æ–∂—É 
–†–∞–∑–º–µ—Ä 39. –í –æ—Ç–ª–∏—á–Ω–æ–º —Å–æ—Å—Ç–æ—è–Ω–∏–∏ 
–¶–µ–Ω–∞: 700‚ÇΩ
9). –ó–∏–º–Ω–∏–π –ø—É—Ö–æ–≤–∏–∫ —Å –Ω–∞–∫–ª–∞–¥–Ω—ã–º–∏ –∫–∞—Ä–º–∞–Ω–∞–º–∏ Reserved 
–†–∞–∑–º–µ—Ä L. –ù–æ–≤—ã–π
–¶–µ–Ω–∞: 2000‚ÇΩ",-48332904,734801,vk,–¢–æ–ª—Å—Ç–æ–≤–∫–∞ Befree,800,RUB,1,valid,The OFFER clearly lists a Befree hoodie with matching details in the bundle description.
14,"–°–¥–µ–ª–∞—é –±–∏–ª–µ—Ç—ã –ø–æ —Å–∫–∏–¥–∫–µ 

–ü–∞—Ä—Ç–µ—Ä 1000-2200—Ä(–≤ –∫–∞—Å—Å–µ 1600-3500) 
–ë–µ–ª—å—ç—Ç–∞–∂ 1000-1300(–≤ –∫–∞—Å—Å–µ 1575-2115) 
–ë–∞–ª–∫–æ–Ω 500-800(–≤ –∫–∞—Å—Å–µ 800-1215) 
–í–∏–ø –ø–∞—Ä—Ç–µ—Ä 1800(–≤ –∫–∞—Å—Å–µ 2690) 

–° 26 –¥–µ–∫–∞–±—Ä—è –ø–æ 8 —è–Ω–≤–∞—Ä—è",-96362008,196178,vk,–ë–∏–ª–µ—Ç –ü–∞—Ä—Ç–µ—Ä,2200,RUB,1,valid,"The offer clearly specifies a '–ë–∏–ª–µ—Ç –ü–∞—Ä—Ç–µ—Ä' with a price and count, making it a valid bundle."
15,"–öo–ª—è—Å–∫–∞ Anex 3 –≤ 1, –µ—Å—Ç—å —Üa—Ä–∞–ø–∏–Ω—ã  –Ω–∞ —Ä–∞–º–µ, –Ω–æ –≤ —Ü–µ–ª–æ–º –∫o–ª—è—Å–∫–∞  –≤ xo—Ä–æ—à–µ–º —Å–æ—Å—Ç–æ—è–Ω–∏–∏, –≤—Å—è –∏—Å–øp–∞–≤–Ω–∞, —á–∏—Å—Ç–∞—è, –µ—Å—Ç—å —Åy–º–∫–∞, —Å–µ—Ç–∫–∞,  –Ω–∞–∫–∏–¥–∫–∞ –Ω–∞  a–≤—Ç–æ–ª—é–ª—å–∫—É. –ö–æ–ª—èc–∫a  –ºa–Ω–µ–≤—Ä–µ–Ω–Ω–∞—è, —Ö–æ—Ä–æ—à–∞—è  –ø—Ä–æ—Ö–æ–¥–∏–º–æ—Å—Ç—å, —É–¥–æ–±–Ω–∞—è. 13 —Ç—ã—Å—è—á.",-82544098,650642,vk,"–ö–æ–ª—è—Å–∫–∞ Anex 3 –≤ 1, –±/—É",13000,RUB,1,valid,"The offer clearly describes the bundle, including condition and contents, making it possible to verify the product."
16,–ü–ª–∞–Ω—à–µ—Ç HUAWEI MatePad –≤ —Ö–æ—Ä–æ—à–µ–º —Å–æ—Å—Ç–æ—è–Ω–∏–∏ 17000,-48332904,735665,vk,–ü–ª–∞–Ω—à–µ—Ç HUAWEI MatePad,17000,RUB,1,valid,"The offer clearly describes the bundle, including its count and price in the specified currency"
17,"–ø—Ä–æ–¥–∞–º –ø–æ—Ä—Ç–∞—Ç–∏–≤–Ω—É—é –∫–æ–ª–æ–Ω–∫—É sony, 50 –µ–≤—Ä–æ, –ª–∏–º–∞—Å—Å–æ–ª",1121942433,680715,tg,–ø–æ—Ä—Ç–∞—Ç–∏–≤–Ω–∞—è –∫–æ–ª–æ–Ω–∫–∞ sony,50,EUR,1,valid,"The offer clearly specifies the product, count, price, and currency, allowing customers to understand and verify what is being sold."
18,"1. –¥–∂–∏–Ω—Å—ã zara (34 —Ä–∞–∑–º–µ—Ä) 40 –ª–∞—Ä
2. –¥–∂–∏–Ω—Å—ã uniqlo xs/s (–ø—Ä–∞–∫—Ç–∏—á–µ—Å–∫–∏ –Ω–æ–≤—ã–µ) 50 –ª–∞—Ä
3. –±—Ä—é–∫–∏ gate 31 40 –ª–∞—Ä
4. –¥–∂–∏–Ω—Å—ã lime 30 –ª–∞—Ä
5. –∫–∞—Ä–¥–∏–≥–∞–Ω –∑–∞—Ä–∞ 100 –ª–∞—Ä
6. —Å–≤–∏—Ç–µ—Ä h&m 40 –ª–∞—Ä
7. —Å–≤–∏—Ç–µ—Ä 40 –ª–∞—Ä",1332882905,287568,tg,—Å–≤–∏—Ç–µ—Ä h&m,40,–ª–∞—Ä,1,valid,The OFFER clearly specifies a single item matching the bundle description for purchase at the mentioned price and currency.
19,"1. —à–æ—Ä—Ç—ã –±–µ–∂–µ–≤—ã–µ  (–≤ –∂–∏–∑–Ω–∏ –±–æ–ª–µ–µ —Ç—ë–ø–ª–æ–≥–æ —Ü–≤–µ—Ç–∞) –∏–∑ –ø—Ä–∏—è—Ç–Ω–æ–≥–æ –ª—ë–≥–∫–æ–≥–æ –º–∞—Ç–µ—Ä–∏–∞–ª–∞. –Ω–æ—Å–∏–ª–∞ –ø–∞—Ä—É —Ä–∞–∑. —Ä–∞–∑–º–µ—Ä s (–Ω–∞ –±–∏—Ä–∫–µ —É–∫–∞–∑–∞–Ω 36)
10 –ª–∞—Ä–∏
2. –∫—Ä–æ—Å—Å–æ–≤–∫–∏ puma. —Ä–∞–∑–º–µ—Ä 38, uk 5 (24 —Å–º). —Å–æ—Å—Ç–æ—è–Ω–∏–µ 5-
50 –ª–∞—Ä–∏
üìç–º. —Ç–µ—Ö–Ω–∏—á–µ—Å–∫–∏–π —É–Ω–∏–≤–µ—Ä—Å–∏—Ç–µ—Ç",1332882905,390083,tg,–∫—Ä–æ—Å—Å–æ–≤–∫–∏ Puma —Ä–∞–∑–º–µ—Ä 38,50,GEL,1,valid,"The bundle exactly matches the described product, count, price, and currency."
20,"–±—Ä—é–∫–∏ roxy –ø–ª—è–∂–Ω–æ–≥–æ —Ç–∏–ø–∞ , —Ä–∞–∑–º–µ—Ä l , –Ω–∞ –º–æ–π –æ–± 98-100 –≤–µ–ª–∏–∫–æ–≤–∞—Ç—ã - —Ç–µ—Ä—è—é, –ø–æ—ç—Ç–æ–º—É –ø–æ—á—Ç–∏ –Ω–µ –Ω–æ—Å–∏–ª–∞.
 - –≤–∏—Å–∫–æ–∑–∞ 100%
 - –¥–≤–∞ –∫–∞—Ä–º–∞—à–∫–∞ –±–æ–∫–æ–≤—ã—Ö
 - —Ç–∞–ª–∏—è —Å–∑–∞–¥–∏ –Ω–∞ —Ä–µ–∑–∏–Ω–∫–µ

üî∏30 –ª–∞—Ä–∏

üìç —Å–∞–±—É—Ä—Ç–∞–ª–æ",1332882905,744218,tg,"–±—Ä—é–∫–∏ roxy –ø–ª—è–∂–Ω–æ–≥–æ —Ç–∏–ø–∞, —Ä–∞–∑–º–µ—Ä L",30,GEL,1,valid,"The OFFER clearly describes the bundle including the type, size, condition, material, features, and the price in the specified currency."
21,"—Ç—É–º–±–∞ –ø–æ–¥ —Ç–≤, –æ—Ç–¥–∞–º –∑–∞ 40 –ª–∞—Ä–∏ –µ—Å–ª–∏ –∑–∞–±–µ—Ä–µ—Ç–µ —Å–µ–≥–æ–¥–Ω—è –¥–æ 6 –≤–µ—á–µ—Ä–∞, –≤–∞–∫–µ",1332882905,740823,tg,—Ç—É–º–±–∞ –ø–æ–¥ —Ç–≤,40,RUB,1,invalid,Currency mismatch between offer and product description.
22,"–ú–æ—Å–∫–≤–∞. –ë–∏—Ä—é–ª–µ–≤–æ
–ü—Ä–∞–∂—Å–∫–∞—è
–ü–µ—Ä–µ—Å—ã–ª

1. –ü–∞–ª—å—Ç–æ –æ–≤–µ—Ä—Å–∞–π–∑ L
1000—Ä
2. –ö—É—Ä—Ç–∫–∞ L –¥–µ–º–∏
1000—Ä
3. –ö—É—Ä—Ç–∫–∞ S/M –¥–µ–º–∏
500—Ä
4. –ü–∞–ª—å—Ç–æ –ú –¥–µ–º–∏
350—Ä
5. –í–µ—Ç—Ä–æ–≤–∫–∞ XXL
400—Ä
6. –•—É–¥–∏ –ø–ª—é—à–µ–≤–æ–µ –ú
700—Ä
7. –°–≤–∏—Ç–µ—Ä –≤–µ–ª—é—Ä–æ–≤—ã–π –ú
500—Ä
8. –í–µ—Ç—Ä–æ–≤–∫–∞ –±–æ–º–±–µ—Ä S
450—Ä",-123125734,582086,vk,–í–µ—Ç—Ä–æ–≤–∫–∞ XXL,400,RUB,1,valid,"The OFFER clearly specifies a bundle for a –í–µ—Ç—Ä–æ–≤–∫–∞ XXL at the given price and count, matching the description provided."
23,"–ü—Ä–æ–¥–∞—é –±—É –±–ª—É–∑–∫–∏ –∏ –¥–∂–µ–º–ø–µ—Ä ( –≤–µ—â–∏ –±—ã–ª–∏ –Ω–∞–¥–µ—Ç—ã –≤—Å–µ–≥–æ –æ–¥–∏–Ω —Ä–∞–∑) . –ü–µ—Ä–≤–∞—è –±–ª—É–∑–∫–∞ - –ì–ª–æ—Ä–∏—è –¥–∂–∏–Ω—Å , —Ä–∞–∑–º–µ—Ä -–º, –≤—Ç–æ—Ä–∞—è - —Ñ–∞–Ω–¥—ç–π, —Ç—Ä–µ—Ç–∏–π –¥–∂–µ–º–ø–µ—Ä - –∫–∏–∞–±–∏. –õ—é–±–∞—è –≤–µ—â—å -300 —Ä—É–±–ª–µ–π , –ø—Ä–∏ –ø–æ–∫—É–ø–∫–µ –¥–≤—É—Ö –∏ –±–æ–ª–µ–µ —Å–∫–∏–¥–∫–∞ !
–ú–µ—Ç—Ä–æ –º–µ–¥–≤–µ–¥–∫–æ–≤–æ",-48332904,740904,vk,–î–∂–µ–º–ø–µ—Ä –ö–∏–∞–±–∏,300,RUB,1,valid,"The offer explicitly mentions '–î–∂–µ–º–ø–µ—Ä –ö–∏–∞–±–∏' with a specified price of 300 RUB, which matches the bundle description."
24,"–ø–ª–∞—Ç–æ–∫ –∫–∞—à–µ–º–∏—Ä –Ω–æ–≤—ã–π 70 –ª–∞—Ä–∏
–≤—Å–µ –æ—Å—Ç–∞–ª—å–Ω–æ–µ –ø–æ 15 (–≤ –æ—Ç–ª–∏—á–Ω–æ–º —Å–æ—Å—Ç–æ—è–Ω–∏–∏ –∏ –Ω–æ–≤–æ–µ)
—Ä–æ—Å—Ç 150-160",1332882905,846958,tg,–ø–ª–∞—Ç–æ–∫ –∫–∞—à–µ–º–∏—Ä –Ω–æ–≤—ã–π,70,–ª–∞—Ä–∏,1,valid,The offer clearly provides all necessary details for the described cashmere scarf bundle.
25,—Ç–æ—Å—Ç–µ—Ä margarit –≤ —Ö–æ—Ä–æ—à–µ–º —Å–æ—Å—Ç–æ—è–Ω–∏–∏. 15 –µ–≤—Ä–æ. –ª–∏–º–∞—Å—Å–æ–ª,1121942433,344456,tg,—Ç–æ—Å—Ç–µ—Ä margarit,15,EUR,1,valid,"The OFFER contains all necessary information: product type, brand, condition, quantity, price, and currency."
26,"1)—é–±–∫–∞-—à–æ—Ä—Ç—ã tommy hilfiger –Ω–æ–≤–∞—è –∫–æ–ª–ª–µ–∫—Ü–∏—è!
—Ä–∞–∑–º–µ—Ä –º
—Ü–µ–Ω–∞ 125 –ª–∞—Ä–∏üí∏
2)–∫–æ—Å—Ç—é–º zara
—Ä–∞–∑–º–µ—Ä —Ä—É–±–∞—à–∫–∞ xs-s
–±—Ä—é–∫–∏ s
–Ω–µ—Å–∫–æ–ª—å–∫–æ —Ä–∞–∑ –æ–¥–µ—Ç.
—Ü–µ–Ω–∞ 100 –ª–∞—Ä–∏  üí∏
3)–∫—Ä–æ—Å—Å–æ–≤–∫–∏ calvin klein 
—Ä–∞–∑–º–µ—Ä 37
1 —Ä–∞–∑ –æ–±—É—Ç—ã,–º–Ω–µ –º–∞–ª—ã.
—Å–ª–µ–¥–æ–≤ –Ω–æ—Å–∫–∏ –Ω–µ—Ç,—Ç–æ–ª—å–∫–æ –≥—Ä—è–∑–Ω–∞—è –ø–æ–¥–æ—à–≤–∞.
—Ü–µ–Ω–∞ 240 –ª–∞—Ä–∏üí∏
4)–∫—Ä–æ—Å—Å–æ–≤–∫–∏ hugo boss
–Ω–æ–≤—ã–µ
—Ä–∞–∑–º–µ—Ä 36
—Ü–µ–Ω–∞ 390 –ª–∞—Ä–∏ üí∏üí∏üí∏",1332882905,392884,tg,–∫—Ä–æ—Å—Å–æ–≤–∫–∏ hugo boss,390,GEL,1,valid,The offer clearly specifies a bundle matching the description.
27,"–ø—Ä–æ–¥–∞—é —Å–ø–æ—Ä—Ç–∏–≤–Ω—ã–π –∫–æ—Å—Ç—é–º, –≤ –∏–¥–µ–∞–ª—å–Ω–æ–º —Å–æ—Å—Ç–æ—è–Ω–∏–∏ (–±–µ–∑ –∫–∞–∫–∏—Ö-–ª–∏–±–æ –∑–∞—Ü–µ–ø–æ–∫/–¥—ã—Ä–æ–∫/–ø–æ—Ç–µ—Ä—Ç–æ—Å—Ç–µ–π), –æ–¥–µ–ª–∞ –ø–∞—Ä—É —Ä–∞–∑. —Ç–∫–∞–Ω—å –ª–µ–≥–∫–∞—è, –∫–æ–º—Ñ–æ—Ä—Ç–Ω–∞—è, –Ω–µ –ø—Ä–æ—Å–≤–µ—á–∏–≤–∞–µ—Ç, —Ä–∞–∑–º–µ—Ä s-m. –ª–µ–≥–≥–∏–Ω—Å—ã push-up.

70 –ª–∞—Ä–∏ (–ø–æ–∫—É–ø–∞–ª–∞ –∑–∞ 130)",1332882905,516881,tg,"–°–ø–æ—Ä—Ç–∏–≤–Ω—ã–π –∫–æ—Å—Ç—é–º —Å –ª–µ–≥–≥–∏–Ω—Å—ã push-up, —Ä–∞–∑–º–µ—Ä S-M",70,GEL,1,valid,"The offer clearly describes the bundle including a sports suit with push-up leggings in sizes S-M, for the specified price and currency."
28,–∂—É—Ä–Ω–∞–ª—å–Ω—ã–π —Å—Ç–æ–ª–∏–∫ 90√ó50. –ª–∏–º–∞—Å—Å–æ–ª. —Ü–µ–Ω–∞ 15 –µ–≤—Ä–æ,1121942433,384726,tg,–∂—É—Ä–Ω–∞–ª—å–Ω—ã–π —Å—Ç–æ–ª–∏–∫,15,EUR,1,valid,"The offer clearly matches the bundle description with identifiable product, count, price, and currency."
29,"–±—Ä—é–∫–∏ h&m. —Ä–∞–∑–º–µ—Ä 30
—Å–æ—Å—Ç–æ—è–Ω–∏–µ –Ω–æ–≤—ã—Ö 

20 gel",1332882905,362856,tg,–±—Ä—é–∫–∏ h&m,20,GEL,1,valid,"The offer clearly specifies the bundle of one pair of H&M trousers, including size, condition, and price in the correct currency."
30,"–ó–ê–û
–í—Å—ë –Ω–æ–≤–æ–µ. –ù–µ —Ä–∞–∑—É –Ω–µ –ø–æ–ª—å–∑–æ–≤–∞–ª–∏—Å—å.. 
1) –°–≤–∞—Ä–æ—á–Ω—ã–π –∞–ø–ø–∞—Ä–∞—Ç 6500 —Ä—É–±
2) –±–µ–Ω–∑–æ–ø–∏–ª–∞ - 11000 —Ä—É–±",-48332904,733117,vk,–°–≤–∞—Ä–æ—á–Ω—ã–π –∞–ø–ø–∞—Ä–∞—Ç,6500,RUB,1,valid,"The offer clearly lists a single welding machine with price, satisfying the bundle requirements."
31,"#–ë–ù–ò_–ü—Ä–æ–¥–∞–º–ë–£_–°—Ç–∞–≤—Ä–æ–ø–æ–ª—å
#–ë–ù–ò_–ê–≤–∏—Ç–æ 
#–ë–ù–ò_Boxberry 
#–ë–ù–ò_–ü–æ—á—Ç–∞

–ü—Ä–æ–¥–∞–º –∏–≥—Ä—ã :
1. Anno 1800 , —Å–æ—Å—Ç–æ—è–Ω–∏–µ –æ—Ç–ª–∏—á–Ω–æ–µ, –∫–∞—Ä—Ç—ã –≤ –ø—Ä–æ—Ç–µ–∫—Ç–æ—Ä–∞—Ö, 1 –ø–∞—Ä—Ç–∏—è. –¶–µ–Ω–∞ 3000 —Ä—É–±.
2. –ü–∞—Ä–∏–∂, —Å–æ—Å—Ç–æ—è–Ω–∏–µ –Ω–æ–≤–æ–π –∏–≥—Ä—ã, –Ω–µ –∏–≥—Ä–∞–Ω–∞. –¶–µ–Ω–∞ 2500 —Ä—É–±.
3. –ë—Ä–∞–∑–∏–ª–∏—è +—Ä–µ–∞–ª–∏—Å—Ç–∏—á–Ω—ã–µ —Ä–µ—Å—É—Ä—Å—ã –æ—Ç holy tokens, –∫–∞—Ä—Ç—ã –≤ –ø—Ä–æ—Ç–µ–∫—Ç–æ—Ä–∞—Ö, —Å–æ—Å—Ç–æ—è–Ω–∏–µ –∏–¥–µ–∞–ª—å–Ω–æ–µ. –¶–µ–Ω–∞ 4000
4. Rallyman gt —Å–æ –≤—Å–µ–º–∏ –¥–æ–ø–æ–ª–Ω–µ–Ω–∏—è–º–∏ –∏ –¥–æ–ø–æ–ª–Ω–∏—Ç–µ–ª—å–Ω—ã–º –Ω–∞–±–æ—Ä–æ–º –∫—É–±–∏–∫–æ–≤ —Å–∫–æ—Ä–æ—Å—Ç–∏, –æ—Ä–≥–∞–Ω–∞–π–∑–µ—Ä –æ—Ç mighty box, –≤—Å–µ –∫–∞—Ä—Ç—ã –≤ –ø—Ä–æ—Ç–µ–∫—Ç–æ—Ä–∞—Ö, —Å–æ—Å—Ç–æ—è–Ω–∏–µ –Ω–æ–≤–æ–π –∏–≥—Ä—ã. –¶–µ–Ω–∞ 10000—Ä—É–±.
5. –ó–∞–ø—Ä–µ—Ç–Ω—ã–π –≥–æ—Ä–æ–¥ —Å –¥–æ–ø–æ–ª–Ω–µ–Ω–∏–µ–º panjun . –ö–∞—Ä—Ç—ã –≤ –ø—Ä–æ—Ç–µ–∫—Ç–æ—Ä–∞—Ö, meeple house,—Å–æ—Å—Ç–æ—è–Ω–∏–µ –æ—Ç–ª–∏—á–Ω–æ–µ . –¶–µ–Ω–∞ 5000—Ä—É–±.
6. –®–∞—Ä–ª–∞—Ç–∞–Ω—ã —Å –¥–≤—É–º—è –¥–æ–ø–æ–ª–Ω–µ–Ω–∏—è–º–∏, –æ—Ä–≥–∞–Ω–∞–π–∑–µ—Ä—ã –æ—Ç meeple house, –∫–∞—Ä—Ç—ã –≤ –ø—Ä–æ–µ–∫—Ç–æ—Ä–∞—Ö, –æ—Ç–ª–∏—á–Ω–æ–µ —Å–æ—Å—Ç–æ—è–Ω–∏–µ . –¶–µ–Ω–∞ 6000—Ä—É–±. 
7. –ö–µ–ª—é—Å 1303 , –Ω–µ –∏–≥—Ä–∞–Ω–∞ , —Å–æ—Å—Ç–æ—è–Ω–∏–µ –æ—Ç–ª–∏—á–Ω–æ–µ. –¶–µ–Ω–∞ 3000—Ä—É–±.
8. Glen more, –∏–∑–¥–∞–Ω–∏–µ –æ—Ç ravensburger, –¥–ª—è —Ü–µ–Ω–∏—Ç–µ–ª–µ–π –∫–ª–∞—Å—Å–∏–∫–∏. –¶–µ–Ω–∞ 2500—Ä—É–±.
9. –°–µ—Ä–∏—è –∑–∞–ø–∞–¥–Ω–æ–µ –∫–æ—Ä–æ–ª–µ–≤—Å—Ç–≤–æ. –í—Å–µ –∫–æ—Ä–æ–±–∫–∏ , –º–µ—Ç–∞–ª–∏—á–µ—Å–∫–∏–µ –º–æ–Ω–µ—Ç—ã,–ø–ª–µ–π–º–∞—Ç, –ø—Ä–æ–º–æ, –±–∏–≥ –±–æ–∫—Å—ã, –∫–æ—Ç–æ—Ä—ã–µ –±—ã–ª–∏ –ª–æ–∫–∞–ª–∏–∑–æ–≤–∞–Ω—ã –õ–∞–≤–∫–æ–π –ò–≥—Ä( –∞—Ä—Ö–∏—Ç–µ–∫—Ç–æ—Ä—ã, –≤–∏–∫–æ–Ω—Ç—ã, –ø–∞–ª–∞–¥–∏–Ω—ã, –ª–µ—Ç–æ–ø–∏—Å—å). –ü–æ—á—Ç–∏ –≤—Å–µ –∫–∞—Ä—Ç—ã –≤ –ø—Ä–æ—Ç–µ–∫—Ç–æ—Ä–∞—Ö. –î–ª—è –∞—Ä—Ö–∏—Ç–µ–∫—Ç–æ—Ä–æ–≤ –µ—â–µ —Ç–∞–∫–∂–µ  –µ—Å—Ç—å –æ—Ä–≥–∞–Ω–∞–π–∑–µ—Ä. –°–æ—Å—Ç–æ—è–Ω–∏–µ –æ—Ç–ª–∏—á–Ω–æ–µ.–¶–µ–Ω–∞ –∑–∞ –≤—Å—é –∫–æ–ª–ª–µ–∫—Ü–∏—é 16000—Ä—É–±.

–õ—é–±—ã–µ —Ñ–æ—Ç–æ –ø–æ –∑–∞–ø—Ä–æ—Å—É, –ø—Ä–∏ –æ—Ç–ø—Ä–∞–≤–∫–µ –ê–≤–∏—Ç–æ –¥–æ—Å—Ç–∞–≤–∫–æ–π –∫ —Å—Ç–æ–∏–º–æ—Å—Ç–∏ –ª–æ—Ç–∞ –ø—Ä–∏–±–∞–≤–ª—è—é 5% —Å—Ç–æ–∏–º–æ—Å—Ç–∏( –∫–æ–º–∏—Å—Å–∏—è –ê–≤–∏—Ç–æ). –ü—Ä–∏ –ø–æ–∫—É–ø–∫–µ –Ω–µ—Å–∫–æ–ª—å–∫–∏—Ö –ø–æ–∑–∏—Ü–∏–π —Å–¥–µ–ª–∞—é —Å–∫–∏–¥–∫—É. –ö–æ—Ä–æ–±–∫–∏ –æ—Ç –¥–æ–ø–æ–ª–Ω–µ–Ω–∏–π—Å–æ—Ö—Ä–∞–Ω–∏–ª–∏—Å—å. –ü—Ä–∏ –Ω–µ–æ–±—Ö–æ–¥–∏–º–æ—Å—Ç–∏ –æ—Ç–ø—Ä–∞–≤–ª—é –∏—Ö —Ç–æ–∂–µ. –ü–æ –≤–æ–ø—Ä–æ—Å–∞–º –ø–æ–∫—É–ø–∫–∏ –∂–µ–ª–∞—Ç–µ–ª—å–Ω–æ –ø–∏—Å–∞—Ç—å –≤ –ª–∏—á–∫—É!!!",-114967596,588365,vk,"–®–∞—Ä–ª–∞—Ç–∞–Ω—ã —Å –¥–≤—É–º—è –¥–æ–ø–æ–ª–Ω–µ–Ω–∏—è–º–∏, –Ω–∞—Å—Ç–æ–ª—å–Ω–∞—è –∏–≥—Ä–∞",6000,RUB,1,valid,"The offer clearly specifies a bundle that matches the provided description including the title, count, price, and currency."
32,"–û–±—É–≤—å –¥–ª—è –¥–µ–≤–æ—á–∫–∏ —Ä.26-27. –ü–∞–∫–µ—Ç 2200—Ä. –í –ø–æ–¥–∞—Ä–æ–∫ —Ç–∞–ø–∫–∏ –∏ –æ–±—É–≤—å –¥–ª—è –¥–∞—á–∏. –î–∑—Ñ—Å, —Å–ø–∞—Å—Å–∫–∞—è, –ø–æ–¥—á–µ—Ä–∫–æ–≤–æ, –≤ —Ü–µ–Ω—Ç—Ä–µ —Ç–æ–∂–µ –±—ã–≤–∞—é.

#–ë–î_–æ–±—É–≤—å",-82544098,649278,vk,–û–±—É–≤–Ω–æ–π –Ω–∞–±–æ—Ä –¥–ª—è –¥–µ–≤–æ—á–∫–∏,2200,RUB,1,valid,"The offer clearly defines a bundle of shoes for a girl, with a defined price and additional items included, matching the description."
33,"—ç–ª–µ–∫—Ç—Ä–∏—á–µ—Å–∫–∞—è —Ñ–æ–Ω–¥—é. –¥–ª—è –º—è—Å–∞, —Å—ã—Ä–∞ —Å –≤–∏–Ω–æ–º, –º–æ—Ä–µ–ø—Ä–æ–¥—É–∫—Ç–æ–≤ –∏–ª–∏ —à–æ–∫–æ–ª–∞–¥–∞ —Å —Ñ—Ä—É–∫—Ç–∞–º–∏ –ø–æ–¥–æ–π–¥–µ—Ç. 3 —Ç–µ—Ä–æ–º–æ —Ä–µ–∂–∏–º–∞. 20 –µ–≤—Ä–æ –ª–∏–º–∞—Å–æ–ª. –Ω–æ–≤–∞—è. –Ω–µ –±—ã–ª–∞ –≤ –∏—Å–ø–æ–ª—å–∑–æ–≤–∞–Ω–∏–∏",1121942433,692925,tg,—ç–ª–µ–∫—Ç—Ä–∏—á–µ—Å–∫–∞—è —Ñ–æ–Ω–¥—é,20,EUR,1,valid,"The offer clearly specifies a single electric fondue set suitable for various foods, new and unused, offered at the specified price and currency."
34,"‚úÖ–£—Ä–∞ –ü–æ–¥—É—à–∫–∞  –õ–µ–±–µ–¥–∏  –ø—É—Ö 
‚úÖ—Ç–∫–∞–Ω—å —Ç–∏–∫ 
‚úÖ–†–∞–∑–º–µ—Ä 70—Ö70—Å–º —Ü–µ–Ω–∞ –∑–∞ —à—Ç—É–∫—É 300
‚úÖ–†–∞–∑–º–µ—Ä 50—Ö70—Å–º —Ü–µ–Ω–∞ –∑–∞ —à—Ç—É–∫ 250
‚úÖ–†–∞–∑–º–µ—Ä 70—Ö70 —Ü–µ–Ω–∞ —É–ø–∞–∫–æ–≤–∫–∞ 2600 (10√ó260) 
‚úÖ–†–∞–∑–º–µ—Ä 50—Ö70 —Ü–µ–Ω–∞ —É–ø–∞–∫–æ–≤–∫–∞ 2300 (10√ó230) 
–†—ã–Ω–æ–∫ —Å–∞–¥–æ–≤–æ–¥ –¢–¶ 2–ê-54 –ö–û–†–ü–£–° –ê
–¢–µ–ª 8 926 723 07 20
–ü–æ–¥—Ä–æ–±–Ω–µ–µ –Ω–∞ https://vk.com/wall488363770_23106",-192083416,14848,vk,–ü–æ–¥—É—à–∫–∞ –õ–µ–±–µ–¥–∏ –ø—É—Ö —Ç–∫–∞–Ω—å —Ç–∏–∫ 70—Ö70—Å–º,300,RUB,1,valid,"The offer clearly specifies the bundle which matches the provided description in title, count, and price."
35,"‚Ä¢ –∑–∞–º—à–µ–≤—ã–µ –±–æ—Ç–∏–Ω–∫–∏ selected homme, eur 43 - 60gel
‚Ä¢ —à–æ—Ä—Ç—ã asics, m - 30 gel
‚Ä¢ —Ä–µ–º–µ–Ω—å vans, size 32 - 30 gel",1332882905,522980,tg,"—Ä–µ–º–µ–Ω—å vans, size 32",30,GEL,1,valid,The offer clearly matches the bundle description with sufficient details.
36,"–ø–æ—Å—É–¥–æ–º–æ–π–∫–∞ gorenje
–æ—Ç–¥–µ–ª—å–Ω–æ —Å—Ç–æ—è—â–∞—è
–ª–µ–≥–∫–æ –ø–æ–¥–∫–ª—é—á–∞–µ—Ç—Å—è
–≤—Ö—à—Ö–≥ 84—Ö44—Ö59 —Å–º
600 –ª–∞—Ä–∏",1332882905,735967,tg,–ø–æ—Å—É–¥–æ–º–æ–π–∫–∞ gorenje –æ—Ç–¥–µ–ª—å–Ω–æ —Å—Ç–æ—è—â–∞—è,600,GEL,1,valid,"The offer clearly states the product brand, type, and price."
37,"go fit resistance band + —Ñ–∏–∫—Å–∞—Ç–æ—Ä –¥–ª—è –¥–≤–µ—Ä–∏
30 –µ–≤—Ä–æ",1121942433,107899,tg,go fit resistance band + —Ñ–∏–∫—Å–∞—Ç–æ—Ä –¥–ª—è –¥–≤–µ—Ä–∏,30,EUR,1,valid,"The offer clearly specifies the bundle's components and the price, making it easy to understand without additional context."
38,"#–ë–ù–ò_–ü—Ä–æ–¥–∞–º–ë–£_–°–∞–Ω–∫—Ç_–ü–µ—Ç–µ—Ä–±—É—Ä–≥ 
#–ë–ù–ò_Boxberry
#–ë–ù–ò_–ê–≤–∏—Ç–æ 
#–ë–ù–ò_mirry 

–ê–Ω—Ö+–¥–æ–ø—ã - 15 000—Ä 
Castle Ravenloft - 6500—Ä 
–Ø—Ä–æ—Å—Ç—å –¥—Ä–∞–∫—É–ª—ã - 2500—Ä 
–ú–æ—Ä —É—Ç–æ–ø–∏—è - 2000—Ä 
–ó–∞–º–∫–∏ –±–µ–∑—É–º–Ω–æ–≥–æ –∫–æ—Ä–æ–ª—è - 1500 –≤–µ—Ä—Å–∏—è –ø–æ–ª—å—Å–∫–∞—è, —Å –æ–±–∞–ª–¥–µ–Ω–Ω—ã–º –∞—Ä—Ç–æ–º —Ç–∞–π–ª–æ–≤. (—Å–º. –∫–æ–º–º–µ–Ω—Ç–∞—Ä–∏–∏) –ü—Ä–∞–≤–∏–ª–∞ –µ—Å—Ç—å –≤ —Å–µ—Ç–∏ 
–î`–∞—Ä—Ç–∞–Ω—å—è–Ω –∏ —Ç—Ä–∏ –º—É—à–∫–µ—Ç–µ—Ä–∞ - 1000—Ä 
 
–í—Å–µ –∏–≥—Ä—ã –≤ —Ö–æ—Ä–æ—à–µ–º —Å–æ—Å—Ç–æ—è–Ω–∏–∏, –¥–æ–ø —Ñ–æ—Ç–æ –ø–æ –∑–∞–ø—Ä–æ—Å—É.",-114967596,573043,vk,Castle Ravenloft,6500,RUB,1,valid,"The offer clearly specifies 'Castle Ravenloft' with a count of 1 for the price of 6500 RUB, matching the description."
39,"–ü—Ä–æ–¥–∞–º —Ö–æ–ª–æ–¥–∏–ª—å–Ω–∏–∫, 6,5–∫
–ó–∞–±–∏—Ä–∞—Ç—å –∏–∑ —Ç—Ä–æ–π–∫–∏",-177461486,48121,vk,—Ö–æ–ª–æ–¥–∏–ª—å–Ω–∏–∫,6500,RUB,1,invalid,"The offer lacks specific details about the refrigerator, making it impossible to verify without additional context."
40,"–∫–Ω–∏–≥–∏ –ø—Ä–æ—Å—Ç–æ–µ —Ä–∏—Å–æ–≤–∞–Ω–∏–µ

–æ—á–µ–Ω—å-–æ—á–µ–Ω—å –∫–ª–∞—Å—Å–Ω—ã–µ –∫–Ω–∏–≥–∏ —Å –∫—É—á–µ–π —É–ø—Ä–∞–∂–Ω–µ–Ω–∏–π, —á—Ç–æ–±—ã –ø–æ—á—É–≤—Å—Ç–≤–æ–≤–∞—Ç—å —Å–µ–±—è —Ö—É–¥–æ–∂–Ω–∏—Ü–µ–π, —Ö—É–¥–æ–∂–Ω–∏–∫–æ–º –∏ —Ç–≤–æ—Ä—á–µ—Å–∫–æ–π –ª–∏—á–Ω–æ—Å—Ç—å—é. —è –ø–ª–∞–Ω–∏—Ä—É—é –∫—É–ø–∏—Ç—å —Ç–∞–∫–∏–µ –∂–µ, –ø—Ä–æ–¥–∞—é —á—Ç–æ–±—ã –Ω–µ –ø–µ—Ä–µ–≤–æ–∑–∏—Ç—å –Ω–µ—Å–∫–æ–ª—å–∫–æ —Ä–∞–∑

–∫–∞–∂–¥–∞—è –ø–æ 45 –ª–∞—Ä–∏

–¥–≤–µ –∑–∞ 80",1332882905,384044,tg,–∫–Ω–∏–≥–∏ –ü—Ä–æ—Å—Ç–æ–µ —Ä–∏—Å–æ–≤–∞–Ω–∏–µ,80,GEL,2,valid,"The offer clearly outlines a bundle of 2 books named '–ü—Ä–æ—Å—Ç–æ–µ —Ä–∏—Å–æ–≤–∞–Ω–∏–µ' for the price of 80 GEL, matching the description provided."
41,"1) —Ñ–æ—Ç–æ–∞–ø–ø–∞—Ä–∞—Ç nikon d90 body + —Å—É–º–∫–∞, –∑–∞—Ä—è–¥–∫–∞, usb, –∫–∞—Ä—Ç–∞ –ø–∞–º—è—Ç–∏ 128–≥–±, –≥—Ä—É—à–∞ –¥–ª—è —á–∏—Å—Ç–∫–∏ –∏ –ø—É–ª—å—Ç - 250 –ª–∞—Ä–∏
2) –æ–±—ä–µ–∫—Ç–∏–≤ af-s nikkor 18-200 + —Å–≤–µ—Ç–æ—Ñ–∏–ª—å—Ç—Ä kenko uv 72mm - 400 –ª–∞—Ä–∏ 
3) –≤—Å–ø—ã—à–∫–∞ speedlight sb-600  - 180 –ª–∞—Ä–∏
–≤–∞–∫–µ",1332882905,780252,tg,–≤—Å–ø—ã—à–∫–∞ Speedlight SB-600,180,–ª–∞—Ä–∏,1,valid,"The offer matches the provided bundle description exactly, including the title, count, and price in the specified currency."
42,"2 –ß–µ—Ä–Ω—ã–µ —Ä–∞–º–∫–∏ 200‚ÇΩ
2 –ß–µ—Ä–Ω—ã–µ —Ä–∞–º–∫–∏ —Å —É–∑–æ—Ä–∞–º–∏ 300‚ÇΩ
–ó–æ–ª–æ—Ç–∞—è —Ä–∞–º–∫–∞ 300‚ÇΩ
–ë–µ–ª–∞—è —Ä–∞–º–∫–∞ 200‚ÇΩ
–†–æ–∑–æ–≤–∞—è –Ω–æ–≤–∞—è 300‚ÇΩ
–ú–µ—Ç—Ä–æ –ú–∞—è–∫–æ–≤—Å–∫–∞—è",-48332904,714551,vk,–ß–µ—Ä–Ω—ã–µ —Ä–∞–º–∫–∏,200,RUB,2,valid,"The offer clearly specifies a bundle of 2 black frames for 200 RUB, matching the bundle description."
43,"–Ω–∞–±–æ—Ä –Ω–æ–∂–µ–π hauzer  –Ω–µ–º–µ—Ü–∫–æ–≥–æ –ø—Ä–æ–∏–∑–≤–æ–¥—Å—Ç–≤–∞
—Å–æ—Å—Ç–æ—è–Ω–∏–µ: –∞–±—Å–æ–ª—é—Ç–Ω–æ –Ω–æ–≤–æ–µ
—Ü–µ–Ω–∞: 80, –±—Ä–∞–ª –ø–æ 100
–º.–º–∞—Ä–¥–∂–∞–Ω–∏—à–≤–∏–ª–∏",1332882905,678574,tg,–Ω–∞–±–æ—Ä –Ω–æ–∂–µ–π hauzer –Ω–µ–º–µ—Ü–∫–æ–≥–æ –ø—Ä–æ–∏–∑–≤–æ–¥—Å—Ç–≤–∞,80,RUB,1,valid,The offer clearly matches the product description providing sufficient details about the bundle.
44,"–Ω–∞—Ç—É—Ä–∞–ª—å–Ω–∞—è –∫–æ–∂–∞. –≥—Ä—É–∑–∏–Ω—Å–∫–∏–π –¥–∏–∑–∞–π–Ω–µ—Ä. —Ä–∞–∑–º–µ—Ä 38-39. —Ü–µ–Ω–∞ 90 –ª–∞—Ä–∏. —Å–∞–±—É—Ä—Ç–∞–ª–æ (—Å–∏—Ç–∏ –º–æ–ª–ª)
#–æ–±—É–≤—å–∫—É–ø–∏—Ç—å
—á–µ—Ö–æ–ª –¥–ª—è –æ—á–∫–æ–≤ rayban -15 –ª–∞—Ä–∏",1332882905,450310,tg,—á–µ—Ö–æ–ª –¥–ª—è –æ—á–∫–æ–≤ rayban,15,GEL,1,valid,The offer clearly describes a single bundle of Ray-Ban glasses case for the specified price and currency.
45,"toyota aqua  –≥–∏–±—Ä–∏–¥ 2017/12 1.5l 
mot 2024/08.
–ø–æ–ª–Ω—ã–π —Å–µ—Ä–≤–∏—Å –±—ã–ª 2 –Ω–µ–¥–µ–ª–∏ –Ω–∞–∑–∞–¥  . 
–Ω–∞–ª–æ–≥ –¥–æ—Ä–æ–∂–Ω—ã–π –¥–æ –¥–µ–∫–∞–±—Ä—è 2022.
–∏–∑ —Ñ–∏—à–µ–∫ : —Å–ª–µ–∂–µ–Ω–∏–µ –∑–∞ –ø–æ–ª–æ—Å–æ–π, –∞–≤—Ç–æ–º–∞—Ç–∏—á–µ—Å–∫–∏–π —Å–≤–µ—Ç , 
—Å–∞–ª–æ–Ω —á–∏—Å—Ç—ã–π. 
–ø—Ä–æ–±–µ–≥ 66500–∫–º 
—Ü–µ–Ω–∞ 14100‚Ç¨ (—Ü–µ–Ω–∞ –æ–±—Å—É–∂–¥–∞–µ—Ç—Å—è)
–≥–æ—Ä–æ–¥ : –ª–∞—Ä–Ω–∞–∫–∞",1121942433,362222,tg,Toyota Aqua –≥–∏–±—Ä–∏–¥ 2017 –≥–æ–¥–∞,14100,‚Ç¨,1,valid,"The offer clearly describes a single bundle matching the title, count, price, and currency specified."
46,"–°–∞–Ω–¥–∞–ª–∏–∏ tapiboo 18 –∏ 19 —Ä, –æ—á–µ–Ω—å —Ö–æ—Ä–æ—à–µ–µ —Å–æ—Å—Ç–æ—è–Ω–∏–µ, –ª—é–±—ã–µ 500 —Ä",-82544098,657370,vk,–°–∞–Ω–¥–∞–ª–∏–∏ tapiboo —Ä–∞–∑–º–µ—Ä—ã 18 –∏ 19,500,RUB,1,valid,"The offer clearly specifies a bundle that includes Tapiboo sandals in sizes 18 and 19, priced together at 500 RUB."
47,–∫–æ–ª–æ–Ω–∫–∞ harman kardon play go 900 –ª–∞—Ä–∏( –º–æ–∂–Ω–æ –≤ –¥—Ä—É–≥–æ–π –≤–∞–ª—é—Ç–µ: –µ–≤—Ä–æ –¥–æ–ª–ª–∞—Ä—ã —Ä—É–±–ª–∏),1332882905,633041,tg,–∫–æ–ª–æ–Ω–∫–∞ harman kardon play go,900,GEL,1,valid,"The offer clearly specifies the product bundle including the brand and model, count, and price in specified currency."
48,"–ø—Ä–æ–¥–∞–º –¥–≤–∞ –∞–±—Å–æ–ª—é—Ç–Ω–æ –Ω–æ–≤—ã—Ö —Ö–∞–ª–∞—Ç–∞, —Ä–∞–∑–º–µ—Ä s-m, —Å—à–∏–ª–∏ –Ω–∞ –∑–∞–∫–∞–∑, –∑–∞ –æ–±–∞ —Ö–∞–ª–∞—Ç–∞ 100 –ª–∞—Ä–∏, –∂–∏–≤—É –≤ —Ä–∞–π–æ–Ω–µ –¥–∏–¥–∏–¥–∏–≥–æ–º–∏, –ø–∏—à–∏—Ç–µ –≤ –ª–∏—á–∫—É!)",1332882905,783710,tg,"–∞–±—Å–æ–ª—é—Ç–Ω–æ –Ω–æ–≤—ã–µ —Ö–∞–ª–∞—Ç—ã, —Å—à–∏—Ç—ã–µ –Ω–∞ –∑–∞–∫–∞–∑",100,GEL,2,valid,"The offer clearly represents a bundle of 2 custom-made robes for 100 GEL, matching the description."
49,"#–ë–ù–ò_–ø—Ä–æ–¥–∞–º–ë–£_–ë–µ–ª–≥–æ—Ä–æ–¥
#–ë–ù–ò_–∞–≤–∏—Ç–æ
#–ë–ù–ò_–ø–æ—á—Ç–∞
#–ë–ù–ò_dzibeta

Argent the consortium - 2500 –Ω–∞ –∞–Ω–≥–ª–∏–π—Å–∫–æ–º –æ—Ç–ª–∏—á–Ω–æ–µ —Å–æ—Å—Ç–æ—è–Ω–∏–µ , –±–æ–ª—å—à–∏–µ –∫–∞—Ä—Ç—ã –∑–∞–∫–ª–∏–Ω–∞–Ω–∏–π –≤ –ø—Ä–æ—Ç–µ–∫—Ç–æ—Ä–∞—Ö. 
 
Calimala - 1800
–ò–≥—Ä–∞–ª–∞—Å—å –¥–≤–∞–∂–¥—ã.

–ë–µ—Å—Ç–∏–∞—Ä–∏–π —Å–∏–≥–∏–ª—É–º–º–∞ - 1900 
–ö–æ–ª–ª–µ–∫—Ü–∏–æ–Ω–Ω–æ–µ –∏–∑–¥–∞–Ω–∏–µ —Å –¥–æ–ø–æ–ª–Ω–µ–Ω–∏–µ–º –Ω–æ–≤—ã–µ –∑–µ–º–ª–∏, –ë—Ä—é–≤—É—Å–æ–º, –ø–æ—Ä–æ–ª–æ–Ω–æ–≤—ã–º –æ—Ä–≥–∞–Ω–∞–π–∑–µ—Ä–æ–º. –ò–≥—Ä–∞–ª–∞—Å—å –¥–∞–ª–µ–∫–æ –∑–∞ 100+, –∫–æ—Ä–æ–±–∫–∏ –≤ —Å–æ—Å—Ç–æ—è–Ω–∏–∏ –Ω–∏–∂–µ —Å—Ä–µ–¥–Ω–µ–≥–æ, –∫–æ–º–ø–æ–Ω–µ–Ω—Ç—ã –Ω–∞ 4+, –±–ª–∞–≥–æ–¥–∞—Ä—è –æ—Ä–≥—É –∏ –±–µ—Ä–µ–∂–Ω–æ–º—É –æ—Ç–Ω–æ—à–µ–Ω–∏—é. 

–°–¥–µ–ª–∫–∞ —Å –¥—å—è–≤–æ–ª–æ–º - 3400
–ò–≥—Ä–∞–ª–∞—Å—å 2 —Ä–∞–∑–∞. –ü—Ä–æ–º–æ –µ—Å—Ç—å.

–¶–≤–µ—Ç–Ω—ã–µ —Å—Ä–∞–∂–µ–Ω–∏—è - 1000
–ù–µ–∫–æ—Ç–æ—Ä—ã–µ –º–∞—Ä–∫–µ—Ä—ã –∑–∞–º–µ–Ω–µ–Ω—ã, –≤ —Ü–µ–ª–æ–º —Å–æ—Å—Ç–æ—è–Ω–∏–µ —Ö–æ—Ä–æ—à–µ–µ.

–ò–º–ø–µ—Ä–∏–∏ –¥–≤–µ –∫–æ—Ä–æ–±–∫–∏ - 4100
–õ–µ–≥–µ–Ω–¥—ã –≤ –ø–ª–µ–Ω–∫–µ, –∫–ª–∞—Å—Å–∏–∫–∞ –∏–≥—Ä–∞–ª–∞—Å—å –ø–∞—Ä—É —Ä–∞–∑. 

–≠—Ç–æ –±–µ–∑—É–º–Ω–æ–µ –∫–æ—Ä–æ–ª–µ–≤—Å—Ç–≤–æ - 1000
–ò–≥—Ä–∞–ª–æ—Å—å —Ä–∞–∑ 5.

–ó–∞–ø—Ä–µ—Ç–Ω—ã–π –≥–æ—Ä–æ–¥ - 1800
–ü—Ä–∏—è—Ç–Ω–æ–µ –µ–≤—Ä–æ, –∏–≥—Ä–∞–ª–∞—Å—å —Ä–∞–∑–∞ 3.

–û—Ç–ø—Ä–∞–≤–∫–∞ –∑–∞ —Å—á—ë—Ç –ø–æ–∫—É–ø–∞—Ç–µ–ª—è. –ú–æ–≥—É –ê–≤–∏—Ç–æ, –Ω–æ –Ω–µ exmail. –í —Ü–µ–ª–æ–º –≥–æ—Ç–æ–≤ –∫ –æ–±–º–µ–Ω—É, –∏–Ω—Ç–µ—Ä–µ—Å—É–µ—Ç:
- –ü—Ä–æ–µ–∫—Ç –ì–∞–π—è
- Iberian gauge",-114967596,576788,vk,–≠—Ç–æ –±–µ–∑—É–º–Ω–æ–µ –∫–æ—Ä–æ–ª–µ–≤—Å—Ç–≤–æ - –Ω–∞—Å—Ç–æ–ª—å–Ω–∞—è –∏–≥—Ä–∞,1000,RUB,1,valid,The offer explicitly mentions the bundle '–≠—Ç–æ –±–µ–∑—É–º–Ω–æ–µ –∫–æ—Ä–æ–ª–µ–≤—Å—Ç–≤–æ - –Ω–∞—Å—Ç–æ–ª—å–Ω–∞—è –∏–≥—Ä–∞' with specified count and price.
50,"–ö–æ–º–±–∏–Ω–µ–∑–æ–Ω –ó–∏–º–∞ —Ä 68 
–û—á–µ–Ω—å —Ç—ë–ø–ª—ã–π 
–†—É—á–∫–∏ –Ω–æ–∂–∫–∏ –∑–∞–∫—Ä—ã–≤–∞—é—Ç—Å—è, –∫–∞–ø—é—à–æ–Ω —É—Ç—è–≥–∏–≤–∞–µ—Ç—Å—è , –µ—Å—Ç—å –º–µ—Ö  –Ω–∞ –∫–∞–ø—é—à–æ–Ω–µ 
–ú–∞–ª—ã—à–∫–µ –≤ –Ω–µ–º —Ç–µ–ø–ª–æ –∏ –∫–æ–º—Ñ–æ—Ä—Ç–Ω–æ !
–¶–µ–Ω–∞ 1500 —Ä
–î–º–∏—Ç—Ä–æ–≤ –ª—Å

#–ë–î_–æ–¥–µ–∂–¥–∞ #–ë–î_–¥–µ—Ç—Å–∫–æ–µ",-82544098,658702,vk,–ö–æ–º–±–∏–Ω–µ–∑–æ–Ω –ó–∏–º–∞ —Ä 68,1500,RUB,1,valid,"The offer clearly describes a single bundle consisting of a winter jumpsuit in size 68, with its price and currency matching the description."
51,"–§–∞–Ω–µ—Ä–∞ –≤–ª–∞–≥–æ—Å—Ç–æ–π–∫–∞—è –§–ö —Å–æ—Ä—Ç 4/4. –†–∞–∑–º–µ—Ä –ª–∏—Å—Ç–∞ 1525*1525 –º–º. –í –Ω–∞–ª–∏—á–∏–∏ —Ç–æ–ª—â–∏–Ω–∞:
3 –º–º –ø–æ 250 —Ä—É–±–ª–µ–π –∑–∞ –ª–∏—Å—Ç 
4 –º–º –ø–æ 300 —Ä—É–±–ª–µ–π –∑–∞ –ª–∏—Å—Ç 
6 –º–º –ø–æ 350 —Ä—É–±–ª–µ–π –∑–∞ –ª–∏—Å—Ç
9 –º–º –ø–æ 450 —Ä—É–±–ª–µ–π –∑–∞ –ª–∏—Å—Ç 
10 –º–º –ø–æ 500 —Ä—É–±–ª–µ–π –∑–∞ –ª–∏—Å—Ç
12 –º–º –ø–æ 550 —Ä—É–±–ª–µ–π –∑–∞ –ª–∏—Å—Ç
15 –º–º –ø–æ 650 —Ä—É–±–ª–µ–π –∑–∞ –ª–∏—Å—Ç
18 –º–º –ø–æ 750 —Ä—É–±–ª–µ–π –∑–∞ –ª–∏—Å—Ç
21 –º–º –ø–æ 850 —Ä—É–±–ª–µ–π –∑–∞ –ª–∏—Å—Ç
24 –º–º –ø–æ 1000 —Ä—É–±–ª–µ–π –∑–∞ –ª–∏—Å—Ç
30 –º–º –ø–æ 1300 —Ä—É–±–ª–µ–π –∑–∞ –ª–∏—Å—Ç 
–ë—ã—Å—Ç—Ä–∞—è –∏ –Ω–µ –¥–æ—Ä–æ–≥–∞—è –¥–æ—Å—Ç–∞–≤–∫–∞. –†–∞—Å–ø–∏–ª. –ó–≤–æ–Ω–∏—Ç–µ –≤ –Ω–∞–ª–∏—á–∏–∏ —Ç–∞–∫–∂–µ —Ñ–∞–Ω–µ—Ä–∞ –§–°–§ (1.22*2.44), –ª–∞–º–∏–Ω–∏—Ä–æ–≤–∞–Ω–Ω–∞—è —Ñ–∞–Ω–µ—Ä–∞ 
–§–∞–Ω–µ—Ä–∞ –§–ö ‚Äì —ç—Ç–æ –º–∞—Ç–µ—Ä–∏–∞–ª –º–Ω–æ–≥–æ—Å–ª–æ–π–Ω—ã–π, –≤–ª–∞–≥–æ—Å—Ç–æ–π–∫–∏–π –∏–∑ –ª—É—â–µ–Ω–æ–≥–æ —à–ø–æ–Ω–∞ –¥—Ä–µ–≤–µ—Å–∏–Ω—ã –ø—Ä–æ–∫–ª–µ–µ–Ω–Ω–æ–≥–æ —Å–∏–ª–∏–∫–æ–Ω–æ–≤—ã–º –∫–ª–µ–µ–º, –∏–º–µ–µ—Ç –≤–∏–¥ –∫–≤–∞–¥—Ä–∞—Ç–Ω–æ–≥–æ –ø–æ–ª–æ—Ç–Ω–∞. –í–æ–¥–æ—Å—Ç–æ–π–∫–æ—Å—Ç—å —Ñ–∞–Ω–µ—Ä—ã –§–ö –Ω–µ–º–Ω–æ–≥–æ –∑–∞–Ω–∏–∂–µ–Ω–∞ –≤ —Å–≤—è–∑–∏ —Å –ø—Ä–∏–º–µ–Ω–µ–Ω–∏–µ–º —Å–∏–ª–∏–∫–æ–Ω–æ–≤–æ–≥–æ –∫–ª–µ—è. –í —Å–≤—è–∑–∏ —Å —ç—Ç–∏–º –∏—Å–ø–æ–ª—å–∑–æ–≤–∞—Ç—å –¥–∞–Ω–Ω—ã–π —Ç–∏–ø —Ñ–∞–Ω–µ—Ä—ã –º–æ–∂–Ω–æ –ø—Ä–∏ –æ—Ç–¥–µ–ª–∫–µ –≤–Ω—É—Ç—Ä–∏ –ø–æ–º–µ—â–µ–Ω–∏–π (—Å—Ç–µ–Ω—ã, –ø–æ—Ç–æ–ª–∫–∏, –ø–æ–ª—ã, –ø—Ä–æ–∏–∑–≤–æ–¥—Å—Ç–≤–æ –º–µ–±–µ–ª–∏).",-96362008,199160,vk,–§–∞–Ω–µ—Ä–∞ –≤–ª–∞–≥–æ—Å—Ç–æ–π–∫–∞—è –§–ö —Å–æ—Ä—Ç 4/4 —Ç–æ–ª—â–∏–Ω–∞ 12 –º–º,550,RUB,1 –ª–∏—Å—Ç,valid,"The offer clearly defines the price for a specific thickness of waterproof plywood, matching the description."
52,"–Ω–∞–±–æ—Ä –ø—Ä—è–∂–∏, —Å–æ—Å—Ç–∞–≤ –Ω–µ –∑–Ω–∞—é. 10 –µ–≤—Ä–æ",1121942433,166810,tg,–Ω–∞–±–æ—Ä –ø—Ä—è–∂–∏,10,EUR,1,invalid,"The offer lacks detailed composition of the yarn bundle, which is essential for understanding what is being purchased."
53,"üè°–≤ —Å–≤—è–∑–∏ —Å –ø–µ—Ä–µ–µ–∑–¥–æ–º –ø—Ä–æ–¥–∞–µ–º:
1)–∂–∏–ª–µ—Ç–∫–∞ 10 –ª–∞—Ä–∏;
2)—Å—Ç–∞–∫–∞–Ω—ã 5 –ª–∞—Ä–∏;
3)—Å—É–º–∫–∏ –Ω–∞ –ø–æ—è—Å –ø–æ 5 –ª–∞—Ä–∏;
4)—Ñ–µ–Ω- 100 –ª–∞—Ä–∏;
5)—á–∞–π–Ω–∏–∫ - 30 –ª–∞—Ä–∏;
6)–º–∞—Å–ª–æ –æ–ª–∏–≤–∫–æ–≤–æ–µ 15 –ª–∞—Ä–∏;
7)–ø–æ–¥—É—à–∫–∞ –¥–ª—è –±–µ—Ä–µ–º–µ–Ω–Ω—ã—Ö 60 –ª–∞—Ä–∏;
8)–Ω–∞—Ä–¥—ã 50 –ª–∞—Ä–∏
9)—É–≤–ª–∞–∂–Ω–∏—Ç–µ–ª—å 80 –ª–∞—Ä–∏;
10)–º–∞—Ç—Ä–∞—Å —Ç–æ–Ω–∫–∏–π 20 –ª–∞—Ä–∏.

üìç—Å–∞–±—É—Ä—Ç–∞–ª–æ(—É–ª.–º–∏–Ω–¥–µ–ª–∏)
‚òòÔ∏è–≤–æ–∑–º–æ–∂–µ–Ω —Ç–æ—Ä–≥‚ò∫Ô∏è",1332882905,408231,tg,–º–∞—Ç—Ä–∞—Å —Ç–æ–Ω–∫–∏–π,20,–ª–∞—Ä–∏,1,valid,The OFFER clearly specifies the bundle including a '–º–∞—Ç—Ä–∞—Å —Ç–æ–Ω–∫–∏–π' for 20 –ª–∞—Ä–∏.
54,"–ø—Ä–æ–¥–∞—é –≤–µ—â–∏ –≤ —Ö–æ—Ä–æ—à–µ–º —Å–æ—Å—Ç–æ—è–Ω–∏–∏, —Ä–∞–∑–≥—Ä—É–∂–∞—é –≥–∞—Ä–¥–µ—Ä–æ–±.

–≤—Å–µ –ø–æ 10 –ª–∞—Ä–∏.
1. –ø–ª–∞—Ç—å–µ –ª–µ—Ç–Ω–µ–µ s-m
2. —é–±–∫–∞ –º–∏–¥–∏ s-m
3. —Å–≤–∏—Ç–µ—Ä, –º
4. –∂–∏–ª–µ—Ç–∫–∞ –ª–∏–º–æ–Ω–Ω–æ–≥–æ —Ü–≤–µ—Ç–∞, –º
5. –∫–æ–∂–∞–Ω–∞—è —é–±–∫–∞ –ø–æ—á—Ç–∏ –Ω–æ–≤–∞—è, –º
6. —É–∫–æ—Ä–æ—á–µ–Ω–Ω–∞—è –∫–æ—Ñ—Ç–∞ –º
7. —á–µ—Ä–Ω—ã–µ –¥–∂–∏–Ω—Å—ã —É–∑–∫–∏–µ –º
8. —Ä—É–±–∞—à–∫–∞ –≤–∏–Ω—Ç–∞–∂ –æ–≤–µ—Ä—Å–∞–π–∑

—Ç–±–∏–ª–∏—Å–∏, –º. –¥–µ–ª–∏—Å–∏ (–ª–∏–±–æ –ø–æ –¥–æ–≥–æ–≤–æ—Ä–µ–Ω–Ω–æ—Å—Ç–∏) –±–æ–ª—å—à–µ —Ñ–æ—Ç–æ –≤–µ—â–µ–π –≤ –ª—Å.",1332882905,837880,tg,"–∂–∏–ª–µ—Ç–∫–∞ –ª–∏–º–æ–Ω–Ω–æ–≥–æ —Ü–≤–µ—Ç–∞, —Ä–∞–∑–º–µ—Ä –º",10,GEL,1,valid,"The offer clearly specifies the 'lemon-colored vest, size M' including its price, making it possible to understand and verify the product."
55,"–∫—É—Ä—Ç–∫–∞ diesel xl - 400 –ª–∞—Ä
–∫—É—Ä—Ç–∫–∞ nike 3xl - 150 –ª–∞—Ä
–∫—É—Ä—Ç–∫–∞ adidas -  150 –ª–∞—Ä
–∫—Ä–æ—Å—Å–æ–≤–∫–∏ —Ç–∏–º–±–µ—Ä–ª–µ–Ω–¥ 45 —Ä–∞–∑–º–µ—Ä - 100 –ª–∞—Ä
–∫—Ä–æ—Å—Å–æ–≤–∫–∏ –∞–¥–∏–¥–∞—Å 45 —Ä–∞–∑–º–µ—Ä - 100 –ª–∞—Ä",1332882905,797030,tg,–∫—Ä–æ—Å—Å–æ–≤–∫–∏ —Ç–∏–º–±–µ—Ä–ª–µ–Ω–¥ 45 —Ä–∞–∑–º–µ—Ä,100,–ª–∞—Ä,1,valid,The offer clearly matches the described bundle including specific product details.
56,"—Å–≤–µ—Ç–æ–Ω–µ–ø—Ä–æ–Ω–∏—Ü–∞–µ–º—ã–µ —à—Ç–æ—Ä—ã (–¥–≤–µ —à—Ç—É–∫–∏), 3 –º–µ—Ç—Ä–∞ –≤ –≤—ã—Å–æ—Ç—É, –≤ –∏—Å–ø–æ–ª—å–∑–æ–≤–∞–Ω–∏–∏ 2 –º–µ—Å—è—Ü–∞, –≤ —É–ø–∞–∫–æ–≤–∫–µ. 

140 –ª–∞—Ä–∏ –∑–∞ –æ–±–µ. –≤–æ–∑–º–æ–∂–µ–Ω –Ω–µ–±–æ–ª—å—à–æ–π —Ç–æ—Ä–≥.
–∑–∞–±–∏—Ä–∞—Ç—å —É —Å—É—Ö–æ–≥–æ –º–æ—Å—Ç–∞.",1332882905,843945,tg,—Å–≤–µ—Ç–æ–Ω–µ–ø—Ä–æ–Ω–∏—Ü–∞–µ–º—ã–µ —à—Ç–æ—Ä—ã,140,GEL,2 —à—Ç—É–∫–∏,valid,"The offer contains the described bundle with clear details on quantity, price, and currency."
57,"–Ω–æ–≤—ã–µ —á–µ—Ä–Ω—ã–µ –∂–µ–Ω—Å–∫–∏–µ –∫–æ–∂–∞–Ω—ã–µ –±–∞–ª–µ—Ç–∫–∏ caprice —Ä–∞–∑–º–µ—Ä–∞ 39 (–Ω–∏ —Ä–∞–∑—É –Ω–µ –æ–±—É—Ç—ã), –ø–æ–∫—É–ø–∞–ª–∏—Å—å –∑–∞ 100$, –æ—Ç–¥–∞–º –∑–∞ 100 –ª–∞—Ä–∏. —Å –æ—Ä—Ç–æ–ø–µ–¥–∏—á–µ—Å–∫–∏–º–∏ —Å—Ç–µ–ª—å–∫–∞–º–∏ 

—Å–∞–±—É—Ä—Ç–∞–ª–æ",1332882905,567177,tg,—á–µ—Ä–Ω—ã–µ –∂–µ–Ω—Å–∫–∏–µ –∫–æ–∂–∞–Ω—ã–µ –±–∞–ª–µ—Ç–∫–∏ caprice —Ä–∞–∑–º–µ—Ä–∞ 39 —Å –æ—Ä—Ç–æ–ø–µ–¥–∏—á–µ—Å–∫–∏–º–∏ —Å—Ç–µ–ª—å–∫–∞–º–∏,100,GEL,1,valid,"The product description matches the offer, providing clear information on what is being sold, including the price and currency."
58,"–ø—Ä–æ–¥–∞—ë—Ç—Å—è –∑–µ—Ä–∫–∞–ª–æ ikea. —Ü–µ–Ω–∞ 10 –µ–≤—Ä–æ. –ª–∏–º–∞—Å—Å–æ–ª, —Ä–∞–π–æ–Ω agi–æs ioannis.",1121942433,175073,tg,–∑–µ—Ä–∫–∞–ª–æ ikea,10,EUR,1,valid,"The offer clearly specifies the item (–∑–µ—Ä–∫–∞–ª–æ ikea), the count, the price, and the currency, making it easy for the customer to understand what the bundle contains."
59,"–∫–ª–µ—Ç–∫–∞ –¥–ª—è –∫—Ä–æ–ª–∏–∫–∞, –ª–∏–º–∞—Å—Å–æ–ª 40‚Ç¨",1121942433,669683,tg,–∫–ª–µ—Ç–∫–∞ –¥–ª—è –∫—Ä–æ–ª–∏–∫–∞,40,EUR,1,valid,"The offer clearly describes a rabbit cage with specified price and currency, meeting the criteria for a valid bundle."
60,"—Ñ–∏–∞–ª–∫–∏ –ø–æ 10 –ª–∞—Ä–∏. 
–µ—Å–ª–∏ –∑–∞–±–µ—Ä–µ—Ç–µ —Å—Ä–∞–∑—É –≤—Å–µ-20 –ª–∞—Ä–∏
–æ—Ä—Ç–∞—á–∞–ª–æ",1332882905,690251,tg,—Ñ–∏–∞–ª–∫–∏,10,GEL,1,invalid,"The offer lacks clear information on whether it's for a single unit or a bundle, and the conditions of sale are not specified in detail."
61,"–ø—Ä–æ–¥–∞–º –±–∞—Ç–∞—Ä–µ–π–∫–∏, –∑–∞–∫–∞–∑—ã–≤–∞–ª–∏ –Ω–∞ –æ–∑–æ–Ω–µ –∑–∞ 150 —Ä—É–±–ª–µ–π, –Ω–µ –ø–æ–¥–æ—à–ª–∏. –æ—Ç–¥–∞–º –∑–∞ 3 –ª–∞—Ä–∏

üìç—Ç–µ–∞—Ç—Ä –∞—Ö–º–µ—Ç–µ–ª–∏",1332882905,808717,tg,–±–∞—Ç–∞—Ä–µ–π–∫–∏,3,GEL,1,invalid,"The title '–±–∞—Ç–∞—Ä–µ–π–∫–∏' lacks specific details about the product type, size, brand, or quantity included in the bundle."
62,"1) –°—Ç–∏–∫–µ—Ä—ã, –ø–æ–¥—Å—Ç–∞–≤–∫–∞ –¥–ª—è —â—ë—Ç–∫–∏ - –±–µ—Å–ø–ª–∞—Ç–Ω–æ 
2) –ú—É–ª—Ç–∏—Ä–µ–∑–∫–∞ –¥–ª—è –æ–≤–æ—â–µ–π - –∑–∞ –ø—Ä–æ—Ç–µ–∏–Ω–æ–≤—ã–π –±–∞—Ç–æ–Ω—á–∏–∫
3) –î–æ—Å–∫–∞ —Ä–∞–∑–¥–µ–ª–æ—á–Ω–∞—è –ø–ª–∞—Å—Ç–º–∞—Å—Å–æ–≤–∞—è - –∑–∞ –ø—Ä–æ—Ç–µ–∏–Ω–æ–≤—ã–π –±–∞—Ç–æ–Ω—á–∏–∫
4) –¢–æ—á–∏–ª–∫–∞ –¥–ª—è –Ω–æ–∂–µ–π - 2 –ø—Ä–æ—Ç–µ–∏–Ω–æ–≤—ã—Ö –±–∞—Ç–æ–Ω—á–∏–∫–∞
5) –∫—Ä—É–∂–∫–∏ - –ø–æ –æ–¥–Ω–æ–º—É –±–∞—Ç–æ–Ω—á–∏–∫—É. –ö—Ä—É–∂–∫–∞ —Å –û–ª–∞—Ñ–æ–º 3 –±–∞—Ç–æ–Ω—á–∏–∫–∞!
6) –ø–∏—Ç—å–µ–≤–∞—è –±—É—Ç—ã–ª–æ—á–∫–∞ - 2 –±–∞—Ç–æ–Ω—á–∏–∫–∞
7) —Å–æ–ª—å - –±–µ—Å–ø–ª–∞—Ç–Ω–æ 
410 12-–∫–∞",-177461486,47533,vk,–∫—Ä—É–∂–∫–∏,1,–ø—Ä–æ—Ç–µ–∏–Ω–æ–≤—ã–π –±–∞—Ç–æ–Ω—á–∏–∫,1,valid,"The offer clearly includes a bundle that matches the description, making it possible to purchase the specified product in the 'Count' for the 'Price' specified in 'Currency'."
63,"–ú–∞—Ö—Ä–æ–≤—ã–π —Ö–∞–ª–∞—Ç–∏–∫ –¥–µ—Ç—Å–∫–∏–π –Ω–∞ —Ä–æ—Å—Ç –¥–æ 116, –Ω–æ–≤—ã–π, 300‚ÇΩ

–ö—É—Ä—Ç–∫–∞ H&M –ª–µ–≥–∫–∞—è- –±–æ–º–±–µ—Ä, –∫–∞–ø—é—à–æ–Ω –Ω–∞ –ª–∏–ø—É—á–∫–∞—Ö, —Ä–æ—Å—Ç 98-104. 700‚ÇΩ

#–ë–î_–æ–¥–µ–∂–¥–∞ #–ë–î_–¥–µ—Ç—Å–∫–æ–µ",-82544098,647471,vk,–ö—É—Ä—Ç–∫–∞ H&M –ª–µ–≥–∫–∞—è-–±–æ–º–±–µ—Ä —Å –∫–∞–ø—é—à–æ–Ω–æ–º,700,RUB,1,valid,"The offer clearly matches the bundle description including title, count, and price."
64,"–û–∂–µ—Ä–µ–ª—å–µ —Å —Ç–æ–Ω–∫–∏–º–∏ —Ü–µ–ø–æ—á–∫–∞–º–∏ –ø–æ–¥ –∑–æ–ª–æ—Ç–æ —Å 3–º—è –∫—É–ª–æ–Ω—á–∏–∫–∞–º–∏
–¶–µ–Ω–∞: 120—Ä
–¶–µ–Ω–∞ –û—Ç 10—à—Ç - 90—Ä
–†–∞—Å–ø—Ä–æ–¥–∞–∂–∞ 
–î–ª–∏–Ω–∞ —Ü–µ–ø–æ—á–µ–∫: 39-46-55—Å–º + 5—Å–º —Ä–µ–≥—É–ª–∏—Ä–æ–≤–∫–∏ 
–¢—Ü –∫–æ—Ä–ø—É—Å –ê 2–≤-85
https://vk.com/the_top_sadovod",-206817857,116324,vk,–û–∂–µ—Ä–µ–ª—å–µ —Å —Ç–æ–Ω–∫–∏–º–∏ —Ü–µ–ø–æ—á–∫–∞–º–∏ –ø–æ–¥ –∑–æ–ª–æ—Ç–æ —Å 3–º—è –∫—É–ª–æ–Ω—á–∏–∫–∞–º–∏,120,RUB,1,valid,"The offer clearly states what is included in the bundle, its price, and the currency."
65,"–ø—Ä–æ–¥–∞–º:
1. –æ–ø–µ—Ä–∞—Ç–∏–≤–Ω–∞—è –ø–∞–º—è—Ç—å corsair ddr4 3000 mhz 1x8gb
–ø–∞–º—è—Ç—å –∞–±—Å–æ–ª—é—Ç–Ω–∞ –Ω–æ–≤–∞—è, –∑–∞–ø–µ—á–∞—Ç–∞–Ω–Ω–∞—è –∫–æ—Ä–æ–±–∫–∞. 
—Ü–µ–Ω–∞ 34 –µ–≤—Ä–æ.

2. –ø—Ä–æ—Ü–µ—Å—Å–æ—Ä intel i7-10700kf box
–ø—Ä–æ—Ü–µ—Å—Å–æ—Ä –∞–±—Å–æ–ª—é—Ç–Ω–æ –Ω–æ–≤—ã–π, –∑–∞–ø–µ—á–∞—Ç–∞–Ω–Ω–∞—è –∫–æ—Ä–æ–±–∫–∞
—Ü–µ–Ω–∞ 300 –µ–≤—Ä–æ.

—Ü–µ–Ω—ã –Ω–∏–∂–µ —á–µ–º –Ω–∞ computeruniverse. –ª–∏–º–∞—Å—Å–æ–ª.",1121942433,335551,tg,–æ–ø–µ—Ä–∞—Ç–∏–≤–Ω–∞—è –ø–∞–º—è—Ç—å corsair ddr4 3000 mhz 1x8gb,34,EUR,1,valid,"The offer clearly matches the bundle description, including price and currency."
66,"–∂–µ–Ω—Å–∫–∏–µ —Ç—É—Ñ–ª–∏ 
—É –≤—Å–µ–π –æ–±—É–≤–∏ —Ö–æ—Ä–æ—à–µ–µ —Å–æ—Å—Ç–æ—è–Ω–∏–µ
1. 37 —Ä–∞–∑–º–µ—Ä 1000‚ÇΩ
2. 38 —Ä–∞–∑–º–µ—Ä 1000‚ÇΩ
3. 39 —Ä–∞–∑–º–µ—Ä 1000‚ÇΩ
4. 40 —Ä–∞–∑–º–µ—Ä 1300‚ÇΩ
5. 39 —Ä–∞–∑–º–µ—Ä 3500‚ÇΩ
6. 36 —Ä–∞–∑–º–µ—Ä 1500‚ÇΩ
7. 39 —Ä–∞–∑–º–µ—Ä 1000‚ÇΩ
8. 39 —Ä–∞–∑–º–µ—Ä 1200‚ÇΩ
9. 40 —Ä–∞–∑–º–µ—Ä 500‚ÇΩ(—Å–æ—Å—Ç–æ—è–Ω–∏–µ –ø–ª–æ—Ö–æ–µ)
–≤—Å–µ —Ç—É—Ñ–ª–∏ –ø–æ–∫—É–ø–∞–ª–∏—Å—å –∑–∞ —Ü–µ–Ω—É —É–º–Ω–æ–∂–µ–Ω–Ω—É—é –Ω–∞ 2 —Ç–æ–π, —á—Ç–æ —è –ø–æ—Å—Ç–∞–≤–∏–ª–∞. –ù–µ –Ω–æ—à—É, –Ω–∞–¥–µ—Ç—ã –±—ã–ª–∏ –Ω–∞ –º–µ—Ä–æ–ø—Ä–∏—è—Ç–∏—è, –ª–µ–∂–∞—Ç –±–µ–∑ –¥–µ–ª–∞ 

–ú–µ—Ç—Ä–æ –ë–∞–±—É—à–∫–∏–Ω—Å–∫–∞—è 

–∞–¥–µ–∫–≤–∞—Ç–Ω—ã–π —Ç–æ—Ä–≥ –∑–∞ —Å—Ä–æ—á–Ω–æ—Å—Ç—å. –°–∞–º–æ–≤—ã–≤–æ–∑/ –¥–æ—Å—Ç–∞–≤–∫–∞(–∑–∞ –≤–∞—à —Å—á–µ—Ç)",-48332904,734329,vk,"–∂–µ–Ω—Å–∫–∏–µ —Ç—É—Ñ–ª–∏, —Ä–∞–∑–º–µ—Ä 40",1300,RUB,1,valid,The offer contains a detailed description matching the bundle requirements.
67,"–ü–ª–∞—Ç—å–µ-—Ç—É–Ω–∏–∫–∞ Calvin Klein
5.000 —Ä 
–û—Ä–∏–≥–∏–Ω–∞–ª. –†–∞–∑–º–µ—Ä XS, –Ω–æ —Å–∏–¥–∏—Ç —Å–≤–æ–±–æ–¥–Ω–æ, –ø–æ–¥–æ–π–¥–µ—Ç –∏ –Ω–∞ S, –¥–ª–∏–Ω–∞ 83 —Å–º (–Ω–∞ —Å—Ä–µ–¥–Ω–∏–π —Ä–æ—Å—Ç –≤—ã—à–µ –∫–æ–ª–µ–Ω–∞)
–í –æ—Ç–ª–∏—á–Ω–æ–º —Å–æ—Å—Ç–æ—è–Ω–∏–∏
–õ–∏—á–Ω–∞—è –≤—Å—Ç—Ä–µ—á–∞ –≤ —Ä–∞–π–æ–Ω–µ –º–µ—Ç—Ä–æ –ù–æ–≤–æ–≥–∏—Ä–µ–µ–≤–æ/–ü–µ—Ä–æ–≤–æ –ª–∏–±–æ –≤ —Ü–µ–Ω—Ç—Ä–µ –ø–æ –¥–æ–≥–æ–≤–æ—Ä—ë–Ω–Ω–æ—Å—Ç–∏",-48332904,731147,vk,–ü–ª–∞—Ç—å–µ-—Ç—É–Ω–∏–∫–∞ Calvin Klein,5000,RUB,1,valid,"The offer clearly details a single item, its price, condition, and meeting arrangements, making it possible to understand and verify."
68,"#–ë–ù–ò_–ü—Ä–æ–¥–∞–º–ù–æ–≤–∞—è_–ú–æ—Å–∫–≤–∞
#–ë–ù–ò_–°–µ—Ä–≥–µ–π_–ß–µ

–ü—Ä–æ–¥–∞–º –Ω–æ–≤—ã–µ –∏–≥—Ä—ã, –æ—Ç–ª–∏—á–Ω—ã–π –≤–∞—Ä–∏–∞–Ω—Ç –ø–æ–¥–∞—Ä–∫–∞ —Å–µ–±–µ –∏ –±–ª–∏–∑–∫–∏–º)

1. –î–æ–ø –°–∫–µ–ª–ª–∏–≥–µ –∫ –∏–≥—Ä–µ –í–µ–¥—å–º–∞–∫ –°—Ç–∞—Ä—ã–π –ú–∏—Ä, —Ä—É—Å—Å–∫–∞—è –ª–æ–∫–∞–ª–∏–∑–∞—Ü–∏—è –æ—Ç –ì–∞–≥–∏. –ê–±—Å–æ–ª—é—Ç–Ω–æ –Ω–æ–≤–∞—è –≤ –ø–ª–µ–Ω–∫–µ. –ü—Ä–æ–º–æ –∫ —ç—Ç–æ–π –∂–µ –∏–≥—Ä–µ - –ö–æ–Ω–Ω—ã–π –≠—Ä–µ–¥–∏–Ω –Ω–µ —Ä–∞—Å–ø–µ—á–∞—Ç–∞–Ω–Ω—ã–π.
–¶–µ–Ω–∞ –¥–æ–ø–∞ 9900—Ä., –≠—Ä–µ–¥–∏–Ω -2000—Ä.

2. Unmatched –ë–∏—Ç–≤–∞ –õ–µ–≥–µ–Ω–¥ —Ç–æ–º 2 –∏ Unmatched –î–∂–∏–Ω–Ω/–ì—É–¥–∏–Ω–∏ + —Ñ–æ–π–ª–æ–≤—ã–µ –∫–∞—Ä—Ç—ã. –†—É—Å—Å–∫–∞—è –ª–æ–∫–∞–ª–∏–∑–∞—Ü–∏—è –æ—Ç –ì–∞–≥–∏, –≤—Å—è —Å–µ—Ä–∏—è –æ—á–µ–Ω—å –∫—Ä—É—Ç–∞—è, –µ—Å–ª–∏ –Ω–µ –ø—Ä–æ–±–æ–≤–∞–ª–∏ - –Ω–∞—Å—Ç–æ—è—Ç–µ–ª—å–Ω–æ —Ä–µ–∫–æ–º–µ–Ω–¥—É—é! –ê–±—Å–æ–ª—é—Ç–Ω–æ –Ω–æ–≤–∞—è, –≤ –ø–ª–µ–Ω–∫–µ.
–¶–µ–Ω—ã: –≤—Å–µ –ø—Ä–æ–¥–∞–Ω–æ, –æ—Å—Ç–∞–ª–∏—Å—å —Ç–æ–ª—å–∫–æ —Ñ–æ–π–ª–æ–≤—ã–µ –∫–∞—Ä—Ç—ã –¢–æ–º2 - 600—Ä.

3. –ö–∞–ø—Å—É–ª—ã –≤—Ä–µ–º–µ–Ω–∏. –û—á–µ–Ω—å –Ω–µ—Å—Ç–∞–Ω–¥–∞—Ä—Ç–Ω–æ–µ –µ–≤—Ä–æ, —Å –Ω–æ–≤–∞—Ç–æ—Ä—Å–∫–∏–º–∏ –∫–æ–º–ø–æ–Ω–µ–Ω—Ç–∞–º–∏ –∏ –º–µ—Ö–∞–Ω–∏–∫–∞–º–∏. –ê–±—Å–æ–ª—é—Ç–Ω–æ –Ω–æ–≤–∞—è, –≤ –ø–ª–µ–Ω–∫–µ.
–¶–µ–Ω–∞ 2100—Ä.

4. –ù–∏–∞–≥–∞—Ä–∞. –û—á–µ–Ω—å –∏–Ω—Ç–µ—Ä–µ—Å–Ω–∞—è —Å–µ–º–µ–π–Ω–∞—è –∏–≥—Ä–∞ —Å –Ω–µ–æ–±—ã—á–Ω—ã–º–∏ –º–µ—Ö–∞–Ω–∏–∫–∞–º–∏ –∏ –∫–ª–∞—Å—Å–Ω—ã–º –Ω–∞–ø–æ–ª–Ω–µ–Ω–∏–µ–º, –¥–ª—è —Å–≤–æ–∏—Ö –ª–µ—Ç –±—ã–ª–∞ –ø—Ä–æ—Å—Ç–æ –∏–Ω–Ω–æ–≤–∞—Ü–∏–æ–Ω–Ω–æ–π, –¥–∞ –∏ —Å–µ–π—á–∞—Å –Ω–µ —É—Å—Ç–∞—Ä–µ–ª–∞ —Å–æ–≤—Å–µ–º, –Ω–µ –∑—Ä—è –µ–µ –ø—Ä–∏–∑–Ω–∞–ª–∏ –∏–≥—Ä–æ–π –≥–æ–¥–∞ –≤ 2005. –ê–±—Å–æ–ª—é—Ç–Ω–æ –Ω–æ–≤–∞—è, –≤ –ø–ª–µ–Ω–∫–µ. –ù–µ —Ä—É—Å–∏—Ñ–∏—Ü–∏—Ä–æ–≤–∞–Ω–∞, –ø–æ–ª–Ω–æ—Å—Ç—å—é —è–∑—ã–∫–æ–Ω–µ–∑–∞–≤–∏—Å–∏–º–∞.
–¶–µ–Ω–∞ 2300—Ä.

5. –û—Ä–∏—Ö–∞–ª–∫, —Ä—É—Å—Å–∫–∞—è –ª–æ–∫–∞–ª–∏–∑–∞—Ü–∏—è –æ—Ç –≠–≤—Ä–∏–∫—É—Å. –ò–≥—Ä–∞ –æ—Ç –ª–µ–≥–µ–Ω–¥–∞—Ä–Ω–æ–≥–æ –ë—Ä—É–Ω–æ –ö–∞—Ç–∞–ª—ã: –∏–∑—è—â–Ω—ã–µ –º–µ—Ö–∞–Ω–∏–∫–∏, –Ω–µ—Å–ª–æ–∂–Ω–æ–µ –≤—Ö–æ–∂–¥–µ–Ω–∏–µ –∏ –∫—Ä–∞—Å–∏–≤–æ–µ –æ—Ñ–æ—Ä–º–ª–µ–Ω–∏–µ. –ê–±—Å–æ–ª—é—Ç–Ω–æ –Ω–æ–≤–∞—è, –≤ –ø–ª–µ–Ω–∫–µ.
–¶–µ–Ω–∞ 2300—Ä.

7. –ü—Ä–æ–º–æ –º–æ–Ω–µ—Ç—ã –∫ –ó–≤–µ—Ä—é, –º–µ—Ç–∞–ª–ª–∏—á–µ—Å–∫–∏–µ, —Å –ø—Ä–µ–¥–∑–∞–∫–∞–∑–∞ –ì–∞–≥–∏, –Ω–µ –∏–≥—Ä–∞–ª–∏—Å—å –¶–µ–Ω–∞ 1800—Ä.

8.–ù–∞–±–æ—Ä –ø—Ä–æ–º–æ–∫–∞—Ä—Ç ¬´–≠–ø–æ—Ö–∞ –†–µ—Ñ–æ—Ä–º–∞—Ü–∏–∏¬ª –∫ –ü–∞–∫—Å –†–µ–Ω–µ—Å—Å–∞–Ω—Å, –Ω–µ –∏–≥—Ä–∞–ª–∏—Å—å. –ü—Ä–æ–º–æ –≤–≤–æ–¥–∏—Ç –≤ –∏–≥—Ä—É –Ω–æ–≤—ã–µ –∫–∞—Ä—Ç—ã –ø—Ä–∞–≤–∏—Ç–µ–ª–µ–π –∏ –±–∞–Ω–∫–∏—Ä–æ–≤, –∏–º–ø–µ—Ä–∏–π –∏ –±–∞–Ω–∫–æ–≤, –∞ —Ç–∞–∫–∂–µ –∫–∞—Ä—Ç—É —Å –Ω–æ–≤—ã–º —É—Å–ª–æ–≤–∏–µ–º –ø–æ–±–µ–¥—ã, —á—Ç–æ –ø–æ–∑–≤–æ–ª–∏—Ç –≤–∞–º –ø–æ–ø—Ä–æ–±–æ–≤–∞—Ç—å –Ω–æ–≤—É—é —Å—Ç—Ä–∞—Ç–µ–≥–∏—é –≤ –∏–≥—Ä–µ ¬´Pax Renaissance. –†—É—Å—Å–∫–æ–µ –∏–∑–¥–∞–Ω–∏–µ¬ª. –¶–µ–Ω–∞ 500—Ä.

9. –ò–≥—Ä–∞ –û–ª—å—Ç—Ä–µ. –°—é–∂–µ—Ç–Ω—ã–π –∫–æ–æ–ø–µ—Ä–∞—Ç–∏–≤ —Å –∑–∞—â–∏—Ç–æ–π –∑–∞–º–∫–∞, –æ—Ñ–æ—Ä–º–ª–µ–Ω–Ω—ã–π –ø–æ—Ç—Ä—è—Å–∞—é—â–∏–º–∏ –∏–ª–ª—é—Å—Ç—Ä–∞—Ü–∏—è–º–∏ –î—é—Ç—Ä–µ, –ª—É—á—à–µ–≥–æ —Ö—É–¥–æ–∂–Ω–∏–∫–∞ –≤ –Ω–∞—Å—Ç–æ–ª–∫–∞—Ö, –ò–ú–•–û. –ê–±—Å–æ–ª—é—Ç–Ω–æ –Ω–æ–≤–∞—è, –≤ –ø–ª–µ–Ω–∫–µ.
–¶–µ–Ω–∞ 2900—Ä.

–ü—Ä–æ–¥–∞–∂–∞ –≤ –ú–æ—Å–∫–≤–µ, –ø–µ—Ä–µ—Å—ã–ª –ü–æ—á—Ç–æ–π –†–§. –ü–∞–∫—É—é —è –±—Ä–æ–Ω–µ–±–æ–π–Ω–æ, –æ—Ç–∑—ã–≤–æ–≤ –ø–æ–ª–Ω–æ! –í—Å—Ç—Ä–µ—á–∞ –≤ —Ü–µ–Ω—Ç—Ä–µ –≤ —Ä–∞–±–æ—á–µ–µ –≤—Ä–µ–º—è, –ø–æ–º–æ—â–Ω–∏–∫–æ–≤ –Ω–µ –∏–º–µ—é. –ù–µ –±—Ä–æ–Ω–∏—Ä—É—é –±–µ–∑ –ø—Ä–µ–¥–æ–ø–ª–∞—Ç—ã. –ò—â—É –∫ –ø–æ–∫—É–ø–∫–µ –∏–ª–∏ –æ–±–º–µ–Ω—É –∏–≥—Ä—É –∏ –¥–æ–ø—ã –°–ø–∞—Ä—Ç–∞–∫ –ö—Ä–æ–≤—å –∏ –ü–µ—Å–æ–∫ –ü–Ω–ü, –∏–≥—Ä—É Cats in the box. —Å –¥–æ–ø–ª–∞—Ç–æ–π –≤ –æ–¥–Ω—É –∏–ª–∏ –¥—Ä—É–≥—É—é —Å—Ç–æ—Ä–æ–Ω—É.

–¢–∞–∫–∂–µ –ø—Ä–æ–¥–∞—é —Ç–æ–Ω–∫–∏–µ –∫–∏—Å—Ç–∏ –∫–æ–ª–æ–Ω–æ–∫ –¥–ª—è –ø–æ–∫—Ä–∞—Å–∞ –º–∏–Ω–∏–∞—Ç—é—Ä, 2.5*9–º–º, 2.5*12 –º–º, 1.5*8 –º–º. 2*8 –º–º, 2*12 –º–º. –ü–æ 60—Ä/—à—Ç, –µ—Å–ª–∏ 10—à—Ç –∏ –±–æ–ª—å—à–µ —Ç–æ –ø–æ 50—Ä. –ó–∞ —Ç–∞–∫—É—é —Ü–µ–Ω—É –∫–æ–ª–æ–Ω–æ–∫ –≤—ã –Ω–µ –Ω–∞–π–¥–µ—Ç–µ.",-114967596,592791,vk,–î–æ–ø –°–∫–µ–ª–ª–∏–≥–µ –∫ –∏–≥—Ä–µ –í–µ–¥—å–º–∞–∫ –°—Ç–∞—Ä—ã–π –ú–∏—Ä,9900,RUB,1,valid,The offer includes detailed description of the bundle matching the provided JSON information.
69,"#–ë–ù–ò_–ü—Ä–æ–¥–∞–º–ë–£_–ë–ª–∞–≥–æ–≤–µ—â–µ–Ω—Å–∫
#–ë–ù–ò_–°–î–≠–ö
#–ë–ù–ò_–ê–≤–∏—Ç–æ+5%
#–ë–ù–ò_Boxberry
#–ë–ù–ò_id564144510

–ü—Ä–æ–¥–∞–º –Ω–∞—Å—Ç–æ–ª—å–Ω—ã–µ –∏–≥—Ä—ã:
1. –°–µ—Ä–ø¬ª –±–∞–∑–∞ –≤ –æ—Ä–≥–∞–Ω–∞–π–∑–µ—Ä–µ !
–ü—Ä–æ–±–µ–≥ - 3 –ø–∞—Ä—Ç–∏–∏.
–í –æ—Ç–ª–∏—á–Ω–æ–º —Å–æ—Å—Ç–æ—è–Ω–∏–∏ –∫–∞–∫ –∫–æ–º–ø–æ–Ω–µ–Ω—Ç—ã, —Ç–∞–∫ –∏ –∫–æ—Ä–æ–±–∫–∞.

–¶–µ–Ω–∞ = 7900 + –¥–æ—Å—Ç–∞–≤–∫–∞ (–ê–≤–∏—Ç–æ –¥–æ—Å—Ç–∞–≤–∫–∞ + 5%).

2. ¬´–§–æ–ª–ª–∞—É—Ç¬ª –±–∞–∑–∞ + –¥–æ–ø–æ–ª–Ω–µ–Ω–∏—è: –ù–æ–≤–∞—è –∫–∞–ª–∏—Ñ–æ—Ä–Ω–∏—è –∏ –∞—Ç–æ–º–Ω—ã–µ —É–∑—ã.
–ë–∞–∑–∞ –≤–º–µ—Å—Ç–µ —Å –¥–æ–ø–æ–ª–Ω–µ–Ω–∏—è–º–∏ –Ω–∞—Ö–æ–¥—è—Ç—Å—è –≤ —à–∏–∫–∞—Ä–Ω–æ–º –æ—Ä–≥–∞–Ω–∞–π–∑–µ—Ä–µ –æ—Ç ‚ÄúMighty box‚Äù. 
–í –æ—Ç–ª–∏—á–Ω–æ–º —Å–æ—Å—Ç–æ—è–Ω–∏–∏ –∫–∞–∫ –∫–æ–º–ø–æ–Ω–µ–Ω—Ç—ã, —Ç–∞–∫ –∏ –∫–æ—Ä–æ–±–∫–∏.
–ö–∞—Ä—Ç—ã –≤—Å–µ –≤ –ø—Ä–æ—Ç–µ–∫—Ç–æ—Ä–∞—Ö.
–¶–µ–Ω–∞ = 9850.",-114967596,591079,vk,–ù–∞—Å—Ç–æ–ª—å–Ω–∞—è –∏–≥—Ä–∞ '–§–æ–ª–ª–∞—É—Ç' –±–∞–∑–∞ + –¥–æ–ø–æ–ª–Ω–µ–Ω–∏—è: –ù–æ–≤–∞—è –∫–∞–ª–∏—Ñ–æ—Ä–Ω–∏—è –∏ –∞—Ç–æ–º–Ω—ã–µ —É–∑—ã,9850,RUB,1,valid,The offer clearly lists the bundle '–ù–∞—Å—Ç–æ–ª—å–Ω–∞—è –∏–≥—Ä–∞ '–§–æ–ª–ª–∞—É—Ç' –±–∞–∑–∞ + –¥–æ–ø–æ–ª–Ω–µ–Ω–∏—è: –ù–æ–≤–∞—è –∫–∞–ª–∏—Ñ–æ—Ä–Ω–∏—è –∏ –∞—Ç–æ–º–Ω—ã–µ —É–∑—ã' for the specified price.
70,–ø—Ä–æ–¥–∞–º –¥–≤–∞ –Ω–∞—Å—Ç–µ–Ω–Ω—ã—Ö —Å–≤–µ—Ç–∏–ª—å–Ω–∏–∫–∞. 5‚Ç¨ –∑–∞ –æ–±–∞. –ª–∏–º–∞—Å—Å–æ–ª.,1121942433,416274,tg,–¥–≤–∞ –Ω–∞—Å—Ç–µ–Ω–Ω—ã—Ö —Å–≤–µ—Ç–∏–ª—å–Ω–∏–∫–∞,5,EUR,2,valid,"The offer clearly states that it includes two wall lamps for a specific price, matching the bundle description."
71,"üåπ–ì—Ä–∞–Ω–¥–∏–æ–∑–Ω–∞—è —Ä–∞—Å–ø—Ä–æ–¥–∞–∂–∞
üåπ–ú–ê–¢–ï–†–ò–ê–õ üíØ% –•–õ–û–ü–û–ö
üåπ–†–ê–ó–ú–ï–† 48-50-52-54
üåπ–¶–ï–ù–ê –ó–ê –®–¢–£–ö–£ 199 –†–£–ë–õ–ï–ô
üåπ–¶–í–ï–¢–ê –ë–ï–ó –í–´–ë–û–†–ê",-192083416,10107,vk,–•–ª–æ–ø–∫–æ–≤–æ–µ –ø–ª–∞—Ç—å–µ,199,RUB,1,invalid,The offer does not specify the product or bundle clearly enough for the customer to identify it as a cotton dress.
72,"–†–∞—Å–ø—Ä–æ–¥–∞–∂–∞
–¶–µ–Ω–∞: 200—Ä
–¶–µ–Ω–∞ —É–ø 10*170—Ä
–¢–∫–∞–Ω—å: —Ö–ª–æ–ø–æ–∫
–†–∞–∑–º–µ—Ä: 57-58 
–ê—Ä—Ç: 2–í-10  –ö–æ—Ä–ø—É—Å –ë
Https://vk.com/cuongchi",-206817857,67931,vk,–¢–∫–∞–Ω—å —Ö–ª–æ–ø–æ–∫,200,RUB,1,invalid,"The offer lacks detailed information on the specific product details such as type, size, or usage, making it impossible to verify without additional context."
73,"–æ—á–∫–∏ –º–∞—Å—Å–º–∞—Ä–∫–µ—Ç 
–ø–∞—Ä–∞ - 15 –ª–∞—Ä–∏
–æ–±–µ –æ—Ç–¥–∞–º –∑–∞ 25 :)

—Ç–æ—Ä–≥ —É–º–µ—Å—Ç–µ–Ω 
–º–µ—Ç—Ä–æ –Ω–∞–¥–∑–∞–ª–∞–¥–µ–≤–∏, –≤–æ–∑–º–æ–∂–Ω–∞ –≤—Å—Ç—Ä–µ—á–∞ –≤ —Ü–µ–Ω—Ç—Ä–µ :)",1332882905,663741,tg,–æ—á–∫–∏ –º–∞—Å—Å–º–∞—Ä–∫–µ—Ç,25,–ª–∞—Ä–∏,2,valid,The offer clearly matches the described bundle of 2 items for the specified price and currency.
74,"—Ä—É—á–Ω–∞—è —Ä–∞–±–æ—Ç–∞ 
–≤–µ–ª–æ—Å–∏–ø–µ–¥ –¥–µ—Ä–µ–≤–æ 
40 –µ–≤—Ä–æ —Ç–æ—Ä–≥ 
–ª–∏–º–∞—Å—Å–æ–ª",1121942433,243572,tg,–≤–µ–ª–æ—Å–∏–ø–µ–¥ –¥–µ—Ä–µ–≤–æ,40,EUR,1,valid,"The offer clearly outlines a wooden bicycle as the bundle with a specified price and count, matching the description."
75,"–í–µ—Å—ã –Ω–æ–≤—ã–µ 500 —Ä—É–±, –ø–ª–∞—Ç—å–µ —Ä46 —Ü–µ–Ω–∞ 600 —Ä—É–±,–ø–æ–¥–≤–µ—Å–∫–∞ 200 —Ä—É–±, –ø–ª–∞—Ç—å–µ —Ä,46 —Ü–µ–Ω–∞ 600 —Ä—É–±, –¥–∂–∏–Ω—Å—ã –¥–∂–µ–≥–∏–Ω—Å—ã —Ä,42-44 —Ü–µ–Ω–∞ 1000 —Ä—É–±, —É–≤–ª–∞–∂–Ω–∏—Ç–µ–ª—å 600 —Ä—É–±

#–ë–î_–æ–¥–µ–∂–¥–∞",-82544098,655700,vk,–î–∂–∏–Ω—Å—ã –¥–∂–µ–≥–∏–Ω—Å—ã —Ä–∞–∑–º–µ—Ä 42-44,1000,RUB,1,valid,"The offer clearly specifies a bundle of '–î–∂–∏–Ω—Å—ã –¥–∂–µ–≥–∏–Ω—Å—ã —Ä–∞–∑–º–µ—Ä 42-44' with the necessary details such as price and currency, matching the description."
76,"#–ë–ù–ò_–ü—Ä–æ–¥–∞–º–ë–£_–ú–æ—Å–∫–≤–∞
#–ë–ù–ò_–ü—Ä–æ–¥–∞–º–ë–£_–ú–û
#–ë–ù–ò_–ü—Ä–æ–¥–∞–º_–Ω–æ–≤–æ–µ_–ú–û
#–ë–ù–ò_id100579839

–ß–µ–ª—é—Å—Ç–∏ 2 300—Ä - –Ω–æ–≤–∞—è, –≤ –ø–ª–µ–Ω–∫–µ
Chocolate factory 4 500—Ä - –ø–∞—Ä–∞ –ø–∞—Ä—Ç–∏–π, –ø—Ä–æ—Ç–µ–∫—Ç–æ—Ä—ã, —Å–∞–º–æ–¥–µ–ª—å–Ω—ã–π –æ—Ä–≥.
–ò–Ω–∏—à 3 500—Ä - –æ–¥–Ω–∞ –ø–∞—Ä—Ç–∏—è, –∫–∞—Ä—Ç—ã –≤ –ø—Ä–æ—Ç–µ–∫—Ç–æ—Ä–∞—Ö
–ê—Ä–≥–µ–Ω—Ç 3 500—Ä - –Ω–µ –∏–≥—Ä–∞–ª–∞—Å—å, —Å –ø—Ä–µ–¥–∑–∞–∫–∞–∑–∞, –∫–∞—Ä—Ç—ã –≤ –ø—Ä–æ—Ç–µ–∫—Ç–æ—Ä–∞—Ö
–ú–æ–Ω—Å—Ç—Ä —Ç—Ä—é–∫ 2 200—Ä - –Ω–æ–≤–∞—è, –≤ –ø–ª–µ–Ω–∫–µ, —Å –ø—Ä–µ–¥–∑–∞–∫–∞–∑–∞
–õ–µ—Ç–æ–ø–∏—Å—å 2 200—Ä - –≤ —Ö–æ—Ä–æ—à–µ–º —Å–æ—Å—Ç–æ—è–Ω–∏–∏
Petrichor: Collector's Edition 8 800—Ä - —É–≥–ª—ã –∫–æ—Ä–æ–±–∫–∏ –ø–æ–±–∏—Ç—ã, –∫–æ–º–ø–æ—Ç–µ–Ω—Ç—ã –≤ –æ—Ç–ª–∏—á–Ω–æ–º —Å–æ—Å—Ç–æ—è–Ω–∏–∏, –∫–æ—Ä–æ–±–∫–∞ –Ω–µ –¥–æ –∫–æ–Ω—Ü–∞ –∑–∞–∫—Ä—ã–≤–∞–µ—Ç—Å—è –∏–∑-–∑–∞ —Ä—É—Å—Å–∫–∏—Ö –ø—Ä–∞–≤–∏–ª
–í–ª–∞—Å—Ç–∏—Ç–µ–ª–∏ 3 000—Ä - –Ω–æ–≤–∞—è, –≤ –ø–ª–µ–Ω–∫–µ
–ê–∑—É–ª —à–æ–∫–æ–ª–∞—Ç—å–µ 3 000—Ä - –Ω–µ –∏–≥—Ä–∞–ª–∞—Å—å
–ü—Ä–∏–≥–æ—Ä–æ–¥ 3 200—Ä - –≤ –æ—Ç–ª–∏—á–Ω–æ–º —Å–æ—Å—Ç–æ—è–Ω–∏–∏
Rajas of the Ganges: The Dice Charmers 1 700—Ä - –Ω–æ–≤–∞—è, –≤ –ø–ª–µ–Ω–∫–µ
–°–µ–ª–µ–¥–∫–∞ 500—Ä - –ø–∞—Ä–∞ –ø–∞—Ä—Ç–∏–π, –∫–∞—Ä—Ç—ã –≤ –ø—Ä–æ—Ç–µ–∫—Ç–æ—Ä–∞—Ö
–§–ª–æ—Ç —É–ª–æ–≤ –∫—É–±–æ–≤ 2 300—Ä - –≤ –æ—Ç–ª–∏—á–Ω–æ–º —Å–æ—Å—Ç–æ—è–Ω–∏–∏, –∫–∞—Ä—Ç—ã –≤ –ø—Ä–æ—Ç–µ–∫—Ç–æ—Ä–∞—Ö + –¥–æ–ø –±–ª–æ–∫–Ω–æ—Ç
–¢—Ä–∏ —Å–µ—Å—Ç—Ä—ã 900—Ä - –ø–∞—Ä–∞ –ø–∞—Ä—Ç–∏–π
–ü—Ä–æ–≥—É–ª–∫–∞ –ø–æ –ë—É—Ä–∞–Ω–æ  1 900—Ä  - –Ω–æ–≤–∞—è, –≤ –ø–ª–µ–Ω–∫–µ
–ó–∞—Ç–µ—Ä—è–Ω–Ω—ã–π –æ—Å—Ç—Ä–æ–≤ 700—Ä - –æ–¥–Ω–∞ –ø–∞—Ä—Ç–∏—è, –∫–∞—Ä—Ç—ã –≤ –ø—Ä–æ—Ç–µ–∫—Ç–æ—Ä–∞—Ö 
–ö—É—Ä—ã 900—Ä - –ø–∞—Ä–∞ –ø–∞—Ä—Ç–∏–π, —Å –ø—Ä–µ–¥–∑–∞–∫–∞–∑–∞, –∫–∞—Ä—Ç—ã –≤ –ø—Ä–æ—Ç–µ–∫—Ç–æ—Ä–∞—Ö 
–¢—Ä–∏–∫–µ—Ä–∏–æ–Ω  9 300—Ä - –Ω–æ–≤–∞—è, –≤ –ø–ª–µ–Ω–∫–µ
–í–æ–π–Ω–∞ –∫–æ–ª—å—Ü–∞ (+–≤–æ–π–Ω—ã —Å—Ä–µ–¥–∏–∑–µ–º—å—è, –≤–ª–∞–¥—ã–∫–∏ —Å—Ä–µ–¥–∏–∑–µ–º—å—è) 12 000—Ä - –Ω–æ–≤–∞—è, –≤ –ø–ª–µ–Ω–∫–µ
–°–µ—Ä–ø 6 500—Ä - –Ω–æ–≤–∞—è, –≤ –ø–ª–µ–Ω–∫–µ

–ü–æ –∑–∞–ø—Ä–æ—Å—É –≤—ã—à–ª—é —Ñ–æ—Ç–æ –∫–æ–º–ø–æ–Ω–µ–Ω—Ç–æ–≤. –ú–æ–≥—É –ø–µ—Ä–µ–¥–∞—Ç—å —É –º–µ—Ç—Ä–æ –ù–æ–≤–æ–∫–æ—Å–∏–Ω–æ –∏–ª–∏ –≤—ã—Å–ª–∞—Ç—å –ê–≤–∏—Ç–æ",-114967596,576990,vk,–ö—É—Ä—ã,900,RUB,1,valid,The offer includes the described bundle with sufficient details for the customer to verify the product.
77,"–ø—Ä–æ–¥–∞–º —ç–∫—à–Ω –∫–∞–º–µ—Ä—É kodak pixpro 4kvr360 —Å –¥–≤—É–º—è –æ–±—ä–µ–∫—Ç–∏–≤–∞–º–∏ –¥–ª—è —Å—ä—ë–º–∫–∏ –ø–∞–Ω–æ—Ä–∞–º 360 –≥—Ä–∞–¥—É—Å–æ–≤ –∏ 3d —Ç—É—Ä–æ–≤ –≤ –Ω–∞—Å—Ç–æ—è—â–µ–º 4–∫ –∫–∞—á–µ—Å—Ç–≤–µ. –∫–∞–º–µ—Ä–∞ –æ—Å–Ω–∞—â–µ–Ω–∞ –º–µ—Ö–∞–Ω–∏—á–µ—Å–∫–∏–º —Å—Ç–∞–±–∏–ª–∏–∑–∞—Ç–æ—Ä–æ–º.  –ø–æ—á—Ç–∏ –Ω–æ–≤–∞—è, –Ω–∏–∫–∞–∫–∏—Ö —Ü–∞—Ä–∞–ø–∏–Ω. –≤ –∫–æ–º–ø–ª–µ–∫—Ç–µ –∫–æ—Ñ–µ –∏ –ø—É–ª—å—Ç. 200 –µ–≤—Ä–æ. –≤ –Ω–∏–∫–æ—Å–∏–∏.",1121942433,69482,tg,—ç–∫—à–Ω –∫–∞–º–µ—Ä–∞ Kodak PIXPRO 4KVR360 —Å –¥–≤—É–º—è –æ–±—ä–µ–∫—Ç–∏–≤–∞–º–∏,200,EUR,1,invalid,The offer includes unrelated items (coffee) not mentioned in the bundle description.
78,"1 —Ñ–æ—Ç–æ. –ë–æ–¥–∏ –∏ —á–µ–ø—á–∏–∫, —Ä–∞–∑–º–µ—Ä 62. –û–¥–µ–≤–∞–ª–∏—Å—å –æ–¥–∏–Ω —Ä–∞–∑ –Ω–∞ –≤—ã–ø–∏—Å–∫—É. –¶–µ–Ω–∞ 300 —Ä—É–±–ª–µ–π.
2 —Ñ–æ—Ç–æ. –ë–æ–¥–∏, —Ä–∞–∑–º–µ—Ä 62-68, —Ü–µ–Ω–∞ –∑–∞ –≤—Å–µ 300 —Ä—É–±–ª–µ–π.
3 —Ñ–æ—Ç–æ. –°–ª–∏–ø, —Ä–∞–∑–º–µ—Ä 68, —Ü–µ–Ω–∞ 100 —Ä—É–±–ª–µ–π.
4 —Ñ–æ—Ç–æ. –°–ª–∏–ø, —Ä–∞–∑–º–µ—Ä 68, —Ü–µ–Ω–∞ 100 —Ä—É–±–ª–µ–π.
5 —Ñ–æ—Ç–æ. –°–ª–∏–ø, —Ä–∞–∑–º–µ—Ä 68, —Ü–µ–Ω–∞ 100 —Ä—É–±–ª–µ–π.
6 —Ñ–æ—Ç–æ. –°–ª–∏–ø, —Ü–≤–µ—Ç –≥–æ–ª—É–±–æ–π, —Ñ–æ—Ç–æ –Ω–µ –ø–æ–ª—É—á–∏–ª–æ—Å—å. —Ä–∞–∑–º–µ—Ä 68, —Ü–µ–Ω–∞ 100 —Ä—É–±–ª–µ–π.
7 —Ñ–æ—Ç–æ. –°–ª–∏–ø, —Ä–∞–∑–º–µ—Ä 68, –æ–¥–µ–≤–∞–ª—Å—è –æ–¥–∏–Ω —Ä–∞–∑ –Ω–∞ –ø—Ä–∞–∑–¥–Ω–∏–∫, –µ—Å—Ç—å –º–∏–Ω—É—Å —Å–∞–º–∞—è –≤–µ—Ä—Ö–Ω—è—è –∫–Ω–æ–ø–ª–∞ —Å–ª–æ–º–∞–Ω–∞, —Ü–µ–Ω–∞ 200 —Ä—É–±–ª–µ–π.
8 —Ñ–æ—Ç–æ. –ü–æ–ª–∑—É–Ω–∫–∏, —Ä–∞–∑–º–µ—Ä 62-68, —Ü–µ–Ω–∞ –∑–∞ –≤—Å–µ 300 —Ä—É–±–ª–µ–π.
9 —Ñ–æ—Ç–æ. –†–∞—Å–ø–∞—à–æ–Ω–∫–∞, —Ä–∞–∑–º–µ—Ä 68, —Ü–µ–Ω–∞100 —Ä—É–±–ª–µ–π.
10 —Ñ–æ—Ç–æ. –ö–æ–º–±–∏–Ω–µ–∑–æ–Ω –ª–µ—Ç–Ω–∏–π, –Ω–æ –ø–ª–æ—Ç–Ω—ã–π. –†–∞–∑–º–µ—Ä 68, —Ü–µ–Ω–∞ 100 —Ä—É–±–ª–µ–π.

–ï—Å–ª–∏ –∑–∞–±–µ—Ä–µ—Ç–µ –≤—Å–µ —Ä–∞–∑–æ–º –æ—Ç–¥–∞–¥–∏–º –∑–∞ 1500 —Ä—É–±–ª–µ–π.",-82544098,660389,vk,–ë–æ–¥–∏ —Ä–∞–∑–º–µ—Ä 62-68,300,RUB,1 –∫–æ–º–ø–ª–µ–∫—Ç,valid,The OFFER includes a bundle matching the description with a body size 62-68 for 300 RUB.
79,"1) –í–µ—Ç—Ä–æ–≤–∫–∞. –ü–æ–¥–∫–ª–∞–¥–∫–∞ - —Ö–ª–æ–ø–æ–∫. –†—É–∫–∞–≤–∞ - –Ω–∞ —Ä–µ–∑–∏–Ω–∫–µ. –†–∞–∑–º–µ—Ä 122 —Å–º. 500 —Ä—É–±. 
2) –¢–æ–ª—Å—Ç–æ–≤–∫–∞ Decathlon –Ω–æ–≤–∞—è. –†–∞–∑–º–µ—Ä 116-122 —Å–º. 500 —Ä—É–±. 
3) –¢–æ–ª—Å—Ç–æ–≤–∫–∞, —Ä–∞–∑–º–µ—Ä 110-116 —Å–º. 400 —Ä—É–±. 
4) –†–∞–∑–º–µ—Ä 98 —Å–º. 400 —Ä—É–±. 
5) –†–∞–∑–º–µ—Ä 116 —Å–º. –ö–∞–∂–¥–∞—è –ø–æ 200 —Ä—É–±. 
6) –ù–æ–≤—ã–µ –±—Ä—é—á–∫–∏ —Å –ø–∞–π–µ—Ç–∫–∞–º–∏, –æ—á–µ–Ω—å –∫—Ä–∞—Å–∏–≤—ã–µ (–¢—É—Ä—Ü–∏—è). –†–∞–∑–º–µ—Ä 98-104. 400 —Ä—É–±. 
7) –î–∂–∏–Ω—Å—ã - —Å—Ç—Ä–µ–π—á. –†–∞–∑–º–µ—Ä 128-134. 400 —Ä—É–±. 
8) –°–∞–Ω–¥–∞–ª–∏–∏ KENKA, –ª–∏–ø—É—á–∫–∏ –∫—Ä–µ–ø–∫–∏–µ. –†–∞–∑–º–µ—Ä 29. 500 —Ä—É–±. 
9) –¢—É—Ñ–ª–∏ —à–∫–æ–ª—å–Ω—ã–µ. –†–∞–∑–º–µ—Ä 31. 700 —Ä—É–±. 
10) –ü–ª–µ–¥ –¥–µ—Ç—Å–∫–∏–π, —Ä–∞–∑–º–µ—Ä 92—Ö102. 400 —Ä—É–±.

#–ë–î_–æ–¥–µ–∂–¥–∞ #–ë–î_–¥–µ—Ç—Å–∫–æ–µ #–ë–î_–æ–±—É–≤—å",-82544098,657830,vk,"–ü–ª–µ–¥ –¥–µ—Ç—Å–∫–∏–π, —Ä–∞–∑–º–µ—Ä 92—Ö102",400,RUB,1,valid,The bundle matches the described product in the offer with clear details allowing for its verification.
80,"–ø—Ä–æ–¥–∞–≤–∞–µ–º —Ç–µ–ª–µ–≤–∏–∑–æ—Ä panasonic, –≤ –æ—Ç–ª–∏—á–Ω–æ —Å–æ—Å—Ç–æ—è–Ω–∏–∏, —Å –≤–æ–¥–Ω–æ—Å—Ç—å—é –ø–æ–¥–∫–ª—é—á–µ–Ω–∏—è appel tv, katrina tv.
–≤ –∫–æ–º–ø–ª–µ–∫—Ç–µ –∞—É–¥–∏–æ—Å–∏—Å—Ç–µ–º–∞. 
–ª–∏–º–∞—Å—Å–æ–ª 300‚Ç¨, —Å–∞–º–æ–≤—ã–≤–æ–∑, —Ç–æ—Ä–≥ —É–º–µ—Å—Ç–µ–Ω.",1121942433,675227,tg,"—Ç–µ–ª–µ–≤–∏–∑–æ—Ä panasonic —Å –≤–æ–∑–º–æ–∂–Ω–æ—Å—Ç—å—é –ø–æ–¥–∫–ª—é—á–µ–Ω–∏—è appel tv, katrina tv –∏ –∞—É–¥–∏–æ—Å–∏—Å—Ç–µ–º–∞",300,EUR,1,valid,"The offer provides sufficient information about the bundle, including its components and the price."
81,"–ü—Ä–æ–¥–∞–º –ø–∏—Å—å–º–µ–Ω–Ω—ã–π —Å—Ç–æ–ª —Å —è—â–∏–∫–∞–º–∏,—Å—Ç–æ–ª –≤ —Ö–æ—Ä–æ—à–µ–º —Å–æ—Å—Ç–æ—è–Ω–∏–∏,—Ü–µ–Ω–∞ 2000 —Ä—É–±

#–ë–î_–º–µ–±–µ–ª—å",-82544098,635095,vk,–ø–∏—Å—å–º–µ–Ω–Ω—ã–π —Å—Ç–æ–ª —Å —è—â–∏–∫–∞–º–∏,2000,RUB,1,valid,"The offer clearly describes the product bundle, including its price and configuration."
82,"–†–∞—Å–ø—Ä–æ–¥–∞–∂–∞
–ü—Ä–æ—Å—Ç—ã–Ω—è –Ω–∞ —Ä–µ–∑–∏–Ω–∫–µ –ø–æ –∫—É–≥–ª–æ
–¶–µ–Ω–∞: 250 —Ä-80—Ö200+20—Å–º 
–¶–µ–Ω–∞: 270—Ä-90—Ö200+20—Å–º
–¶–µ–Ω–∞: 300—Ä-120—Ö200+20—Å–º
–¶–µ–Ω–∞: 330—Ä-140—Ö200+20—Å–º
–¶–µ–Ω–∞: 350—Ä-160—Ö200+20—Å–º
–¶–µ–Ω–∞: 380—Ä-180—Ö200+20—Å–º
–¶–µ–Ω–∞: 400—Ä-200—Ö200+20—Å–º
–¢–∫–∞–Ω—å: —Ç—Ä–∏–∫–æ—Ç–∞–∂ —Å–æ—Å—Ç–∞–≤ —Ö–ª–æ–ø–æ–∫
–ê—Ä—Ç: 2–ë-88 –∫–æ—Ä–ø—É—Å –ê
https://vk.com/id411325659",-203393330,96663,vk,–ü—Ä–æ—Å—Ç—ã–Ω—è –Ω–∞ —Ä–µ–∑–∏–Ω–∫–µ 90—Ö200+20—Å–º,270,RUB,1,valid,"The offer clearly specifies the bundle, including size, price, and fabric details, allowing customers to understand and verify the product."
83,"–≥–æ—Ä–µ–ª–∫–∞ 25 
—á–µ–º–æ–¥–∞–Ω 45 (–Ω–µ –≤—ã–¥–≤–∏–≥–∞–µ—Ç—Å—è —Ä—É—á–∫–∞) 
–∫—É—Ä—Ç–∫–∞ —Å–∞–ª–æ–º–æ–Ω –≥–æ–ª—É–±–∞—è —Ä–∞–∑–º–µ—Ä –º - 95 –ª–∞—Ä–∏ 

—Å–∞–ø–æ–≥–∏ –º—É–∂—Å–∫–∏–µ —ç–∫–∫–æ 42 —Ä–∞–∑–º–µ—Ä - 250 –ª–∞—Ä–∏ 
—Å–∞–ø–æ–≥–∏ –∂–µ–Ω—Å–∫–∏–µ –¥–µ–∫–∞—Ç–ª–æ–Ω 40 - 60 –ª–∞—Ä–∏ 
–∫—Ä–æ—Å—Å–æ–≤–∫–∏ –Ω–æ–≤—ã–µ –∞–¥–∏–¥–∞—Å —Ä–µ–ø–ª–∏–∫–∞ 80 –ª–∞—Ä–∏ 

–ø–ª–∞—Ç—å–µ –º–æ–Ω–∫–∏- 25 –ª–∞—Ä–∏ 
–ø–ª–∞—Ç—å–µ —Å –ø—Ç–∏—Ü–µ–π - 40 –ª–∞—Ä–∏
—à—Ç–∞–Ω—ã –º—É–∂—Å–∫–∏–µ –¥–µ–∫–∞—Ç–ª–æ–Ω –º-–ª - 45 –ª–∞—Ä–∏ 
–∫—É—Ä—Ç–∫–∞ –∑–∏–º–Ω—è—è –ª—ã–∂–Ω–∞—è –º—É–∂—Å–∫–∞—è —Å–æ—Å—Ç–æ—è–Ω–∏–µ —Å—É–ø–µ—Ä - 400 –ª–∞—Ä–∏ 

–ø–æ–¥—É—à–∫–∞ –¥–ª—è –ø—É—Ç–µ—à–µ—Å—Ç–≤–∏–π –Ω–æ–≤–∞—è 50 –ª–∞—Ä–∏",1332882905,782156,tg,–ø–ª–∞—Ç—å–µ —Å –ø—Ç–∏—Ü–µ–π,40,–ª–∞—Ä–∏,1,valid,The offer clearly lists the bundle with the correct count and price.
84,"–ø—Ä–æ–¥–∞–º –±–µ–ª—ã–π —Å—Ç–æ–ª–∏–∫
30 –µ–≤—Ä–æ
–µ—Å—Ç—å –ø–æ—Ç–µ—Ä—Ç–æ—Å—Ç–∏, –Ω–∞ —Ñ–æ—Ç–æ –∏—Ö –≤–∏–¥–Ω–æ
—Å–∞–º–æ–≤—ã–≤–æ–∑ 
souni-zanakia, limassol",1121942433,327491,tg,–±–µ–ª—ã–π —Å—Ç–æ–ª–∏–∫,30,EUR,1,valid,"The OFFER contains the described bundle, matches the 'Count' for the 'Price' specified in 'Currency', and provides enough detail to understand the product without additional context."
85,"45‚Ç¨ –ø—Ä–æ—Ñ–µ—Å—Å–∏–æ–Ω–∞–ª—å–Ω—ã–π —Ñ–µ–Ω –¥–ª—è —É–∫–ª–∞–¥–∫–∏ –∏ —Å—É—à–∫–∏ –≤–æ–ª–æ—Å , —Å–æ—Å—Ç–æ—è–Ω–∏–µ –Ω–æ–≤–æ–µ.–ª–∏–º–∞—Å—Å–æ–ª",1121942433,699935,tg,–ø—Ä–æ—Ñ–µ—Å—Å–∏–æ–Ω–∞–ª—å–Ω—ã–π —Ñ–µ–Ω –¥–ª—è —É–∫–ª–∞–¥–∫–∏ –∏ —Å—É—à–∫–∏ –≤–æ–ª–æ—Å,45,EUR,1,valid,"The offer clearly describes a single bundle with matching price and currency, making it understandable and verifiable."
86,"–ì—Ä–∞–Ω–¥–∏–æ–∑–Ω–∞—è —Ä–∞—Å–ø—Ä–æ–¥–∞–∂–∞
–ö–ª–∞—Å—Å–Ω–æ–µ –§—É—Ç–±–æ–ª–∫–∏ —Å –¥–ª–∏–Ω–Ω—ã–º–∏ —Ä—É–∫–∞–≤–∞–º–∏ 
–û—Ç–ª–∏—á–Ω–æ–µ –∫–∞—á–µ—Å—Ç–≤–æ —Ç—Ä–∏–∫–æ—Ç–∞–∂–∞ üëåüëåüëå
–†–∞–∑–º–µ—Ä—ã : 48,50,52,54,56
–¶–µ–Ω–∞ –∑–∞ —à—Ç—É–∫ 199üí•üí•üí•üí•. üòéüòé
–ú—ã –±—Ä–æ–Ω–∏—Ä—É–µ–º —Ç–æ–≤–∞—Ä üí´üí´üí´
–ú–µ—Å—Ç–æ :–∫–æ—Ä–ø—É—Å –ê - 2–ê-54 
–°–ø–µ—à–∏—Ç–µ  üèÉ‚Äç‚ôÇÔ∏èüèÉ‚Äç‚ôÇÔ∏è–ø–æ–∫–∞ –æ–Ω–∏ –µ—Å—Ç—å —É –Ω–∞—Å üòâüòâ
–ü–æ–¥—Ä–æ–±–Ω–µ–µ –Ω–∞ https://vk.com/wall488363770_21000",-192083416,12954,vk,–§—É—Ç–±–æ–ª–∫–∏ —Å –¥–ª–∏–Ω–Ω—ã–º–∏ —Ä—É–∫–∞–≤–∞–º–∏,199,RUB,1,invalid,"The offer lacks specific details about the bundle composition, making it impossible to verify without additional context."
87,"–ü–æ—Å—É–¥–∞.–∫–æ–≥–¥–∞ —Ç–æ —Å–æ–±–∏—Ä–∞–ª–∞ –≥–∂–µ–ª—å –ø–æ—Ç–æ–º –ø–µ—Ä–µ—Å—Ç–∞–ª–∞, –æ—Å—Ç–∞–ª—å–Ω–∞—è –ø–æ—Å—É–¥–∞ –∏–∑ —Ä–µ—Å—Ç–æ—Ä–∞–Ω–∞ –æ–Ω –∑–∞–∫—Ä—ã–ª—Å—è –∏ –≤–æ—Ç –∏ –∏ –ø—Ä–∏—á–∏–Ω–∞ –ø—Ä–æ–¥–∞–∂–∏. –ì–∂–µ–ª—å.–≤–∞–∑—ã –ò–Ω–¥–∏—è,—Ä—é–º–æ—á–∫–∏ —Å –ø–æ–¥–Ω–æ—Å–æ–º. –ü–æ–¥—Å—Ç–∞–≤–∫–∏ –¥–ª—è —Ç–æ—Ä—Ç–∞, –∂–∏–ª–µ–π–Ω–∏—Ü—ã –∏–ª–∏ –¥–ª—è –º–æ—Ä–æ–∂–µ–Ω–æ–≥–æ, –¥–ª—è —Ñ—Ä—É–∫—Ç–æ–≤ –∏–ª–∏ –æ–≤–æ—â–µ–π, –≤—ã–∑—ã.–≤—Å—è –ø–æ—Å—É–¥–∞ –±–µ–∑ —Å–∫–æ–ª–æ–≤ –∏ —Ç—Ä–µ—â–∏–Ω. –ß—Ç–æ —Ç–æ –Ω–æ–≤–æ–µ –≤–æ–æ–±—â–µ. –ó–∞–±–∏—Ä–∞–µ–º –º–µ—Ç—Ä–æ –©–µ–ª–∫–æ–≤—Å–∫–∞—è –¥–∞–ª–µ–µ –∞–≤—Ç –¥–æ –æ—Å—Ç –ù–æ–≤—ã–π –≥–æ—Ä–æ–¥–æ–∫. –∑–∞ –≤—Å–µ 2000",-48332904,732486,vk,"–ì–∂–µ–ª—å –≤–∞–∑—ã –ò–Ω–¥–∏—è, —Ä—é–º–æ—á–∫–∏ —Å –ø–æ–¥–Ω–æ—Å–æ–º",2000,RUB,1,invalid,"The OFFER includes multiple items in addition to the described bundle, lacking detail specific to the '–ì–∂–µ–ª—å –≤–∞–∑—ã –ò–Ω–¥–∏—è, —Ä—é–º–æ—á–∫–∏ —Å –ø–æ–¥–Ω–æ—Å–æ–º' bundle alone."
88,"1) —à–æ—Ä—Ç—ã Nike
–°–æ—Å—Ç–æ—è–Ω–∏–µ: 10/10
–°–∞–π–∑: L
–¶–µ–Ω–∞: 1200‚ù§ —Ä—É–±

2) –∫–µ–ø–∫–∞ –û–ª–∏–≤–µ—Ä–∞ Kahn
–°–æ—Å—Ç–æ—è–Ω–∏–µ: 10/10
–¶–µ–Ω–∞: 500‚ù§ —Ä—É–±

3) –°–≤–∏—Ç—à–æ—Ç Fruit of the loom 
–°–∞–π–∑: L
–°–æ—Å—Ç–æ—è–Ω–∏–µ: –æ–≥–æ–Ω—å
–¶–µ–Ω–∞: 1500‚ù§ —Ä—É–±

–ú–µ—Ç—Ä–æ —É–Ω–∏–≤–µ—Ä—Å–∏—Ç–µ—Ç",-48332904,724426,vk,—à–æ—Ä—Ç—ã Nike,1200,RUB,1,valid,The offer clearly matches the bundle description provided.
89,"Nokian Tyres Nordman 7 185/65 R14. –®–∏–ø–æ–≤–∞–Ω–Ω–∞—è! 
–†–µ–∑–∏–Ω–∞ –≤ –æ—Ç–ª–∏—á–Ω–æ–º —Å–æ—Å—Ç–æ—è–Ω–∏–∏! –ù–µ –±—ã–≤–∞–ª–∞ –≤ —Ä–µ–º–æ–Ω—Ç–µ, –ø–æ–ª–Ω–æ—Å—Ç—å—é —Ü–µ–ª–∞—è –∏ —Å–æ–æ—Ç–≤–µ—Ç—Å—Ç–≤—É–µ—Ç —Ñ–æ—Ç–æ–≥—Ä–∞—Ñ–∏—è–º! 
–ì–∞—Ä–∞–∂–Ω–æ–µ —Ö—Ä–∞–Ω–µ–Ω–∏–µ. –ü—Ä–æ—Ç–µ–∫—Ç–æ—Ä–∞ –º–Ω–æ–≥–æ. 
4000—Ä. —à—Ç. 
–í–æ–ø—Ä–æ—Å—ã –≤ –ª—Å!",-96362008,205416,vk,–®–∏–ø–æ–≤–∞–Ω–Ω–∞—è —Ä–µ–∑–∏–Ω–∞ Nokian Tyres Nordman 7 185/65 R14,4000,RUB,1,invalid,"The offer lacks details on the bundle count, making it unclear if the price is for a single tire or a set."
90,"–ü—Ä–æ–¥–∞—é –∏–≥—Ä–æ–≤–æ–π –∫–æ–º–ø—å—é—Ç–µ—Ä. –¶–µ–Ω–∞: 30.000‚ÇΩ –°–∏—Å—Ç–µ–º–∞ –±—ã—Å—Ç—Ä–∞—è, —Å—Ç–æ–∏—Ç –≤–∏–¥–µ–æ–∫–∞—Ä—Ç–∞ RTX 2060 –≤—Å—ë –Ω–∞ —É–ª—å—Ç—Ä–∞ —Ç—è–Ω–µ—Ç. –°–æ–≤—Ä–µ–º–µ–Ω–Ω—ã–π –∫–æ–º–ø –ø—Ä–æ–¥–∞—é –ø–æ –Ω–µ –Ω–∞–¥–æ–±–Ω–æ—Å—Ç–∏. –ë–µ–∑ —Ç–æ—Ä–≥–∞.",-90442795,349992,vk,–∏–≥—Ä–æ–≤–æ–π –∫–æ–º–ø—å—é—Ç–µ—Ä —Å –≤–∏–¥–µ–æ–∫–∞—Ä—Ç–æ–π RTX 2060,30000,RUB,1,valid,"The offer clearly describes a single gaming computer bundle with an RTX 2060, matching the description provided."
91,"–î–∏—Å–∫–∏ PS4 PLAYSTATION 4 –í–æ–∑–º–æ–∂–Ω–æ –æ—Ç–ø—Ä–∞–≤–∫–∞ . 
–°–∫–∏–¥–∫–∞ –∑–∞ –Ω–µ—Å–∫–æ–ª—å–∫–æ —à—Ç—É–∫. 
Dualshock 4 –¥–∂–æ–π—Å—Ç–∏–∫ –æ—Ä–∏–≥–∏–Ω–∞–ª—å–Ω—ã–π 3450 
Gta 5 1800 
Mortal kombat x 1200 
Pubg 1200 
Street fighter v 1200 
Ratchet and clank 1100 
Gran turismo sport 1100 
Uncharted 4 1100 
Infamous –≤—Ç–æ—Ä–æ–π —Å—ã–Ω 1000 
Raibow six –æ—Å–∞–¥–∞ 1000 
Watch dogs 900 
Drive club 950 
Horizon complete 950 
Fifa15 400 
Fifa 14 300",-96362008,197773,vk,Infamous –≤—Ç–æ—Ä–æ–π —Å—ã–Ω,1000,RUB,1,valid,The offer clearly specifies the game 'Infamous –≤—Ç–æ—Ä–æ–π —Å—ã–Ω' with a price of 1000 RUB for one unit which matches the bundle description.
92,"#–ë–ù–ò_–ü—Ä–æ–¥–∞–º–ù–æ–≤–∞—è_–ö—Ä–∞—Å–Ω–æ–¥–∞—Ä 
#–ë–ù–ò_–ê–≤–∏—Ç–æ 
#–ë–ù–ò_–ü–æ—á—Ç–∞ 
#–ë–ù–ò_–°–±–µ—Ä–ª–æ–≥–∏—Å—Ç–∏–∫–∞ 
#–ë–ù–ò_–ê–ª—å—Ñ (—Ö—ç—à—Ç—ç–≥ –∞–≤—Ç–æ—Ä–∞, —Å–º–æ—Ç—Ä–∏—Ç–µ –º–æ–∏ –ø—Ä–æ—á–∏–µ –æ–±—ä—è–≤–ª–µ–Ω–∏—è –ø–æ –Ω–µ–º—É) 
 
–î–æ—Å—Ç–∞–≤–∫–∞ –ø–æ –†–§ –æ—Ç 150 —Ä—É–±–ª–µ–π!!! –ü—Ä–∏ –ø–æ–∫—É–ø–∫–µ –Ω–µ—Å–∫–æ–ª—å–∫–∏—Ö –ø–æ–∑–∏—Ü–∏–π —Å–∫–∏–¥–∫–∞. –†–∞–∑—É–º–µ–µ—Ç—Å—è, –º–æ–∂–Ω–æ –æ–±—ä–µ–¥–∏–Ω—è—Ç—å —Å –ø–æ–∑–∏—Ü–∏—è–º–∏ –∏–∑ –º–æ–∏—Ö –¥—Ä—É–≥–∏—Ö –æ–±—ä—è–≤–ª–µ–Ω–∏–π. –°–º–æ—Ç—Ä–∏—Ç–µ –∏—Ö –ø–æ —Ö—ç—à—Ç–µ–≥—ÉüëÜüèª

1. –û–ª—å—Ç—Ä–µ - 3500, –ú—ë—Ä—Ç–≤—ã–µ –∏ –∂–∏–≤—ã–µ - 1100 (–Ω–æ–≤—ã–µ)
2. –¢–æ—Ä—Ç—É–≥–∞ 2199 –°–ø–µ—Ü–∏–∞–ª—å–Ω–æ–µ –∏–∑–¥–∞–Ω–∏–µ (—Å –¥–æ–ø–æ–º –∏ —Ç—É—Ä–µ–ª—å–∫–∞–º–∏, –Ω–æ–≤–∞—è) - 4100
3. –ï—â–µ –æ–¥–∏–Ω –¥–µ–Ω—å (–Ω–æ–≤–∞—è) - 2800
4. –ó–∞–±—ã—Ç—ã–µ –º–æ—Ä—è (–Ω–æ–≤–∞—è) - 3800
5. –ü–æ—Ä—Ç-–†–æ–π–∞–ª (–Ω–æ–≤–∞—è) - 2100
6. –•–æ—Ä–∞ –°—Ç–∞–Ω–æ–≤–ª–µ–Ω–∏–µ –∏–º–ø–µ—Ä–∏–∏ (–Ω–æ–≤–∞—è) - 3300
7. –ë—É—Ö—Ç–∞ —Ç–æ—Ä–≥–æ–≤—Ü–µ–≤ - 5490, –î—Ä–∞–∫–æ–Ω–æ–ª–æ–≥ - 1600, –û—Ä–∞–∫—É–ª - 1600, –¢–∞–π–Ω–∏–∫ —Ä–∞–∑–±–æ–π–Ω–∏–∫–æ–≤ - 1600, –•–æ–∑—è–∏–Ω —Ç–∞–≤–µ—Ä–Ω—ã - 1600
8. –ù–µ—É—Å—Ç—Ä–∞—à–∏–º—ã–µ –°–µ–≤–µ—Ä–Ω–∞—è –ê—Ñ—Ä–∏–∫–∞ - 2400, –ù–æ—Ä–º–∞–Ω–¥–∏—è - 2400 (–Ω–æ–≤—ã–µ)
9. –ö—Ä–∏–ø—Ç–∏–¥ (–Ω–æ–≤–∞—è) - 1900
10. –ß–µ–º–ø–∏–æ–Ω—ã –ú–∏–¥–≥–∞—Ä–¥–∞ - 3100, –í–∞–ª—å—Ö–∞–ª–ª–∞ –∏ –¢–µ–º–Ω—ã–µ –≥–æ—Ä—ã - 2500, –∫–æ–º–ø–ª–µ–∫—Ç - 5500 (–Ω–æ–≤—ã–µ)
11. –ú–æ—Ä—Ç—É–º - 2250, –£–±–µ–∂–∏—â–µ - 950, –∫–æ–º–ø–ª–µ–∫—Ç - 3100
12. –ú–∞–ª–µ–Ω—å–∫–∏–π —Ü–∏—Ä–∫ + –ë—Ä–∞—Ç—å—è-–∞–∫—Ä–æ–±–∞—Ç—ã - 3100 (–Ω–æ–≤—ã–µ)
13. –ö—Ç–æ –∂–µ —Ç—É—Ç? (–Ω–æ–≤–∞—è) - 1000
14. –ë–æ–ª—å—à–∞—è –ë—Ä–æ–¥–∏–ª–∫–∞ - 1600, –ï—â—ë –ë–æ–ª—å—à–µ –ü—Ä–∏–∫–ª—é—á–µ–Ω–∏–π - 400, –ù–∞ –ø—É—Ç–∏ –∫ —Ç—Ä–æ–Ω—É –∂–µ–ª–∞–Ω–∏–π - 1700, –∫–æ–º–ø–ª–µ–∫—Ç - 3600
15. –ì–æ—Ä–æ–¥ –í–µ–ª–∏–∫–æ–π –º–∞—à–∏–Ω—ã - 3400, –ü–æ—Å–ª–µ–¥–æ–≤–∞—Ç–µ–ª–∏ - 1250, –≠—Å–∫–∞–ª–∞—Ü–∏—è - 1700 (–Ω–æ–≤—ã–µ)
16. –ë—É–º–∞–∂–Ω—ã–µ –ø–æ–¥–∑–µ–º–µ–ª—å—è - 1650, –û—Å–æ–±—ã–µ –ø–æ—Ä—É—á–µ–Ω–∏—è - 1760, –∫–æ–º–ø–ª–µ–∫—Ç - 3300 (–Ω–æ–≤—ã–µ)
17. –ù—É–∞—Ä (–Ω–æ–≤–∞—è) - 1000
18. –ü–∞–ª–µ–æ - 3300, –ù–æ–≤–æ–µ –Ω–∞—á–∞–ª–æ - 1650, –£–∂–∞—Å–Ω—ã–µ –ø—Ç–∏—Ü—ã - 330, –û–±—Ä—è–¥ –ø–æ—Å–≤—è—â–µ–Ω–∏—è - 330 (–Ω–æ–≤—ã–µ)
19. –®–µ—Ä–∏—Ñ –ù–æ—Ç—Ç–∏–Ω–≥–µ–º–∞ 1—è —Ä–µ–¥. (–Ω–æ–≤–∞—è) - 3000
20. –û–ø–∞—Å–Ω—ã–µ —Å–ª–æ–≤–∞ (–Ω–æ–≤–∞—è) - 1700
21. –í—ã—à–µ –∏ –Ω–∏–∂–µ (–Ω–æ–≤–∞—è) - 2800
22. –í–µ—á–Ω–∞—è –ó–∏–º–∞ –ü–∞–ª–µ–æ–∏–Ω–¥–µ–π—Ü—ã (–Ω–æ–≤–∞—è) - 5950, –í–µ—Ä–Ω—ã–µ –î—Ä—É–∑—å—è - 450, –°–≤—è—â–µ–Ω–Ω—ã–µ –ó–µ–º–ª–∏ - 450, –°–µ–≤–µ—Ä–Ω–æ–µ –°–∏—è–Ω–∏–µ - 450
23. –ú–∞—Ä–∏–ø–æ—Å–∞—Å (–Ω–æ–≤–∞—è) - 3200
24. –°–∫–∞–ª–∞ –≤–µ–¥—å–º (–Ω–æ–≤–∞—è) - 3200
25. –¢—Ä–∞—è–Ω (–Ω–æ–≤–∞—è) - 3350
26. –ó–æ–º–±–∏—Ü–∏–¥ - 10700, –í–∞—à–∏–Ω–≥—Ç–æ–Ω, –æ–∫—Ä—É–≥ –ó–æ–º–±–∏—è - 4600, –§–æ—Ä—Ç –•–µ–Ω–¥—Ä–∏–∫—Å - 4600, –ì–æ—Ä–æ–¥—Å–∫–∏–µ –ª–µ–≥–µ–Ω–¥—ã - 2100, –°–æ–ª–¥–∞—Ç—ã-–∑–æ–º–±–∏ - 1100, –•—Ä–æ–Ω–∏–∫–∏ –≤—ã–∂–∏–≤—à–∏—Ö - 2500 (–Ω–æ–≤—ã–µ)
27. –ê–Ω—Ö –ë–æ–≥–∏ –ï–≥–∏–ø—Ç–∞ (–Ω–æ–≤–∞—è) - 8000
28. –ò–Ω–∏—à (–Ω–æ–≤–∞—è) - 5000, –°–µ–∑–æ–Ω—ã - 3000
29. –ò–¥–µ–∞–ª—å–Ω—ã–π –∫–∞–¥—Ä (–Ω–æ–≤–∞—è) - 2450
30. –ù–∞—Ç–∏—Å–∫! (–Ω–æ–≤–∞—è) - 2100
31. –°–æ–Ω–æ—Ä–∞ (–Ω–æ–≤–∞—è) - 1850
32. –ü—Ä–µ–¥–≤–∏–¥–µ–Ω–∏–µ (–Ω–æ–≤–∞—è) - 3200
33. –£–∂–∞—Å –ê—Ä–∫—Ö—ç–º–∞ –ö–∞—Ä—Ç–æ—á–Ω–∞—è –∏–≥—Ä–∞ - 2100, –ù–∞—Å–ª–µ–¥–∏–µ –î–∞–Ω–≤–∏—á–∞ –ö–∞–º–ø–∞–Ω–∏—è 3300, –°—ã—â–∏–∫–∏ 2100, –í–æ–∑–≤—Ä–∞—â–µ–Ω–∏–µ 1500; –ù–∞ –∫—Ä–∞—é –∑–µ–º–ª–∏ –ö–∞–º–ø–∞–Ω–∏—è 3300, –°—ã—â–∏–∫–∏ 2100; –ê–ª—ã–µ –∫–ª—é—á–∏ –ö–∞–º–ø–∞–Ω–∏—è 3300, –°—ã—â–∏–∫–∏ 2100; –ü—É—Ç—å –≤ –ö–∞—Ä–∫–æ–∑—É –ö–∞–º–ø–∞–Ω–∏—è 3300, –°—ã—â–∏–∫–∏ 2100, –í–æ–∑–≤—Ä–∞—â–µ–Ω–∏–µ 1500; –í–µ—Å—å —Ü–∏–∫–ª –ó–∞–±—ã—Ç–∞—è —ç–ø–æ—Ö–∞ 5400; –ù–∞—Ä—É—à–µ–Ω–Ω—ã–π –∫—Ä—É–≥ –ö–∞–º–ø–∞–Ω–∏—è 3300, –°—ã—â–∏–∫–∏ 2100, –í–æ–∑–≤—Ä–∞—â–µ–Ω–∏–µ 1650, –ö–∞–ø–ª—è, –ø–æ–≥–ª–æ—Ç–∏–≤—à–∞—è –≤—Å—ë 850, –õ–∞–±–∏—Ä–∏–Ω—Ç—ã –±–µ–∑—É–º–∏—è 850, –°—Ç—Ä–∞–∂–∏ –ë–µ–∑–¥–Ω—ã 850, –í–æ–π–Ω–∞ –í–Ω–µ—à–Ω–∏—Ö –±–æ–≥–æ–≤ 850, –£–±–∏–π—Å—Ç–≤–æ –≤ –æ—Ç–µ–ª–µ –≠–∫—Å–µ–ª—å—Å–∏–æ—Ä 850, –§–æ—Ä—Ç—É–Ω–∞ –∏ –±–µ–∑—Ä–∞—Å—Å—É–¥—Å—Ç–≤–æ 850, –ö–∞—Ä–Ω–∞–≤–∞–ª —É–∂–∞—Å–æ–≤ 660, –ü—Ä–æ–∫–ª—è—Ç–∏–µ —Ä—É–≥–∞—Ä—É 660, –ù–æ—á—å —Ñ–∞–Ω–∞—Ç–∏—á–∫–∏ –í–æ–∑–≤—Ä–∞—â–µ–Ω–∏–µ 1500, –°—ã—â–∏–∫–∏ –ø–æ 660 (–Ω–æ–≤—ã–µ)
34. –°—ç–∫–∏–≥–∞—Ö–∞—Ä–∞ (–Ω–æ–≤–∞—è) - 4200

–õ—é–±—ã–µ —Å–ø–æ—Å–æ–±—ã –¥–æ—Å—Ç–∞–≤–∫–∏ –¢–ö. –î–æ—Å—Ç–∞–≤–∫–∞ –≤ –±–æ–ª—å—à–∏–Ω—Å—Ç–≤–æ –Ω–∞—Å–µ–ª–µ–Ω–Ω—ã—Ö –ø—É–Ω–∫—Ç–æ–≤ –æ—Ç 150 –¥–æ 300 —Ä—É–±–ª–µ–π. –î–æ—Å—Ç–∞–≤–∫–∞ –ø–æ –ö—Ä–∞—Å–Ω–æ–¥–∞—Ä—É –∏–ª–∏ —Å–∞–º–æ–≤—ã–≤–æ–∑. –í—Å–µ –≤–æ–ø—Ä–æ—Å—ã –≤ –õ–°, –ø–æ–∂–∞–ª—É–π—Å—Ç–∞, –∞ –Ω–µ –≤ –∫–æ–º–º–µ–Ω—Ç—ã. –°–º–æ—Ç—Ä–∏—Ç–µ –º–æ–∏ –æ–±—ä—è–≤–ª–µ–Ω–∏—è –ø–æ —Ö—ç—à—Ç–µ–≥—ÉüëÜüèª",-114967596,591087,vk,–¢—Ä–∞—è–Ω,3350,RUB,1,valid,"The offer clearly lists '–¢—Ä–∞—è–Ω' with a specific price, count, and currency that matches the description."
93,"1. –¥–∂–∏–Ω—Å—ã –∂–µ–Ω—Å–∫–∏–µ monki 27 —Ä–∞–∑–º–µ—Ä, mom jeans, –≤—ã—Å–æ–∫–∞—è —Ç–∞–ª–∏—è, 1000‚ÇΩ
2. –¥–∂–∏–Ω—Å—ã –∂–µ–Ω—Å–∫–∏–µ h&m, 27 (42) —Ä–∞–∑–º–µ—Ä, —à–∏—Ä–æ–∫–∏–µ –¥–∂–∏–Ω—Å—ã, –≤—ã—Å–æ–∫–∞—è —Ç–∞–ª–∏—è, 1000‚ÇΩ
3. —à–æ—Ä—Ç—ã –¥–∂–∏–Ω—Å–æ–≤—ã–µ –∂–µ–Ω—Å–∫–∏–µ monki 27 —Ä–∞–∑–º–µ—Ä, –≤—ã—Å–æ–∫–∞—è —Ç–∞–ª–∏—è, 900‚ÇΩ
4. –¥–∂–∏–Ω—Å—ã –º—É–∂—Å–∫–∏–µ colin‚Äôs 32 —Ä–∞–∑–º–µ—Ä, 1100‚ÇΩ
5. –∫—É—Ä—Ç–∫–∞ –∂–µ–Ω—Å–∫–∞—è termit, —Ä–∞–∑–º–µ—Ä 42, 2400‚ÇΩ
6. –ø–∞–ª—å—Ç–æ –∂–µ–Ω—Å–∫–æ–µ stradivarius, —Ä–∞–∑–º–µ—Ä 42 s, 4000‚ÇΩ
7. –±–æ—Ç–∏–Ω–∫–∏ –æ–∫—Å—Ñ–æ—Ä–¥—ã –∂–µ–Ω—Å–∫–∏–µ 39 —Ä–∞–∑–º–µ—Ä, 900‚ÇΩ

–≤—Å—ë –≤ –æ—Ç–ª–∏—á–Ω–æ–º –∫–∞—á–µ—Å—Ç–≤–µ, –≤ –ª—Å –º–æ–≥—É —Å–∫–∏–Ω—É—Ç—å –¥–æ–ø —Ñ–æ—Ç–æ –∏ –∏–Ω—Ñ—É. –ª–∏—á–Ω–∞—è –≤—Å—Ç—Ä–µ—á–∞ –º.–º–∞—Ä—å–∏–Ω–æ/–±—Ä–∞—Ç–∏—Å–ª–∞–≤—Å–∫–∞—è.",-48332904,724421,vk,–ø–∞–ª—å—Ç–æ –∂–µ–Ω—Å–∫–æ–µ stradivarius,4000,RUB,1,valid,"The offer clearly specifies the bundle with a title, count, and price in the correct currency."
94,"–§–£–¢–ë–û–õ–ö–ò –ú–£–ñ–°–ö–ò–ï –í–ï–õ–ò–ö–ê–ù 
–í –†–ê–ó–ú–ï–†–ï –¢–ö–ê–ù–¨ 100% –•–õ–û–ü–û–ö 

–ö–æ–ª–∏—á–µ—Å—Ç–≤–æ –±–µ–∑ –æ–≥—Ä–∞–Ω–∏—á–µ–Ω–∏—è 

–†–ê–ó–ú–ï–† 58,60,62,64,66

–¶–ï–ù–ê –ó–ê –®–¢–£–ö 170 –†–£–ë–õ–ï–ô
–ë–ï–ó –í–´–ë–û–†–ê
–ü–æ–¥—Ä–æ–±–Ω–µ–µ –Ω–∞ https://vk.com/wall488363770_20242",-192083416,12452,vk,"–§—É—Ç–±–æ–ª–∫–∏ –º—É–∂—Å–∫–∏–µ –í–µ–ª–∏–∫–∞–Ω, 100% —Ö–ª–æ–ø–æ–∫, —Ä–∞–∑–º–µ—Ä—ã 58-66",170,RUB,1,valid,The offer clearly describes a single bundle of a cotton men's T-shirt in sizes 58-66 for 170 RUB.
95,"koton –∫–ª—ë—à —à—Ç–∞–Ω—ã 
—Ä–∞–∑–º–µ—Ä (s-m) —Ä–æ—Å—Ç 170
35 gel",1332882905,368173,tg,—à—Ç–∞–Ω—ã –∫–ª—ë—à koton,35,GEL,1,valid,"The offer details are clear, including item description, count, price, and currency, matching the bundle description provided."
96,"–ø—Ä–æ–¥–∞—é –Ω–æ–≤—É—é –ø—É–¥—Ä—É artdeco —Å spf 50 –¥–ª—è –æ–±–Ω–æ–≤–ª–µ–Ω–∏—è —Å–æ–ª–Ω—Ü–µ–∑–∞—â–∏—Ç—ã –ø–æ–≤–µ—Ä—Ö –º–∞–∫–∏—è–∂–∞. –Ω–∏ —Ä–∞–∑—É –Ω–µ –ø–æ–ª—å–∑–æ–≤–∞–ª–∞—Å—å, –∑–∞–∫–∞–∑—ã–≤–∞–ª–∞ –æ–Ω–ª–∞–π–Ω –≤ –∏—Ç–æ–≥–µ –Ω–µ –ø–æ–¥–æ—à–µ–ª —Ü–≤–µ—Ç.  –ø–æ–∫—É–ø–∞–ª–∞ –∑–∞ 78 –ª–∞—Ä–∏. –ø–∏—à–∏—Ç–µ –≤ –ª—Å ü§ç",1332882905,506509,tg,–ø—É–¥—Ä–∞ artdeco —Å spf 50,78,GEL,1,valid,"The offer clearly specifies the product bundle, its price, and currency which matches the description provided."
97,"–ø—Ä–æ–¥–∞—é:
1) –∫–µ–¥—ã, –Ω–æ–≤—ã–µ, –Ω–µ–Ω–æ—à–µ–Ω—ã–µ, —Ä–∞–∑–º–µ—Ä 41, –º–Ω–µ –æ–∫–∞–∑–∞–ª–∏—Å—å –º–∞–ª–æ–≤–∞—Ç—ã, –ø–æ–¥–æ–π–¥—É—Ç —Å–∫–æ—Ä–µ–µ –Ω–∞ —Ä–∞–∑–º–µ—Ä  40. —Ü–µ–Ω–∞: 50 gel
2) —Ç–µ–Ω–∏ my dream palette –æ—Ç natasha denona, –ø–æ–∫—É–ø–∞–ª–∞ –≤ –∏–º sephora –≤ —Ñ–µ–≤—Ä–∞–ª–µ —ç—Ç–æ–≥–æ –≥–æ–¥–∞. –∏—Å–ø–æ–ª—å–∑–æ–≤–∞–ª–∞ —Ä–∞–∑ 7-9. —Ü–µ–Ω–∞: 120 gel
–º–µ—Ç—Ä–æ 300 –∞—Ä–∞–≥–≤–µ–ª–∏ / —É–ª. –¥–∏–¥–∏ —Ö–µ–∏–≤–∞–Ω–∏",1332882905,587719,tg,"–∫–µ–¥—ã, –Ω–æ–≤—ã–µ, –Ω–µ–Ω–æ—à–µ–Ω—ã–µ, —Ä–∞–∑–º–µ—Ä 40",50,GEL,1,valid,"The offer clearly describes a single bundle of new, unworn sneakers size 40 for the specified price and currency."
98,"–†–∞—Å–ø—Ä–æ–¥–∞–∂–∞
–¶–µ–Ω–∞: 650—Ä
–¶–µ–Ω–∞ —É–ø 10*600—Ä
–í —É–ø–∞–∫–æ–≤–∫–µ —Ä–∞–∑–Ω—ã–π —Ü–≤–µ—Ç
–¢–∫–∞–Ω—å: 50% –ê–Ω–≥–æ—Ä–∞ +10% —à–µ—Ä—Å—Ç—å +30% –≤–∏—Å–∫–æ–∑–∞ +10% –Ω–µ–π—Ç–æ–Ω 
–†–∞–∑–º–µ—Ä: –µ–¥–∏–Ω—ã–π 8 –ª–µ—Ç –¥–æ –≤–∑—Ä–æ—Å–ª—ã—Ö
–ê—Ä—Ç: 2–í-10 –ö–æ—Ä–ø—É—Å –ë
Https://vk.com/thucthang01",-206817857,62709,vk,–¢–∫–∞–Ω—å —Å–º–µ—à–∞–Ω–Ω–æ–≥–æ —Å–æ—Å—Ç–∞–≤–∞,6000,RUB,10,invalid,"The offer lacks clear information about the bundle's contents, making it impossible to verify against the bundle description."
99,"üíûüíûüíûüíûüíûüíûüíûüíûüíûüíû
üí•üí•–ù–æ–≤–æ–µ –ø–æ—Å—Ç—É–ø–ª–µ–Ω–∏–µüí•üí•
–°–ø—Ä–∞–π—Ç —Å–∞—Ç–∏–Ω

üåπ–ö–û–ú–ü–õ–ï–ö–¢ –ü–û–°–¢–ï–õ–¨–ù–û–ì–û –ë–ï–õ–¨–Ø –û–¢ 
–§–ò–†–ú–ê ""–ü–ê–ù–î–û–†–ê""

           –†–ê–ó–ú–ï–†  :  –ø–æ–ª—É—Ç–æ—Ä–∫–∏
üåπ–ü–û–î–û–î–ï–Ø–õ–¨–ù–ò–ö 150√ó220 —Å–º  
üåπ–ü–†–û–°–¢–´–ù–Ø  150√ó220 —Å–º  ( 1 )
üåπ–ù–ê–í–û–õ–û–ß–ö–ê 70–•70 —Å–º.    ( 2 ) 
üåπ–¶–ï–ù–ê –ó–ê –®–¢–£–ö 850‚ÇΩ

.    –†–∞–∑–º–µ—Ä : –¥–≤—É—Ö—Å–ø–∞–ª—å–Ω—ã–π
–ü–æ–¥–æ–¥–µ—è–ª—å–Ω–∏–∫ 180√ó220 —Å–º
–ü—Ä–æ—Å—Ç—ã–Ω—è 180√ó220 —Å–º
–ù–∞–≤–æ–ª–æ—á–∫–∞ 70√ó70 ( 2 )
–¶–µ–Ω–∞ –∑–∞ —à—Ç—É–∫—É 950‚ÇΩ

.    –†–∞–∑–º–µ—Ä –ï–≤—Ä–æ
–ü–æ–¥–æ–¥–µ—è–ª—å–Ω–∏–∫. 200√ó220 —Å–º
–ü—Ä–æ—Å—Ç—ã–Ω—è.   220√ó240 —Å–º
–ù–∞–≤–æ–ª–æ—á–∫–∞ 50√ó70  2—à—Ç
–ù–∞–≤–æ–ª–æ—á–∫–∞ 70√ó70  2—à—Ç
–¶–µ–Ω–∞ 1200‚ÇΩ

.    —Ä–∞–∑–º–µ—Ä   —Å–µ–º–µ–π–Ω—ã–π
–ü–æ–¥–æ–¥–µ—è–ª—å–Ω–∏–∫ 150√ó220 —Å–º 2—à—Ç
–ü—Ä–æ—Å—Ç—ã–Ω—è 220√ó240 
–ù–∞–≤–æ–ª–æ—á–∫–∞ 50√ó70 2—à—Ç
–ù–∞–≤–æ–ª–æ—á–∫–∞ 70√ó70 2—à—Ç
–¶–µ–Ω–∞ 1450‚ÇΩ

–†–µ–∫–æ–º–µ–Ω–¥–∞—Ü–∏–∏ –ø–æ —É—Ö–æ–¥—É:
–°—Ç–∏—Ä–∫–∞ –ø—Ä–∏ 40¬∞–°, –±–µ–∑ –∏—Å–ø–æ–ª—å–∑–æ–≤–∞–Ω–∏—è —Ö–ª–æ—Ä–∞. –û—Ç–∂–∏–º –ø—Ä–æ–∏–∑–≤–æ–ª—å–Ω—ã–π –≥–ª–∞–¥–∏—Ç—å –Ω–∞ –≤—Ç–æ—Ä–æ–º —É—Ä–æ–≤–Ω–µ

–ü–û –ê–î–†–ï–°–£ 2A-54 –ö–û–†–ü–£–° –ê
WhatsApp –¥–ª—è –∏–Ω—Ñ–æ—Ä–º–∞—Ü–∏–∏ 8 926 723 07 20
–ü–æ–¥—Ä–æ–±–Ω–µ–µ –Ω–∞ https://vk.com/wall488363770_23156
–ü–æ–¥—Ä–æ–±–Ω–µ–µ –Ω–∞ https://vk.com/wall488363770_23336",-192083416,15062,vk,–ü–æ—Å—Ç–µ–ª—å–Ω–æ–µ –±–µ–ª—å–µ —Ä–∞–∑–º–µ—Ä–∞ –ï–≤—Ä–æ –æ—Ç —Ñ–∏—Ä–º—ã –ü–∞–Ω–¥–æ—Ä–∞,1200,RUB,1 –∫–æ–º–ø–ª–µ–∫—Ç,valid,"The OFFER clearly specifies the components, count, and price for the described European size bedding set from Pandora, allowing for straightforward verification."
