,Text,WallId,PostId,Source
0,"i–†hon–µ 11 64–≥–± –≤ –∫—Äac–Ω–æ–º —Ü–≤e—Ç–µ —Å –ß–ï–ö–ûM –∏–∑ –º–∞–≥a–∑–∏–Ω–∞. 84% a–∫–∫—É–º—É–ª—è—Ço—Ä 
–í –∏–¥e–∞–ª—å–Ωo–º coc—Ço—è–Ω–∏–∏, –∫–æ—Ä–ø—É—Å –∏ –∑–∞–¥–Ω—è—è —áa—Å—Ç—å –±e–∑ e–¥–∏–Ωo–π —Üapa–ø–∏–Ω–∫–∏, –Ωa –¥–∏c–ø–ªee ec—Ç—å –Ω–µ–±o–ª—å—à–∏–µ –øo—Çep—Ço—Å—Ç–∏ (–Ω–∞ —Ñ–æ—Ço –ø–æ–ø—ã—Ça–ªc—è –ø–æ–∫a–∑–∞—Ç—å). 
Fac–µ ID,–¢ru–µ-t–æn–µ, 3D T–æuch - p–∞–±–æ—Ç–∞—é—Ç! 
–í –∫–æ–º–ø–ª–µ–∫—Çe –∫ —Çe–ª–µ—Ño–Ω—É –µ—Å—Ç—å: –±—ãc—Çp–∞—è –∑a—Ä—è–¥–∫a –øp–æ–≤–æ–¥+–±–ª–æ–∫, –µ–≤—Ä–æ–ø–µ–π—Å–∫–∏–π –±–ª–æ–∫+–ø—Ä–æ–≤–æ–¥ —Ç–∞–π–ø—Å–∏,–∫–æ—Ä–æ–±–∫–∞ ,–ß–µ–∫ –∏–∑ –º–∞–≥–∞–∑–∏–Ω–∞! 
–¶–µ–Ω–∞: 26.700—Ä",-151775338,537819,vk
1,"Kx-tca285
–ë/—É –Ω–µ–¥–æ–ª–≥–æ. –í —Ä–∞–±–æ—á–µ–º —Å–æ—Å—Ç–æ—è–Ω–∏–∏, –Ω–æ–≤–∞—è –±–∞—Ç–∞—Ä–µ–π–∫–∞.(10.000)
 –î–ª—è –ê–¢–° Panasonic 
–ï—Å—Ç—å –æ–¥–∏–Ω –∞–±—Å–æ–ª—é—Ç–Ω–æ –Ω–æ–≤—ã–π - 20.000 (–≥–∞—Ä–∞–Ω—Ç–∏—è –µ—â—ë –ø–∞—Ä—É –ª–µ—Ç)",-48332904,704790,vk
2,"üåπ–ü–û–õ–£–ß–ò–õ–ò –î–ê–ß–ù–ò –ö–û–°–¢–Æ–ú 
üåπ–ö–ê–ß–ï–°–¢–í–û –°–£–ü–ï–† 
üåπ–†–ê–ó–ú–ï–† 48-50-52-54-56-58-60-62-64-66
üåπ–¶–ï–ù–ê –£–ü–ê–ö–û–í–ö–ê 2700 ( 10√ó270 )
üåπ–¶–ï–ù–ê –∑–∞ –®–¢–£–ö 300 —Ä—É–±–ª–µ–π 
üåπ–ë–ï–ó –í–´–ë–û–† –¶–í–ï–¢ 
üåπ–û—Å—Ç–µ—Ä–µ–≥–∞–π—Ç–µ—Å—å –ø–æ–¥–¥–µ–ª–æ–∫
–ü–æ–¥—Ä–æ–±–Ω–µ–µ –Ω–∞ https://vk.com/wall488363770_20232",-192083416,12439,vk
3,"–ü—Ä–æ–¥–∞–º 1000—Ä. –†–∞–∑–º–µ—Ä 46. (–í –∏–¥–µ–∞–ª—å–Ω–æ–º —Å–æ—Å—Ç–æ—è–Ω–∏–∏, –ø—Ä–æ—Å—Ç–æ —Å—Ç–∞–ª –º–∞–ª) –í—Å–µ –≤–æ–ø—Ä–æ—Å—ã –≤ –ª–∏—á–∫—É.",-90442795,349691,vk
4,"–º–∏–Ω–∏-—Å—É–º–∫–∞ charles&keith —è–∏—á–Ω–æ–≥–æ —Ü–≤–µ—Ç–∞. –Ω–æ–≤–∞—è. –º–æ–∂–Ω–æ –Ω–æ—Å–∏—Ç—å —á–µ—Ä–µ–∑ –ø–ª–µ—á–æ.
—Å—ä–µ–º–Ω–∞—è –¥–ª–∏–Ω–Ω–∞—è —Ä—É—á–∫–∞, –æ—Ç–¥–µ–ª–µ–Ω–∏–µ –Ω–∞ –º–∞–≥–Ω–∏—Ç–∞—Ö, –≤–Ω—É—Ç—Ä–∏ 2 –∫–∞—Ä–º–∞–Ω–∞ (–æ–¥–∏–Ω –Ω–∞ –º–æ–ª–Ω–∏–∏).
—Ä–∞–∑–º–µ—Ä ~15—Ö22 —Å–º
100 –ª–∞—Ä–∏",1332882905,429778,tg
5,"–∞–±—Å–æ–ª—é—Ç–Ω–æ –Ω–æ–≤—ã–π —Å—Ç–µ–ª–ª–∞–∂ –∏–∫–µ–∞. 50 –µ–≤—Ä–æ, –ª–∏–º–∞—Å—Å–æ–ª",1121942433,386193,tg
6,"–ø—Ä–æ–¥–∞–º –Ω–æ–≤–æ–µ –∂–µ–Ω—Å–∫–æ–µ –ø–∞–ª—å—Ç–æ zara,—Ä–∞–∑–º–µ—Ä s,–Ω–æ–≤–æ–µ ,–∫ —Å–æ–∂–∞–ª–µ–Ω–∏—é ,–Ω–µ –ø–æ–¥–æ—à—ë–ª —Ä–∞–∑–º–µ—Äü•≤

300 –ª–∞—Ä–∏",1332882905,797631,tg
7,"–ø—Ä–æ–¥–∞–º –¥–∞–π—Å–æ–Ω 
–≤ –æ—Ç–ª–∏—á–Ω–æ–º —Å–æ—Å—Ç–æ—è–Ω–∏–∏ 
–ø–æ–∫—É–ø–∞–ª–∞ –Ω–∞ —Ñ–∏–ª–∏–ø–∏–Ω–∞—Ö. 550$",1332882905,446403,tg
8,"–ù–æ–≤–æ–µ —Å –±–∏—Ä–∫–∞–º–∏ –≤—ã—Ä–æ—Å–ª–∏ –Ω–µ —É—Å–ø–µ–ª–∏ –ø–æ–Ω–æ—Å–∏—Ç—å –¥–ª–∏–Ω–∞ 101 —Å–º –ø–æ —Å–ø–∏–Ω–∫–µ , –¥–ª–∏–Ω–∞ —Ä—É–∫–∞–≤–∞ —Å –ø–ª–µ—á–æ–º 71 , –Ω–∞ 44-46. —Ä–∞–∑–º–µ—Ä. ( –Ω–∞ –±–∏—Ä–∫–µ –Ω–∞–ø–∏—Å–∞–Ω–æ 170 —Ä–æ—Å—Ç)
#–±–∞—Ä–∞—Ö–æ–ª–∫–∞ #–±–∞—Ä–∞—Ö–æ–ª–∫–∞@networksales #–ø—Ä–æ–¥–∞–º #–æ–±—ä—è–≤–ª–µ–Ω–∏—è #—Ç–æ–≤–∞—Ä—ã #—Å–ø–±",-1485,205146,vk
9,"–ö–æ–Ω—Ç—Ä–æ–ª–ª–µ—Ä –¥–ª—è —ç–ª–µ–∫—Ç—Ä–æ–≤–µ–ª–æ—Å–∏–ø–µ–¥–∞ 

–ù–æ–º–∏–Ω–∞–ª—å–Ω–æ–µ –Ω–∞–ø—Ä—è–¥–∂–µ–Ω–∏–µ: 36/48V –ù–æ–º–∏–Ω–∞–ª—å–Ω—ã–π —Ç–æ–∫: 17A
–ù–æ–º–∏–Ω–∞–ª—å–Ω–∞—è –º–æ—â–Ω–æ—Å—Ç—å: 350W

–¢–∞–∫ –∂–µ –≤ –Ω–∞–ª–∏—á–∏–∏ –µ—Å—Ç—å –Ω–∞ 500W

–î–ª—è –∑–∞–∫–∞–∑–∞ –ø–∏—à–∏!",-96362008,198339,vk
10,"–ö–æ—Å—Ç—é–º –¥–≤–æ–π–∫–∞
–¶–µ–Ω–∞: 350 —Ä—É–±
–†–∞—Å–ø—Ä–æ–¥–∞–∂–∞
–¢–∫–∞–Ω—å: —Ä—É–±—á–∏–∫ —Ç—Ä–∏–∫–æ—Ç–∞–∂
–†–∞–∑–º–µ—Ä—ã: 42,44
–ë–µ–∑ –≤—ã–±–æ—Ä–∞ —Ü–≤–µ—Ç–∞ 
–õ–∏–Ω–∏—è 22 –ø–∞–≤–∏–ª—å–æ–Ω 70",-206817857,99050,vk
11,"–ø—Ä–æ–¥–∞–º —Å–∫–æ—Ä–æ—Å—Ç–Ω–æ–π –≤–µ–ª–æ—Å–∏–ø–µ–¥. 6 —Å–∫–æ—Ä–æ—Å—Ç–µ–π, –∫–æ—Ä–∑–∏–Ω–∫–∞, –±–∞–≥–∞–∂–Ω–∏–∫. 350 –ª–∞—Ä–∏. –≤–∞–∫–µ.",1332882905,450224,tg
12,"–†–ê–°–ü–†–û–î–ê–ñ–ê, –ª–µ—Ç–Ω–∏–µ –Ω–æ—Å–∫–∏, –æ—Ç–ª–∏—á–Ω–æ–≥–æ –∫–∞—á–µ—Å—Ç–≤–∞, —Ü–µ–Ω–∞ 35 —Ä—É–±–ª–µ–π –∑–∞ –ø–∞—Ä—É, —Ä–∞–∑–º–µ—Ä 36-41",-90442795,352716,vk
13,"–†–∞—Å–ø—Ä–æ–¥–∞–∂–∞ 
–ö–æ–º–ø–ª–µ–∫—Ç –ø–æ—Å—Ç–µ–ª—å–Ω–æ–µ –±–µ–ª—å—ë 
–¢–∫–∞–Ω—å:–±—è–∑—å 
–†–∞–∑–º–µ—Ä 1,5
Ô∏è–ü–æ–¥–æ–¥–µ–ª—å–Ω–∏–∫ 150–•210 
Ô∏è–ü—Ä–æ—Å—Ç—ã–Ω—è   150–•210 
Ô∏è–ù–æ–≤–∏–Ω–∫–∞   70–•70  
–¶–µ–Ω–∞ 330—Ä

–†–∞–∑–º–µ—Ä 2 —Å–ø–∞–ª—å–Ω—ã–π
–ü–æ–¥–æ–¥–µ–ª—å–Ω–∏–∫ 180–•210
–ü—Ä–æ—Å—Ç—ã–Ω—è   180–•210
Ô∏è–ù–∞–≤–ª–æ—á–∫–∞  70–•70 
–¶–µ–Ω–∞ 350—Ä
–ê—Ä—Ç: 2–ê-54 –ö–æ—Ä–ø—É—Å –ê 
https://vk.com/sadovod_sm54",-203393330,84570,vk
14,"–ü—Ä–æ–¥–∞—é:
1. –†–æ—É—Ç–µ—Ä - 1000 —Ä—É–±. 
2. –ê–¥–∞–ø—Ç–µ—Ä –¥–ª—è –Ω–æ—É—Ç–±—É–∫–∞ - 600 —Ä—É–±.

#—Ç–µ—Ö–Ω–∏–∫–∞",-82544098,663519,vk
15,"–°–∞–ø–æ–≥–∏ –≤–µ—Å–Ω–∞-–æ—Å–µ–Ω—å (–∑–∞–º—à–∞)40—Ä. 250—Ä—É–±.

#–ë–î_–æ–±—É–≤—å",-82544098,644511,vk
16,"–õ–∞–º–∏–Ω–∞—Ç Artens ¬´–Ø—Å–µ–Ω—å —Å–≤–µ—Ç–ª—ã–π¬ª 32 –∫–ª–∞—Å—Å —Ç–æ–ª—â–∏–Ω–∞ 8 –º–º —Å —Ñ–∞—Å–∫–æ–π 2.131 –º¬≤ 

 20 –∫–æ—Ä–æ–±–æ–∫ –ø–æ 1200 –∑–∞ –∫–æ—Ä–æ–±–∫—É
—Å–∞–º–æ–≤—ã–≤–æ–∑ –∏–∑ –ì–æ—Ä—à–∫–æ–≤–æ",-82544098,641324,vk
17,"—á–µ—Ö–æ–ª –Ω–∞ –∞–π—Ñ–æ–Ω 13, –Ω–æ–≤—ã–π, –∑–∞—â–∏—Ç–Ω–æ–µ —Å—Ç–µ–∫–ª–æ –≤ –ø–æ–¥–∞—Ä–æ–∫) 15 –ª–∞—Ä

–∫—É–ø–∏—Ç—å >>> @smorodinasell",1332882905,772072,tg
18,"–†–∞—Å–ø—Ä–æ–¥–∞–∂–∞ —Ü–µ–Ω–∞ 199‚ÇΩ
–ú–µ—Å—Ç–æ –∫–æ—Ä–ø—É—Å –ê 2–ê-54 
–ö–∞—á–µ—Å—Ç–≤–æ –æ—Ç–ª–∏—á–Ω–æ–µ
–†–∞–∑–º–µ—Ä 48/50,52 54 56 58 60
–ë–µ–∑ –≤—ã–±–æ—Ä–∞
–ü–æ–¥—Ä–æ–±–Ω–µ–µ –Ω–∞ https://vk.com/wall488363770_21504",-192083416,13297,vk
19,"–≤—ã—à–∏–≤–∫–∞ –±–∏—Å–µ—Ä–æ–º.
(—Ä–∞–∑–º–µ—Ä –∫–∞—Ä—Ç–∏–Ω–∫–∏ 19—Ö15—Å–º)
–≤ –Ω–∞–±–æ—Ä–µ:
—Å—Ö–µ–º–∞ –¥–ª—è –≤—ã—à–∏–≤–∫–∏
12 –ø–∞–∫–µ—Ç–∏–∫–æ–≤ –±–∏—Å–µ—Ä–∞
–Ω–∞–±–æ—Ä –∏–≥–æ–ª–æ–∫
–Ω–∏—Ç—å –¥–ª—è –±–∏—Å–µ—Ä–∞
10 –µ–≤—Ä–æ.
–ª–∏–º–∞—Å—Å–æ–ª",1121942433,176983,tg
20,"–ú–∞—à–∏–Ω–∫–∏,–∫–Ω–æ–ø–∫–∏ —Ä–∞–±–æ—á–∏–µ, –∑–∞ –≤—Å–µ 500 —Ä—É–±.",-82544098,656128,vk
21,"–ø—Ä–æ–¥–∞–º –±—É—Ç—Å—ã –¥–µ–º–∏–∫—Å, —Ä–∞–∑–º–µ—Ä 37, —Å–æ—Å—Ç–æ—è–Ω–∏–µ –æ—Ç–ª–∏—á–Ω–æ, —Ü–µ–Ω–∞ 600 —Ä—É–±–ª–µ–π, –±—Ä–∞–ª –∑–∞ 2500",-48332904,720734,vk
22,"–ø—Ä–æ–¥–∞–º nintendo wii –±–µ–∑ —Å–µ–Ω—Å–æ—Ä–±–∞—Ä–∞ –∏ –≥–µ–π–º–ø–∞–¥–∞ (–º–æ–∂–Ω–æ –¥–æ–∫—É–ø–∏—Ç—å –Ω–∞ –∞–ª–∏ –∑–∞ $15)
–ø—Ä–æ—à–∏—Ç–∞—è
–≤ –∫–æ–º–ø–ª–µ–∫—Ç–µ –∫–æ–Ω—Å–æ–ª—å, –ø—Ä–æ–≤–æ–¥–∞, –∫–æ—Ä–æ–±–∫–∞, wii sports –∏ wii party
100 –ª–∞—Ä–∏, —Ä–∞—Å—Å–º–∞—Ç—Ä–∏–≤–∞—é –æ–±–º–µ–Ω",1332882905,515500,tg
23,"–Ω–æ–≤—ã–µ, –Ω–µ –ø—Ä–∏–≥–æ–¥–∏–ª–∏—Å—å. —Å—Ä–æ–∫ –≥–æ–¥–Ω–æ—Å—Ç–∏ –¥–æ 2023 –≥. —Å–ø—Ä–µ–π –≤ –≥–æ—Ä–ª–æ –∑–∞ 5 –µ–≤—Ä–æ, –≤ –Ω–æ—Å –∑–∞ 8 –æ—Ç–¥–∞–º. –ª–∏–º–∞—Å—Å–æ–ª. –Ω–µ–∞–ø–æ–ª–∏—Å.",1121942433,282964,tg
24,"–ü—Ä–æ–¥–∞—é –∫–æ—Ñ—Ç—É 
–†–∞–∑–º–µ—Ä ""S""
–ü–æ–∫—É–ø–∞–ª –∑–∞ 4.000
–ü—Ä–æ–¥–∞—é –∑–∞ 2.000
–ü–∏—à–∏—Ç–µ –º–Ω–µ –≤ –ª–∏—á–∫—É",-82544098,633985,vk
25,"–ü—Ä–æ–¥–∞–º —ç—Å—Ç–∞–∫–∞–¥—É. 15000—Ä.
3500/2180/1600.",-48332904,744649,vk
26,"–†–∞—Å–ø—Ä–æ–¥–∞–∂–∞ 
–ù–∞–±–æ—Ä –≤–æ–¥–æ—Å—Ç–æ–π–∫–∏—Ö –ø–æ–º–∞–¥ —Å –º–∞—Å–ª–æ–º 3 —à—Ç
–¶–µ–Ω–∞ 120—Ä 
–ê—Ä—Ç: 2–ê-30 –∫–æ—Ä–ø—É—Å –ë",-206817857,88645,vk
27,"–†–∞—Å–ø—Ä–æ–¥–∞–∂–∞
–ñ–∏–ª–µ—Ç–∫–∞
–¶–µ–Ω–∞: 400—Ä
–†–∞–∑–º–µ—Ä: 42-44-46-48-50-52-54
–ë–µ–∑ –≤—ã–±–æ—Ä–∞ —Ü–≤–µ—Ç–∞
–ê–†–¢: 2–ì-11 –∫–æ—Ä–ø—É—Å –ë",-203393330,71598,vk
28,"—Ä–µ—Ç—Ä–æ–≥–µ–π–º–µ—Ä–∞–º –∏ –∫–æ–ª–ª–µ–∫—Ü–∏–æ–Ω–µ—Ä–∞–º: nintendo game cube pal + legend of zelda wind waker. –ø–æ–ª–Ω–æ—Å—Ç—å—é —Ä–∞–±–æ—á–∏–π. –≤ –∫–æ–º–ø–ª–µ–∫—Ç–µ –∫–∞–±–µ–ª—å rgb-scart (—Ä–µ–¥–∫–æ—Å—Ç—å)+—Ä–æ–¥–Ω–æ–π –∫–æ–º–ø–æ–∑–∏—Ç, —Å—Ç–æ–∫–æ–≤—ã–π –≥–µ–π–º–ø–∞–¥, –∫–∞—Ä—Ç–∞ –ø–∞–º—è—Ç–∏, –±–ª–æ–∫ –ø–∏—Ç–∞–Ω–∏—è. –¥–ª—è —Ñ–∞–Ω–æ–≤ –≤—Å–µ–ª–µ–Ω–Ω–æ–π zelda - –≤–µ—Ä—Å–∏—è –¥–ª—è –∫—É–±–∞ –æ—Ç–ª–∏—á–∞–µ—Ç—Å—è –æ—Ç hd-—Ä–∏–º–µ–π–∫–∞, –ø—Ä–∏—á—ë–º –æ—Ç–ª–∏—á–∏–π –¥–æ–≤–æ–ª—å–Ω–æ –º–Ω–æ–≥–æ. —ç—Ç–æ –∏–º–µ–Ω–Ω–æ —Ç—Ä—É-–≤–µ—Ä—Å–∏—è, –º–∞—Å—Ç —Ö—ç–≤. –ø–æ—Å–∫–æ–ª—å–∫—É  –≥—Ä–∞—Ñ–∏–∫–∞ –º—É–ª—å—Ç—è—à–Ω–∞—è, –Ω–∏–∫–∞–∫–æ–≥–æ –¥–∏—Å–∫–æ–º—Ñ–æ—Ä—Ç–∞ –Ω–∞ –±–æ–ª—å—à–∏—Ö –¥–∏–∞–≥–æ–Ω–∞–ª—è—Ö –æ—Ç sd-—Ä–∞–∑—Ä–µ—à–µ–Ω–∏—è –Ω–µ –≤–æ–∑–Ω–∏–∫–∞–µ—Ç. –æ—Å–æ–±–µ–Ω–Ω–æ –µ—Å–ª–∏ –Ω–∞ —Ç–µ–ª–∏–∫–µ —Ö–æ—Ä–æ—à–∏–π –∞–ø—Å–∫–µ–π–ª–µ—Ä. —á–∏–ø qoob sx. –∑–∞–ø—É—Å–∫–∞–µ—Ç –±–æ–ª–≤–∞–Ω–∫–∏ (–µ—Å—Ç—å —Ü–µ–ª–∞—è –∫—É—á–∞, –º–æ–≥—É –æ—Ç–¥–∞—Ç—å, –Ω–æ —Ç–∞–º –µ—Å—Ç—å –ø–∞—Ä–∞ –Ω—é–∞–Ω—Å–æ–≤). —Ç–∞–∫–∂–µ —Ä–µ–∫–æ–º–µ–Ω–¥—É—é –ø—Ä–æ–π—Ç–∏ –Ω–∞ –Ω–µ–º –æ—Ä–∏–≥–∏–Ω–∞–ª resident evil remake - –¥–æ —Å–∏—Ö –ø–æ—Ä –≤—ã–≥–ª—è–¥–∏—Ç –≥—Ä–∞—Ñ–∏—á–µ—Å–∫–∏-–∞–∫—Ç—É–∞–ª—å–Ω–æ. –∑–∞ –≤—Å–µ 150‚Ç¨. –ª–∏–º–∞—Å—Å–æ–ª.",1121942433,410703,tg
29,"‚ÄºÔ∏è –ª–∏–º–∞—Å–æ–ª 

‚ñ™Ô∏è beanbag chair
‚ñ™Ô∏è —Ü–µ–Ω–∞ 35‚Ç¨ —à—Ç—É–∫–∞ 

‚ÄºÔ∏è —Å–∞–º–æ–≤—ã–≤–æ–∑

‚ñ™Ô∏è‚ñ™Ô∏è‚ñ™Ô∏è

‚ÄºÔ∏è limasol

‚ñ™Ô∏è beanbag chair
‚ñ™Ô∏è price 35‚Ç¨ piece

‚ÄºÔ∏è pick up",1121942433,683669,tg
30,—É—Ç—é–≥ philips azur performer 20‚Ç¨ limassol tourist area,1121942433,164775,tg
31,"–ø—Ä–æ–¥–∞–º macbook 12‚Äô (2017). 8 gb ram / 256gb ssd.
–µ—Å—Ç—å –Ω–µ–±–æ–ª—å—à–∞—è –≤–º—è—Ç–∏–Ω–∞ –Ω–∞ —É–≥–ª—É.
–≤ –æ—Å—Ç–∞–ª—å–Ω–æ–º, –≤ –æ—Ç–ª–∏—á–Ω–æ–º —Å–æ—Å—Ç–æ—è–Ω–∏–∏, –≤–∫–ª—é—á–∞—è –±–∞—Ç–∞—Ä–µ—é.
—Ü–µ–Ω—ã: 550 –µ–≤—Ä–æ",1121942433,267529,tg
32,"–ü—Ä–æ–¥–∞–º –ø–∞—Ä—É –±–æ–∫—Å—ë—Ä—Å–∫–∏—Ö –ø–µ—Ä—á–∞—Ç–æ–∫ –Ω–∞ —à–Ω—É—Ä–æ–≤–∫–µ –≤ –º–∏–Ω–∏–∞—Ç—é—Ä–µ, —Ä–∞–∑–º–µ—Ä 9,5 —Å–º. –û—Ç–ª–∏—á–Ω—ã–π —Å—É–≤–µ–Ω–∏—Ä –¥–ª—è —Ç–µ—Ö –∫—Ç–æ —Ö–æ—á–µ—Ç –æ–±–æ–∑–Ω–∞—á–∏—Ç—å —Å–≤–æ—é –ø—Ä–∏–Ω–∞–¥–ª–µ–∂–Ω–æ—Å—Ç—å –∫ –±–æ–∫—Å—É –∏ –ª—é–±–æ–≤—å –∫ —ç—Ç–æ–º—É –≤–∏–¥—É —Å–ø–æ—Ä—Ç–∞. –ú–æ–∂–Ω–æ –ø–æ–≤–µ—Å–∏—Ç—å –≤ —Å–∞–ª–æ–Ω–µ –∞–≤—Ç–æ–º–æ–±–∏–ª—è, –Ω–∞ —Å–ø–æ—Ä—Ç–∏–≤–Ω—É—é —Å—É–º–∫—É, —É–∫—Ä–∞—Å–∏—Ç—å –∫–æ–º–Ω–∞—Ç—É –∏–ª–∏ —Ä–∞–±–æ—á–µ–µ –º–µ—Å—Ç–æ. –ú–∞—Ç–µ—Ä–∏–∞–ª: –∫–æ–∂–∑–∞–º. –ù–æ–≤—ã–µ.",-96362008,198892,vk
33,ta ta –Ω–∞—Ä—É—à–∏–ª –ø—Ä–∞–≤–∏–ª–∞ —á–∞—Ç–∞ –∏ –Ω–µ —Å–º–æ–∂–µ—Ç –ø–∏—Å–∞—Ç—å –¥–æ 26.09.2023 16:00:58. –ø—Ä–∞–≤–∏–ª–∞ —á–∞—Ç–æ–≤,1332882905,640781,tg
34,"—Å–∞—Ä–∞—Ñ–∞–Ω –ª–µ–≥–∫–∏–π bershka s/ —Å–æ—Å—Ç–æ—è–Ω–∏–µ —Ö–æ—Ä–æ—à–µ–µ
—Å–∞—Ä–∞—Ñ–∞–Ω zara –º –∏–∑ –ø–ª–æ—Ç–Ω–æ–π —Ç–∫–∞–Ω–∏/ —Å–æ—Å—Ç–æ—è–Ω–∏–µ —Ö–æ—Ä–æ—à–µ–µ
—é–±–∫–∞ marc o‚Äô polo s/ —Å–æ—Å—Ç–æ—è–Ω–∏–µ —Ö–æ—Ä–æ—à–µ–µ
10 –ª–∞—Ä–∏",1332882905,682094,tg
35,"#–ë–ù–ò_–ü—Ä–æ–¥–∞–º–ë–£_–°–µ—Ä–ø—É—Ö–æ–≤
#–ë–ù–ò_–ê–≤–∏—Ç–æ 
#–ë–ù–ò_da4anin

1) Magnate the first city + –ø—Ä–æ–º–æ - 6000 —Ä—É–±.
–û—Ç–ª–∏—á–Ω–æ–µ —Å–æ—Å—Ç–æ—è–Ω–∏–µ, 1 –ø–∞—Ä—Ç–∏—è –≤ –ø—Ä–æ—Ç–µ–∫—Ç–æ—Ä–∞—Ö, –ø—Ä–æ–¥–∞—é –±–µ–∑ –Ω–∏—Ö. –ì—Ä–∞–¥–æ—Å—Ç—Ä–æ–∏—Ç–µ–ª—å–Ω–∞—è –∏–≥—Ä–∞ –ø—Ä–æ –º–∞–Ω–∏–ø—É–ª—è—Ü–∏–∏ –Ω–∞ —Ä—ã–Ω–∫–µ –Ω–µ–¥–≤–∏–∂–∏–º–æ—Å—Ç–∏. –ê–Ω–≥–ª–∏–π—Å–∫–∏–π —è–∑—ã–∫, —Ç–µ–∫—Å—Ç–∞ –ø—Ä–∞–∫—Ç–∏—á–µ—Å–∫–∏ –Ω–µ—Ç.",-114967596,571618,vk
36,"—Ç—É—Ñ–ª–∏ zara, —Ä–∞–∑–º–µ—Ä 38, –∏–¥–µ–∞–ª—å–Ω–æ–µ —Å–æ—Å—Ç–æ—è–Ω–∏–µ, –Ω–∞–¥–µ–≤–∞–ª–∞ –≤—Å–µ–≥–æ —Ä–∞–∑.
125 –ª–∞—Ä–∏, —Ü–µ–Ω–∞ –Ω–∞ —Å–∞–π—Ç–µ 169 –ª–∞—Ä–∏.
—Ä–∞–π–æ–Ω —Å–∞–±—É—Ä—Ç–∞–ª–æ, —Ç–µ—Ö —É–Ω–∏–≤–µ—Ä—Å–∏—Ç–µ—Ç",1332882905,440509,tg
37,"–ü—Ä–æ–¥–∞—é‚ùó‚ùóÔ∏è‚ùóÔ∏è 
–ë–æ—Ç–∏–ª—å–æ–Ω—ã —Å–æ—Å—Ç–æ—è–Ω–∏–µ –æ—Ç–ª–∏—á–Ω–æ–µ, –æ–¥–µ–≤–∞–ª–∏—Å—å –ø–∞—Ä—É —Ä–∞–∑ —Ä–∞–∑–º–µ—Ä 41, 1500 —Ä—É–±–ª–µ–π
–ü–ª–∞—Ç—å–µ —Å –ø–æ—è—Å–æ–º , –æ–¥–µ–≤–∞–ª–æ—Å—å –ø–∞—Ä—É —Ä–∞–∑, —Ä–∞–∑–º–µ—Ä 54-56 , 600 —Ä—É–±–ª–µ–π
–ë–∞–ª–µ—Ç–∫–∏ —Å–æ—Å—Ç–æ—è–Ω–∏–µ –æ—Ç–ª–∏—á–Ω–æ–µ –æ–¥–µ–≤–∞–ª–∏—Å—å –æ–¥–∏–Ω —Ä–∞–∑, —Ä–∞–∑–º–µ—Ä 41, 700 —Ä—É–±–ª–µ–π 
–°–∞–Ω–¥–∞–ª–∏ –¥–ª—è –º–∞–ª—å—á–∏–∫–∞ 27 —Ä–∞–∑–º–µ—Ä, 600 —Ä—É–±–ª–µ–π
–°–∞–Ω–¥–∞–ª–∏ –¥–ª—è –º–∞–ª—å—á–∏–∫–∞ 26 —Ä–∞–∑–º–µ—Ä 500 —Ä—É–±–ª–µ–π
–ú–æ–Ω–∏—Ç–æ—Ä —Ä–∞–±–æ—á–∏–π acer al 1951 , 1000 —Ä—É–±–ª–µ–π
–ú–æ–Ω–∏—Ç–æ—Ä —Ä–∞–±–æ—á–∏–π BENQ, –Ω–æ –Ω–∞ —ç–∫—Ä–∞–Ω–µ  –ø–æ–ª–æ—Å—ã 600 —Ä—É–±–ª–µ–π 
–¢–∞—Ä–µ–ª–∫–∏ 6 —à—Ç—É–∫ ( –Ω–æ–≤—ã–µ) 1000 —Ä—É–±–ª–µ–π 
–ë–æ—Ç–∏–Ω–∫–∏ –∂–µ–Ω—Å–∫–∏–µ –Ω–æ–≤—ã–µ —Ä–∞–∑–º–µ—Ä 36, 650 —Ä—É–±–ª–µ–π
–®–æ—Ä—Ç—ã –º—É–∂—Å–∫–∏–µ –Ω–æ–≤—ã–µ  –ë–æ–ª—å—à–æ–π —Ä–∞–∑–º–µ—Ä 46, 800 —Ä—É–±–ª–µ–π

#–ë–î_–æ–¥–µ–∂–¥–∞ #–ë–î_–æ–±—É–≤—å",-82544098,643283,vk
38,"#–ë–ù–ò_–ü—Ä–æ–¥–∞–º–ë–£_–ö–æ—Ä—è–∂–º–∞ 
#–ë–ù–ò_–ü—Ä–æ–¥–∞–º–ù–æ–≤–æ–µ_–ö–æ—Ä—è–∂–º–∞ 
#–ë–ù–ò_–ê–≤–∏—Ç–æ (+%) 
#–ë–ù–ò_–ü–æ—á—Ç–∞ 
#–ë–ù–ò_–°–±–µ—Ä–ª–æ–≥–∏—Å—Ç–∏–∫–∞ 
#–ë–ù–ò_id28358296 
 
1. –ü—Ä–µ—Ç-–∞-–ü–æ—Ä—Ç–µ - 1600—Ä. –°–æ—Å—Ç–æ—è–Ω–∏–µ –∏–¥–µ–∞–ª—å–Ω–æ–µ, –∫–∞—Ä—Ç—ã –≤ –ø—Ä–æ—Ç–µ–∫—Ç–æ—Ä–∞—Ö. 
2. –ö–ª–∞–Ω–∫! –ü—Ä–æ–∫–ª—è—Ç–∏–µ –º—É–º–∏–∏ (–¥–æ–ø) - 1100 —Ä. —Ä—É—Å. –ù–æ–≤–∞—è –≤ –ø–ª—ë–Ω–∫–µ. 
3. –ö–ª–∞–Ω–∫! –ó–∞—Ç–æ–Ω—É–≤—à–∏–µ —Å–æ–∫—Ä–æ–≤–∏—â–∞ (–¥–æ–ø) - 1100 —Ä. —Ä—É—Å. –ù–æ–≤–∞—è –≤ –ø–ª—ë–Ω–∫–µ.",-114967596,592237,vk
39,"1.–¢—Ä–µ–Ω—á –ø–ª–∞—â —Ä–∞–∑–º–µ—Ä –ú —Ü–µ–Ω–∞ 600—Ä
2. –ö—É—Ä—Ç–∫–∞ —Ä–∞–∑–º–µ—Ä 44 —Ü–µ–Ω–∞ 800—Ä.
3. –ö—É—Ä—Ç–∫–∞ —Ä–∞–∑–º–µ—Ä 44 —Ü–µ–Ω–∞ 700—Ä.
4. –ö—É—Ä—Ç–∫–∞ —Ä–∞–∑–º–µ—Ä S —Ü–µ–Ω–∞ 500—Ä.
5. –ü–∏–¥–∂–∞–∫ —Ä–∞–∑–º–µ—Ä 46 —Ü–µ–Ω–∞ 700—Ä
6. –ü–∏–¥–∂–∞–∫ —Ä–∞–∑–º–µ—Ä M BERSHKA —Ü–µ–Ω–∞ 550—Ä.
7. –ü–∞–ª—å—Ç–æ —Ä–∞–∑–º–µ—Ä 44 —Ü–µ–Ω–∞ 1000—Ä.",-123125734,581956,vk
40,–†–∞–∑–º–µ—Ä 128. –†—É–±–∞—à–∫–∏ –ø–æ 300‚ÇΩ –ö–∞—Ä–¥–∏–≥–∞–Ω 400‚ÇΩ –ë—Ä—é–∫–∏ –∏ —á—ë—Ä–Ω—ã–µ –¥–∂–∏–Ω—Å—ã –ø–æ 500‚ÇΩ,-90442795,353904,vk
41,"—Ö–æ–ª–æ–¥–∏–ª—å–Ω–∏–∫ hagen hrbf1832x

—Ö–æ–ª–æ–¥–∏—Ç. –∫–∞–∂–µ—Ç—Å—è, –≤ –Ω—ë–º –µ—Å—Ç—å –≤–∞–π-—Ñ–∞–π. –º–µ—Ç–∞–ª–ª–∏–∫ –ª—É–∫. –Ω–∞ –≥–∞—Ä–∞–Ω—Ç–∏–∏, –ø–æ–∫—É–ø–∞–ª–∏ –ø–∞—Ä—É –º–µ—Å—è—Ü–µ–≤ –Ω–∞–∑–∞–¥ –∑–∞ 1100gel.

total volume: 315 l
net volume of the refrigerator compartment: 199 l
freezer compartment capacity: 97 l

—Å–æ—Å—Ç–æ—è–Ω–∏–µ: –∏–¥–µ–∞–ª—å–Ω–æ–µ
900gel",1332882905,744851,tg
42,"–ö—É—Ä—Ç–∫–∞ –¥–µ–º–∏—Å–µ–∑–æ–Ω–Ω–∞—è –º—É–∂—Å–∫–∞—è, —Ä–∞–∑–º–µ—Ä xxl –≤ —Ö–æ—Ä–æ—à–µ–º —Å–æ—Å—Ç–æ—è–Ω–∏–∏, –æ—Ç–¥–∞–º –∑–∞ 3 –∫–≥. —Å–∞—Ö–∞—Ä–∞.  –û–±—É–≤—å –∂–µ–Ω—Å–∫–∞—è –Ω–∞ –≤–µ—Å–Ω—É –≤ —Ö–æ—Ä–æ—à–µ–º —Å–æ—Å—Ç–æ—è–Ω–∏–∏ —Ä–∞–∑–º–µ—Ä 40. –∑–∞ –§–µ–π—Ä–∏ 1 –ª. –ì—Ä–∞–≤–∏–π–Ω–∞—è

#–ë–î_–æ–¥–µ–∂–¥–∞",-82544098,641972,vk
43,"1. –û—Ä–∏–≥–∏–Ω–∞–ª—å–Ω—ã–µ –∫–µ–¥—ã Nike –≤ —Ö–æ—Ä–æ—à–µ–º —Å–æ—Å—Ç–æ—è–Ω–∏–∏ 39-40 —Ä–∞–∑–º–µ—Ä, 500 —Ä—É–±–ª–µ–π
2. –¢—É—Ñ–ª–∏ –≤ –æ—Ç–ª–∏—á–Ω–æ–º —Å–æ—Å—Ç–æ—è–Ω–∏–∏, –∏—Å–ø–æ–ª—å–∑–æ–≤–∞–ª–∞ –æ–¥–∏–Ω —Ä–∞–∑. –ù–∞—Ç—É—Ä–∞–ª—å–Ω–∞—è –∫–æ–∂–∞ 39-40 —Ä–∞–∑–º–µ—Ä, 800 —Ä—É–±–ª–µ–π
–ó–∞–±–∏—Ä–∞—Ç—å –≤ 1 –æ–±—â–µ–∂–∏—Ç–∏–∏, –Ω–∞ –≤—Å–µ –ª–æ—Ç—ã —Ç–æ—Ä–≥ —É–º–µ—Å—Ç–µ–Ω",-177461486,46826,vk
44,"–ø—Ä–æ–¥–∞–º —ç–ø–ª–æ–≤—Å–∫ –º—ã—à—å apple magic mouse 2, —Å–æ–≤–µ—Ä—à–µ–Ω–Ω–æ –Ω–æ–≤—É—é, –Ω–µ –≤—Å–∫—Ä—ã—Ç—É—é, –æ—Ä–∏–≥–∏–Ω–∞–ª. –ª—é–±—ã–µ –ø—Ä–æ–≤–µ—Ä–∫–∏ + –≥–∞—Ä–∞–Ω—Ç–∏—è –≥–æ–¥ –æ—Ç –ø—Ä–æ–∏–∑–≤–æ–¥–∏—Ç–µ–ª—è, –æ—Ç –º–µ–Ω—è –ª–∏—á–Ω–æ –≥–∞—Ä–∞–Ω—Ç–∏—è 2 –Ω–µ–¥–µ–ª–∏ –Ω–∞ –≤–æ–∑–≤—Ä–∞—Ç. –Ω—É–∂–Ω—ã —Å—Ä–æ—á–Ω–æ –¥–µ–Ω—å–≥–∏, –≤–æ—Ç –∏ –ø—Ä–æ–¥–∞—é –Ω–µ–Ω—É–∂–Ω—ã–µ –ø–æ–¥–∞—Ä–∫–∏.
–µ—Å—Ç—å –µ—â–µ —Å—Å–¥ –Ω–∞ 250 –≥–∏–≥–æ–≤ –æ—Ç —Å–∞–º—Å—É–Ω–≥–∞ (–≤—Å–µ –ø–æ–¥—Ä–æ–±–Ω–æ—Å—Ç–∏ –Ω–∞ —Ñ–æ—Ç–æ). —Ç–æ–∂–µ –ø–æ–¥–∞—Ä–∏–ª–∏ –∏ —è –¥–∞–∂–µ –Ω–µ —Å—Ç–∞–≤–∏–ª, –¥—Ä—É–≥ —Å—Ç–∞–≤–∏–ª –≤ —Å–≤–æ–π –∫–æ–º–ø —á—Ç–æ–± –ø—Ä–æ–≤–µ—Ä–∏—Ç—å –Ω–∞ —Ä–∞–±–æ—Ç–∞—Å–ø–æ—Å–æ–±–Ω–æ—Å—Ç—å, –≤ –æ–±—â–µ–º –æ–±–µ –≤–µ—â–∏ –Ω–æ–≤—ã–µ, –º—ã—à—å –¥–∞–∂–µ –Ω–µ –≤—Å–∫—Ä—ã—Ç–∞—è:

–º—ã—à—å - 150 –ª–∞—Ä–∏
—Å—Å–¥ - 180 –ª–∞—Ä–∏",1332882905,395824,tg
45,"–ø—Ä–æ–¥–∞–º –Ω–æ—É—Ç–±—É–∫ acer aspire a315-53g-39fj 

—Ö–∞—Ä–∞–∫—Ç–µ—Ä–∏—Å—Ç–∏–∫–∏ 
–ø—Ä–æ—Ü–µ—Å—Å–æ—Ä   
i3 7020
–∂–µ—Å—Ç–∫–∏–µ –¥–∏—Å–∫–∏
ssd m2 500gb
+ hdd 500 gb
–≤–∏–¥–µ–æ –∫–∞—Ä—Ç–∞  
nvidia geforce mx130 2048 –º–± gddr5

–æ–ø–µ—Ä–∞—Ç–∏–≤–Ω–∞—è –ø–∞–º—è—Ç—å 
–æ–ø–µ—Ä–∞—Ç–∏–≤–Ω–∞—è –ø–∞–º—è—Ç—å ddr4
6gb

–∑–∞—Ä—è–¥–∫—É –¥–µ—Ä–∂–∏—Ç —Ö–æ—Ä–æ—à–æ. 
–≤ –∫–æ–º–ø–ª–µ–∫—Ç–µ –∑–∞—Ä—è–¥–Ω–æ–µ —É—Å—Ç—Ä–æ–π—Å—Ç–≤–æ. –Ω–æ—É—Ç–±—É–∫ –æ–±—Å–ª—É–∂–µ–Ω, –ø–æ—á–∏—â–µ–Ω –æ—Ç –ø—ã–ª–∏. windows 10
—Ü–µ–Ω–∞ 650 gel
–ø—Ä–∏–º—É –æ–ø–ª–∞—Ç—É —Ä—É–±–ª—è–º–∏, –∫—Ä–∏–ø—Ç–æ–π, –ø–µ—Ä–µ–≤–æ–¥–æ–º",1332882905,570556,tg
46,"–ü—Ä–æ–¥–∞—é –º–Ω–æ–∂–µ—Å—Ç–≤–æ –≤–µ—â–µ–π –∏ –∂–µ–Ω—Å–∫–æ–π –æ–¥–µ–∂–¥—ã –≤ –∏–¥–µ–∞–ª—å–Ω–æ–º —Å–æ—Å—Ç–æ—è–Ω–∏–∏üî•

–ß—Ç–æ –∫–æ–Ω–∫—Ä–µ—Ç–Ω–æ –ø—Ä–æ–¥–∞—é?
‚Äî –ñ–µ–Ω—Å–∫–∏–µ / –¥–µ–≤–∏—á—å–∏ —Ñ—É—Ç–±–æ–ª–∫–∏, —Ç–æ–ø—ã, –±–ª—É–∑–∫–∏, —Ä—É–±–∞—à–∫–∏;
‚Äî –ñ–µ–Ω—Å–∫–∏–µ —Ç–æ–ª—Å—Ç–æ–≤–∫–∏, —Ç—Ä–∏–∫–æ—Ç–∞–∂, —Å–≤–∏—Ç–µ—Ä–∞;
‚Äî –ë–∞—Ä—Ö–∞—Ç–Ω—ã–π –±–æ–¥–∏;
‚Äî –ë–µ–ª—ã–µ –∫—Ä–æ—Å—Å–æ–≤–∫–∏ NIKE (40 —Ä–∞–∑–º–µ—Ä);
‚Äî –ñ–µ–Ω—Å–∫–∞—è —Å–ø–æ—Ä—Ç–∏–≤–Ω–∞—è –æ–¥–µ–∂–¥–∞, –æ–¥–µ–∂–¥–∞ –¥–ª—è —Ç–∞–Ω—Ü–µ–≤;
‚Äî –ñ–µ–Ω—Å–∫–∏–µ / –¥–µ–≤–∏—á—å–∏ –ø–ª–∞—Ç—å—è;
‚Äî –ß–µ—Ä–Ω–∞—è —Å—É–º–∫–∞ —Å —Ä—É—á–∫–∞–º–∏;
‚Äî –î–µ—Ç—Å–∫–∞—è –∏–≥—Ä–∞ Twister;
‚Äî –ö–Ω–∏–≥–∏ –ø–æ —Å–∞–º–æ—Ä–∞–∑–≤–∏—Ç–∏—é –∏ –ø—Å–∏—Ö–æ–ª–æ–≥–∏–∏.

–†–∞–∑–º–µ—Ä—ã: XS, S
–ú–æ–π —Ä–æ—Å—Ç: 170 —Å–º
–ú–æ–π –≤–µ—Å: 55-60 –∫–≥

–í—Å–µ –≤–µ—â–∏ –±—Ä–µ–Ω–¥–æ–≤—ã–µ, –ø–æ–∫—É–ø–∞–ª–∏—Å—å –≤ –æ—Ñ–∏—Ü–∏–∞–ª—å–Ω—ã—Ö –º–∞–≥–∞–∑–∏–Ω–∞—Ö.
–û—Ç–¥–∞—é —Å–æ —Å–∫–∏–¥–∫–∞–º–∏ 50-70% –æ—Ç –ø–µ—Ä–≤–æ–Ω–∞—á–∞–ª—å–Ω–æ–π —Ü–µ–Ω—ãüî•

–¢–∞–∫ –∫–∞–∫ –≤–µ—â–µ–π –º–Ω–æ–≥–æ, –¥–µ–ª–∞—é —Å–∫–∏–¥–∫–∏ –∏ –¥–∞—Ä—é –≤ –ü–û–î–ê–†–û–ö –≤–µ—â–∏ –ø—Ä–∏ –ø–æ–∫—É–ø–∫–µüéÅ

–ü–∏—à–∏—Ç–µ –≤ –ª–∏—á–Ω—ã–µ —Å–æ–æ–±—â–µ–Ω–∏—è, –ø—Ä–∏—à–ª—é –±–æ–ª—å—à–µ —Ñ–æ—Ç–æ –∏ —Ä–∞—Å—Å–∫–∞–∂—É –ø—Ä–æ —Ü–µ–Ω—ãüòÉüëçüèª",-48332904,728914,vk
47,"–∫–æ–ª—å—Ü–µ–≤–∞—è –ª–∞–º–ø–∞ –Ω–∞ –ø—É–ª—å—Ç–µ —É–ø—Ä–∞–≤–ª–µ–Ω–∏—è. 
–º–∞–∫—Å. –≤—ã—Å–æ—Ç–∞-2,5 –º–µ—Ç—Ä–∞.
90 –ª–∞—Ä–∏ (–≤–æ–∑–º–æ–∂–µ–Ω —Ç–æ—Ä–≥).",1332882905,595064,tg
48,"üåπ–ù–æ–≤–æ–µ –ø–æ—Å—Ç—É–ø–ª–µ–Ω–∏–µ

üåπ–ö–ü–ë –û—Ç –§–∏—Ä–º–∞,, MANGO,,
üåπ–¢–∫–∞–Ω—å: 100 % —Ö–ª–æ–ø–æ–∫ 
üåπ–ü–ª–æ—Ç–Ω–æ—Å—Ç—å —Ç–∫–∞–Ω–∏-150–≥—Ä

üåπ–†–∞–∑–º–µ—Ä—ã:
üåπ1,5-—Å–ø–∞–ª—å–Ω—ã–π 
üåπ–ü–æ–¥–æ–¥–µ—è–ª—å–Ω–∏–∫ 150*220—Å–º(1—à—Ç)
üåπ–ü—Ä–æ—Å—Ç—ã–Ω—è          150*220—Å–º(1—à—Ç)
üåπ–ù–∞–≤–æ–ª–æ—á–∫–∏         70/70-(2—à—Ç)
üåπ–° –≤—ã–±–æ—Ä–æ–º –¶–µ–Ω–∞ -1200—Ä

üåπ2—Ö-—Å–ø–∞–ª—å–Ω—ã–π 
üåπ–ü–æ–¥–æ–¥–µ—è–ª—å–Ω–∏–∫ 180*220—Å–º(1—à—Ç)
üåπ–ü—Ä–æ—Å—Ç—ã–Ω—è          200*220—Å–º(1—à—Ç)
üåπ–ù–∞–≤–æ–ª–æ—á–∫–∏        70*70—Å–º(2—à—Ç)
üåπ–° –≤—ã–±–æ—Ä–æ–º –¶–µ–Ω–∞-1400—Ä

üåπ–ï–≤—Ä–æ:
üåπ–ü–æ–¥–æ–¥–µ—è–ª—å–Ω–∏–∫ 200*220—Å–º(1—à—Ç)
üåπ–ü—Ä–æ—Å—Ç—ã–Ω—è         220*240—Å–º(1—à—Ç)
üåπ–ù–∞–≤–æ–ª–æ—á–∫–∏       50/70—Å–º(2—à—Ç)
üåπ–ù–∞–≤–æ–ª–æ—á–∫–∏       70/70—Å–º(2—à—Ç)
üåπ–° –≤—ã–±–æ—Ä–æ–º –¶–µ–Ω–∞-1600—Ä

üåπ–°–µ–º–µ–π–Ω—ã–π 
üåπ–ü–æ–¥–æ–¥–µ—è–ª—å–Ω–∏–∫ 150*220—Å–º(2—à—Ç)
üåπ–ü—Ä–æ—Å—Ç—ã–Ω—è         220*240—Å–º(1—à—Ç)
üåπ–ù–∞–≤–æ–ª–æ—á–∫–∏       50/70—Å–º(2—à—Ç)
üåπ–ù–∞–≤–æ–ª–æ—á–∫–∏      70/70—Å–º(2—à—Ç)
üåπ–° –≤—ã–±–æ—Ä–æ–º –¶–µ–Ω–∞- 1800—Ä

–ú—ã –Ω–∞—Ö–æ–¥–∏–º—Å—è —Ç–æ—Ä–≥–æ–≤—ã–π —Ü–µ–Ω—Ç—Ä,–ö–æ—Ä–ø—É—Å –ê
–í—Ç–æ—Ä–æ–π —ç—Ç–∞–∂, –õ–∏–Ω–∏—è 2–ê-54 
–ù–æ–º–µ—Ä –¥–ª—è —Å–≤—è–∑–∏ 8 926 723 07 20 –≤–∞—Ç—Å–∞–ø",-192083416,11628,vk
49,"–ù–æ–≤–∞—è –∫—É—Ä—Ç–∫–∞ –≤–µ—Ç—Ä–æ–≤–∫–∞ —Å –±–∏—Ä–∫–æ–π
–†–∞–∑–º–µ—Ä S 42-44
–¶–µ–Ω–∞ 1000 —Ä—É–±–ª–µ–π 
–ï—Å—Ç—å –≤–∏–¥–µ–æ –æ–±–∑–æ—Ä –ø–æ –∫—É—Ä—Ç–∫–µ. 
–ü–æ–ª–∏—ç—Å—Ç–µ—Ä
–ö—É—Ä—Ç–∫–∞ —Å –∫–∞–ø—é—à–æ–Ω–æ–º –ø–æ–¥–æ–π–¥–µ—Ç –Ω–∞ –ª–µ—Ç–æ,–≤–µ—Å–Ω—É,–æ—Å–µ–Ω—å",-48332904,720194,vk
50,"beats solo 3 wireless
–±–µ—Å–ø—Ä–æ–≤–æ–¥–Ω—ã–µ –±–∏—Ç—Å—ã, –æ—Ä–∏–≥–∏–Ω–∞–ª. –ø—Ä–µ–∫—Ä–∞—Å–Ω—ã–µ –Ω–∞—É—à–Ω–∏–∫–∏, —Å–≤–æ—é —Ñ—É–Ω–∫—Ü–∏—é –≤—ã–ø–æ–ª–Ω—è—é—Ç –Ω–∞ –æ—Ç–ª–∏—á–Ω–æ, –≤–Ω–µ—à–Ω–∏–π –≤–∏–¥ –≤–ø–æ—Ä—è–¥–∫–µ, –Ω–æ –æ—Ç—Å–ª–∞–∏–≤–∞–µ—Ç—Å—è —Å–ª–æ–π –∫–æ–∂–∏ –Ω–∞ –∞–º–±—É—à—é—Ä–∞—Ö. –¥–∏—Å–∫–æ–º—Ñ–æ—Ä—Ç–∞ –ø—Ä–∏ –ø–æ–ª—å–∑–æ–≤–∞–Ω–∏–∏ —ç—Ç–æ –Ω–µ –¥–æ–±–∞–≤–ª—è–µ—Ç. 
–Ω–∞—É—à–Ω–∏–∫–∏ –º–æ–∂–Ω–æ –ø–æ–¥–∫–ª—é—á–∞—Ç—å –∫–∞–∫ –ø–æ bluetooth, —Ç–∞–∫ –∏ –ø–æ –ø—Ä–æ–≤–æ–¥—É.",1332882905,355014,tg
51,"üß≤ –û—Ñ–∏—Ü–∏–∞–ª—å–Ω—ã–π –ø–æ—Å—Ä–µ–¥–Ω–∏–∫ —Ä—ã–Ω–∫–∞ –°–∞–¥–æ–≤–æ–¥: Mirzoev Mirzoev
üìó –°—Ç—Ä–∞–Ω–∏—Ü–∞:
https://vk.com/mirzoev_mirzoev
üìò –û—Ç–∑—ã–≤—ã:
https://vk.com/wall763442473_75
‚è±Ô∏è –ß–∞—Å—ã —Ä–∞–±–æ—Ç—ã: —Å 6-00—á –¥–æ 18-00—á –µ–∂–µ–¥–Ω–µ–≤–Ω–æ
üßÆ –†–∞–±–æ—Ç–∞—é –ø–æ–¥ 8% –æ—Ç –æ–±—â–µ–π —Å—É–º–º—ã –∑–∞–∫–∞–∑–∞ –ø—Ä–∏ 100% –ø—Ä–µ–¥–æ–ø–ª–∞—Ç–µ –Ω–∞ –∫–∞—Ä—Ç—É –°–±–µ—Ä–±–∞–Ω–∫ –†–æ—Å—Å–∏–∏
üìö –ë–ï–ó –º–∏–Ω–∏–º–∞–ª–∫–∏
üì¶ –û—Ç–ø—Ä–∞–≤–∫–∞: –≤—Å–µ–º–∏ –¢–ö, –∞–≤—Ç–æ–±—É—Å–∞–º–∏, –ø–æ—á—Ç–æ–π –†–æ—Å—Å–∏–∏ –∏ —Ç.–¥.
üì± WhatsApp:
   +7(991)336-0453",-206817857,67597,vk
52,–ø–æ–¥—Å—Ç–∞–≤–∫–∞ –¥–ª—è —Å–æ—Ö—Ä–∞–Ω–µ–Ω–∏—è –±–ª—é–¥–∞ –≥–æ—Ä—è—á–∏–º 5–µ–≤ –ª–∏–º–∞—Å—Å–æ–ª,1121942433,300096,tg
53,"–∫–Ω–∏–≥–∞ php 7, –¥–º–∏—Ç—Ä–∏–π –∫–æ—Ç–µ—Ä–æ–≤. 20 ‚Ç¨. –ª–∏–º–∞—Å—Å–æ–ª",1121942433,225543,tg
54,"–ö–æ–º–ø–ª–µ–∫—Ç [205/55/16] –ø—Ä–µ–º–∏–∞–ª—å–Ω—ã—Ö Hankook Ventus Prime 3. –®–∏–Ω—ã –∫—É–ø–ª–µ–Ω—ã –≤ 21–æ–º –≥–æ–¥—É, –ø—Ä–æ—à–ª–∏ 1 —Å–µ–∑–æ–Ω. –ü—Ä–æ–±–µ–≥ –±—ã–ª –Ω–µ–±–æ–ª—å—à–∏–º. –ö–æ—Ä–µ—è. –í –º–∞–≥–∞–∑–∏–Ω–µ —Å–µ–π—á–∞—Å —Å –∫–∏—Ç–∞–π—Å–∫–æ–≥–æ –∑–∞–≤–æ–¥–∞. –û–¥–Ω–∞ –∏–∑ —Å–∞–º—ã—Ö —Ç–∏—Ö–∏—Ö –∏ –∫–æ–º—Ñ–æ—Ä—Ç–Ω—ã—Ö –º–æ–¥–µ–ª–µ–π. 17000—Ä 4 —à–∏–Ω—ã. 89969438636",-90442795,352066,vk
55,"—Ä–æ–ª–∏–∫–∏ rio
–≤ –∏–¥–µ–∞–ª—å–Ω–æ–º —Å–æ—Å—Ç–æ—è–Ω–∏–∏ (–∫–∞—Ç–∞–ª–∞ 1 —Ä–∞–∑), –Ω–∞ —Å—Ç–æ–ø—É 255-260–º–º (39-40) 
50 –µ–≤—Ä–æ, –ª–∏–º–∞—Å—Å–æ–ª",1121942433,660199,tg
56,"#–ë–ù–ò_–ü—Ä–æ–¥–∞–º–ë–£_–ú–æ—Å–∫–≤–∞ 
#–ë–ù–ò_instragramm

–ü—Ä–æ–¥–∞—é –∏–≥—Ä—ã:

1) –ë—Ä–∞–∑–∏–ª–∏—è
–†–æ–¥–Ω–æ–π –æ—Ä–≥ –ø–æ–¥ —Ä–µ—Å—É—Ä—Å—ã, –∫–∞—Ä—Ç—ã –≤ –ø—Ä–æ—Ç–µ–∫—Ç–æ—Ä–∞—Ö.
2500 —Ä—É–±

2) –ö—Ä–∞—Å–Ω—ã–π —Å–æ–±–æ—Ä
–û—Ä–≥ –æ—Ç –ú–∏–ø–ª—Ö–∞—É—Å, –∫–∞—Ä—Ç—ã –≤ –ø—Ä–æ—Ç–µ–∫—Ç–æ—Ä–∞—Ö.
2000 —Ä—É–±

3) –ü–æ –ø–æ–ª–æ—á–∫–∞–º
–ö–∞—Ä—Ç—ã –≤ –ø—Ä–æ—Ç–µ–∫—Ç–æ—Ä–∞—Ö
1500 —Ä—É–±

4) –ú–∞–≥–∏ –ª–µ—Å–∞
–ö–∞—Ä—Ç—ã –≤ –ø—Ä–æ—Ç–µ–∫—Ç–æ—Ä–∞—Ö
2000 —Ä—É–±

5) Vivid Memories
–Ø–∑—ã–∫–æ–Ω–µ–∑–∞–≤–∏—Å–∏–º–∞—è, –ø—Ä–∞–≤–∏–ª–∞ –Ω–∞ —Ä—É—Å—Å–∫–æ–º –≤–Ω—É—Ç—Ä–∏ –∫–æ—Ä–æ–±–∫–∏.
4300 —Ä—É–±

–°–∞–º–æ–≤—ã–≤–æ–∑ –∏–ª–∏ –ª–∏—á–Ω–∞—è –≤—Å—Ç—Ä–µ—á–∞ –≤ –ú–æ—Å–∫–≤–µ
–õ—é–±—ã–µ –¥–æ–ø–æ–ª–Ω–∏—Ç–µ–ª—å–Ω—ã–µ —Ñ–æ—Ç–æ –ø–æ –∑–∞–ø—Ä–æ—Å—É.
–ü–∏—Å–∞—Ç—å –≤ –õ–°.

–õ–∏—á–Ω–∞—è –≤—Å—Ç—Ä–µ—á–∞ –≤ –ú–æ—Å–∫–≤–µ.
–ü–∏—Å–∞—Ç—å –≤ –õ–°.",-114967596,591433,vk
57,"–†–∞—Å–ø—Ä–æ–¥–∞–∂–∞ 
–ö–æ–º–ø–ª–µ–∫—Ç 
–¶–µ–Ω–∞: 400—Ä
–†–∞–∑–º–µ—Ä:  45-30-11—Å–º
–ê—Ä—Ç: 28-65",-206817857,90143,vk
58,"#–ø—Ä–æ–¥–∞–º 
—Ñ—É—Ç–±–æ–ª–∫–∏ carhartt - (m/l) - 60 –ª–∞—Ä–∏
—Ñ—É—Ç–±–æ–ª–∫–∞ barbour - xl - 60 –ª–∞—Ä–∏
–±–æ—Ç–∏–Ω–∫–∏ timberland pro moc toe - 11,5 us - 100 –ª–∞—Ä–∏.  
–±–æ—Ç–∏–Ω–∫–∏ dickies - 11us - 100 –ª–∞—Ä–∏.
–∫–µ–ø–∫–∞ deus ex machina - 40 –ª–∞—Ä–∏.
—Å–≤–∏—Ç—à–æ—Ç barbour - xl - 80 –ª–∞—Ä–∏",1332882905,799890,tg
59,"—Å—É–º–∫–∞ dissona, –ø–æ—á—Ç–∏ –Ω–µ –Ω–æ—Å–∏–ª–∏
–ù–æ–≤–∞—è –Ω–µ—Å–∫ –ª–µ—Ç –Ω–∞–∑–∞–¥ —Å—Ç–æ–∏–ª–∞ –æ–∫–æ–ª–æ 10–∫

1000 —Ä—É–±–ª–µ–π

–©–µ–ª–∫–æ–≤—Å–∫–∞—è",-123125734,579630,vk
60,"–¥–µ—Ç—Å–∫–∏–π —à–∫–∞—Ñ , –∏–∑ –Ω–µ–º–µ—Ü–∫–∏—Ö –º–∞—Ç–µ—Ä–∏–∞–ª–æ–≤ , –∑–∞–∫–∞–∑—ã–≤–∞–ª—Å—è  –ø–æ —Ä–∞–∑–º–µ—Ä–∞–º , –º–æ–∂–µ—Ç —Å—Ç–æ—è—Ç—å –∫–∞–∫ –æ—Ç–¥–µ–ª—å–Ω—ã–π —à–∫–∞—Ñ. —Ä–∞–∑–¥–≤–∏–∂–Ω—ã–µ –¥–≤–µ—Ä–∏ , —è—â–∏–∫–∏ –≤–Ω—É—Ç—Ä–∏ –¥–ª—è –±–µ–ª—å—è. –≤—ã—Å–æ—Ç–∞ 235, —à–∏—Ä–∏–Ω–∞ 90, –≥–ª—É–±–∏–Ω–∞ 50. 
 —Å–µ–π—á–∞—Å —Ä–∞–∑–æ–±—Ä–∞–Ω —Å –ø–æ–¥—Ä–æ–±–Ω–æ–π –∏–Ω—Å—Ç—Ä—É–∫—Ü–∏–µ–π. –ø–æ –ª–∏–º–∞—Å—Å–æ–ª—É –º–æ–≥—É –ø—Ä–∏–≤–µ–∑—Ç–∏. –µ—Å—Ç—å –º–∞—Å—Ç–µ—Ä –Ω–∞ —Å–±–æ—Ä–∫—É. —Ü–µ–Ω—É –Ω–µ —É–∫–∞–∑–∞–ª–∞ -200 –µ–≤—Ä–æ",1121942433,433718,tg
61,"—á–∞—Å—ã –æ—Ç xiaomi, –º–æ–¥–µ–ª—å imilab w12 , —Ü–µ–Ω–∞ 130 –ª–∞—Ä–∏",1332882905,335643,tg
62,"toyota alphard 
2012 –≥–æ–¥
2.4 –º–æ—Ç–æ—Ä
–ø–µ—Ä–µ–¥–Ω–∏–π –ø—Ä–∏–≤–æ–¥
79 —Ç—ã—Å –∫–º
10.000$",1332882905,429607,tg
63,"- –±–æ–¥–∏, –∫–æ–∂–∞, –≤ –æ—Ç–ª–∏—á–Ω–æ–º —Å–æ—Å—Ç–æ—è–Ω–∏–∏ - 30 –ª–∞—Ä–∏ 

- –ø–æ–ª—É–ø—Ä–æ–∑—Ä–∞—á–Ω—ã–π —Ç–æ–ø —Å –∑–∞–≤—è–∑–∫–∞–º–∏ –Ω–∞ —Ç–∞–ª–∏—é - 20 –ª–∞—Ä–∏ 

- —é–±–∫–∞ —á—ë—Ä–Ω–∞—è asos (–Ω–æ–≤–∞—è!)- 25 –ª–∞—Ä–∏ 

- —é–±–∫–∞ —Ä–æ–∑–æ–≤–∞—è asos (–Ω–æ–≤–∞—è) - 25 –ª–∞—Ä–∏

—Ä–∞–∑–º–µ—Ä—ã s",1332882905,528212,tg
64,"–ì–æ—Ä–æ–¥: –ë–ª–∞–≥–æ–≤–µ—â–µ–Ω—Å–∫ 
–ù–∞–∑–≤–∞–Ω–∏–µ —Ç–æ–≤–∞—Ä–∞: –ö–∞—Å—Ç–æ–º–Ω–∞—è —Ñ—É—Ç–±–æ–ª–∫–∞ 
–¶–µ–Ω–∞: 1800
–û–ø–∏—Å–∞–Ω–∏–µ —Ç–æ–≤–∞—Ä–∞: –æ–≤–µ—Ä—Å–∞–π–∑, —Ä–∞–∑–º–µ—Ä XL
#–±–∞—Ä–∞—Ö–æ–ª–∫–∞ #–±–∞—Ä–∞—Ö–æ–ª–∫–∞@networksales #–ø—Ä–æ–¥–∞–º #–æ–±—ä—è–≤–ª–µ–Ω–∏—è #—Ç–æ–≤–∞—Ä—ã",-1485,197841,vk
65,"–ü—Ä–æ–¥–∞–º bluetooth –∫–æ–ª–æ–Ω–∫—É

Tronsmart t6

–õ–µ–≥–µ–Ω–¥–∞ :)
–ë–∞—Ç–∞—Ä–µ—é –¥–µ—Ä–∂–∏—Ç –æ—á–µ–Ω—å —É–≤–µ—Ä–µ–Ω–Ω–æ, –±–∞—Å–æ–≤–∏—Ç–∞—è. –ì–ª–∞–≤–Ω—ã–π –±–æ–Ω—É—Å - –∏–∑ —Ç–µ—Ö, —á—Ç–æ –ø–æ–¥–¥–µ—Ä–∂–∏–≤–∞–µ—Ç Aux - –¥–æ —Å–∞—É–Ω–¥–±–∞—Ä–∞ –∏—Å–ø–æ–ª—å–∑–æ–≤–∞–ª –µ–µ –∫–∞–∫ –≤–Ω–µ—à–Ω–∏–π –¥–∏–Ω–∞–º–∏–∫ —Å–Ω–∞—á–∞–ª–∞ –¥–ª—è playstation –ø–æ—Ç–æ–º –¥–ª—è tv 

1500 –∏ –∑–∞–±–∏—Ä–∞–π—Ç–µ :)

[id28336140|@mashirin]",-177461486,42890,vk
66,"—Ä–µ–±—è—Ç–∞, –ø—Ä–∏–≤–µ—Ç! –º–æ–∂–µ—Ç –∫–æ–º—É-—Ç–æ –Ω—É–∂–Ω–∞ —Å–æ–≤—Å–µ–º –Ω–æ–≤–∞—è –ø–µ—Ä–µ–Ω–æ—Å–∫–∞ –¥–ª—è –ø–∏—Ç–æ–º—Ü–µ–≤? –ª–∏–º–∞—Å—Å–æ–ª 

—Ä–∞–∑–º–µ—Ä 55—Ö36—Ö35
–±—Ä–∞–ª–∏ –≤ —Å—É–ø–µ—Ä—Ö–æ—É–º –¥–≤–µ –Ω–µ–¥–µ–ª–∏ –Ω–∞–∑–∞–¥, —Ç–æ–ª—å–∫–æ –ø–æ–Ω—è–ª–∏, —á—Ç–æ –æ–Ω–∞ –Ω–µ –ø–æ–¥–æ–π–¥—ë—Ç –Ω–∞–º –¥–ª—è –ø–µ—Ä–µ–≤–æ–∑–∫–∏ –∫–æ—à–µ—á–∫–∏ –≤ —Å–∞–ª–æ–Ω–µ. –≥–æ—Ç–æ–≤–∞ –ø—Ä–æ–¥–∞—Ç—å –∑–∞ 25 –µ–≤—Ä–æ –∏–ª–∏ –æ–±–º–µ–Ω—è—Ç—å –Ω–∞ –ø–æ–¥—Ö–æ–¥—è—â—É—é",1121942433,683697,tg
67,"—Å–º–∞—Ä—Ç —á–∞—Å—ã xiomi —Å –∑–∞—Ä—è–¥–∫–æ–π(–±–µ–∑ –±–ª–æ–∫–∞) 
—Ü–≤–µ—Ç: —á—ë—Ä–Ω—ã–π.
–¥–∏–∞–≥–æ–Ω–∞–ª—å: 1,6
–±–∞—Ç–∞—Ä–µ—é –¥–µ—Ä–∂–∏—Ç –¥–æ–ª–≥–æ.
–ª–µ–≥–∫–æ –∫–æ–Ω–Ω–µ–∫—Ç—è—Ç—Å—è —Å —Ç–µ–ª–µ—Ñ–æ–Ω–æ–º.

–≤ –∏–¥–µ–∞–ª—å–Ω–æ–º —Å–æ—Å—Ç–æ—è–Ω–∏–∏. 
30 –µ–≤—Ä–æ. 
–ª–∏–º–∞—Å—Å–æ–ª. —Ä—è–¥–æ–º —Å one(–Ω–µ–¥–∞–ª–µ–∫–æ –æ—Ç –¥—ç–±–µ–Ω—Ö–∞–º—Å.",1121942433,397551,tg
68,"—á–∞—Å—Ç–∏—á–∫–∞ –¥–æ–º–∞!‚ù§Ô∏è –±—ã–ª–∞ –∫—É–ø–ª–µ–Ω–∞ –≤ –º–∞–≥–∞–∑–∏–Ω–µ —Ä–µ—Å–ø—É–±–ª–∏–∫–∞, –≤ –º–æ—Å–∫–≤–µ.

—Ç–≤–µ—Ä–¥–∞—è –æ–±–ª–æ–∂–∫–∞ 

—Ü–µ–Ω–∞ 23 –≥–µ–ª
–ª—é–±–æ–π —Ä–∞–π–æ–Ω",1332882905,344958,tg
69,"–ü–∏–∂–∞–º–∞, 1300, —Ü–≤–µ—Ç –ø—ã–ª—å–Ω–∞—è —Ä–æ–∑–∞, –ø–ª–æ—Ç–Ω—ã–π –∞—Ç–ª–∞—Å. –ù–æ–≤—ã–π.
–ü–ª–∞—Ç—å–µ —Ç–æ–∂–µ –Ω–æ–≤–æ–µ, 1500
–†–∞–∑–º–µ—Ä—ã 42-44 
–ü–æ –≤—Å–µ–º –≤–æ–ø—Ä–æ—Å–∞–º –≤ –ª—Å.

#–ë–î_–æ–¥–µ–∂–¥–∞",-82544098,657386,vk
70,"—Ç–±–∏–ª–∏—Å–∏. 
ballantine's finest 1l 12 years old. 
–Ω–æ–≤–∞—è, –∑–∞–ø–µ—á–∞—Ç–∞–Ω–Ω–∞—è.

100 –ª–∞—Ä–∏. (–≤ –º–∞–≥–∞–∑–∏–Ω–µ –æ—Ç 170)
—É–µ–∑–∂–∞—é, –Ω–µ –ø–æ–ª—É—á–∞–µ—Ç—Å—è –≤–∑—è—Ç—å –≤ –±–∞–≥–∞–∂ üòÖ",1332882905,427658,tg
71,—Ä–æ–∂–¥–µ—Å—Ç–≤–µ–Ω—Å–∫–∏–µ –≤–µ–Ω–∫–∏ –æ—Ç —Ñ–ª–æ—Ä–∏—Å—Ç–∞.–Ω–∞—Ç—É—Ä–∞–ª—å–Ω–∞—è –∑–µ–ª–µ–Ω—å .–æ—Ç 10 ‚Ç¨,1121942433,440029,tg
72,"—Å—Ç—É–ª—å—è –±–∞—Ä–Ω—ã–µ - 15‚Ç¨ –∫–∞–∂–¥—ã–π 
74 —Å–º –æ—Ç –ø–æ–ª–∞ –¥–æ —Å–∏–¥–µ–Ω–∏—è 
–ª–∏–º–∞—Å—Å–æ–ª",1121942433,329032,tg
73,"–≤—Å–µ–º –ø—Ä–∏–≤–µ—Ç, –ø—Ä–æ–¥–∞—é —á–∞—Å—ã earnshaw. —á–∞—Å—ã –ø–æ–∫—É–ø–∞–ª–∏—Å—å –∑–∞ 200 –¥–æ–ª–ª–∞—Ä–æ–≤ –≤ 2020 –≥–æ–¥—É. –ø—Ä–æ–¥–∞—é –∑–∞ —Å–∏–º–≤–æ–ª–∏—á–µ—Å–∫—É—é —Å—É–º–º—É 150 –ª–∞—Ä–∏. –ø—Ä–æ–¥–∞–∂–∞ - —Ç–∞–∫ –∫–∞–∫ –Ω–µ –∏—Å–ø–æ–ª—å–∑—É—é —á–∞—Å—ã –≤ –ø–æ–≤—Å–µ–¥–Ω–µ–≤–Ω—ã—Ö —Ü–µ–ª—è—Ö. —Å–µ–π—á–∞—Å –∏–∑–±–∞–≤–ª—è—é—Å—å –æ—Ç –≤—Å–µ–≥–æ –Ω–µ —Å–∞–º–æ–≥–æ –Ω–µ–æ–±—Ö–æ–¥–∏–º–æ–≥–æ!",1332882905,683420,tg
74,"–†–∞–∑–º–µ—Ä 48-50-52-54-56-58
–¶–µ–Ω–∞ : 2100 ‚ÇΩ
–ò–¥—ë—Ç –≤ —Ä–∞–∑–º–µ—Ä 
–ö–∞—á–µ—Å—Ç–≤–æ —Ö–æ—Ä–æ—à–∞—è
–ü–æ–¥—Ä–æ–±–Ω–µ–µ –Ω–∞ https://vk.com/wall488363770_22461",-192083416,14254,vk
75,"–ü—Ä–æ–¥–∞–º –Ω–æ–≤—ã–π –ø–Ω–µ–≤–º–∞—Ç, 7000 —Å –±–∞–ª–∫–æ–Ω–æ–º –∏ –ø—É–ª—è–º–∏",-90442795,354221,vk
76,"–º–æ–Ω–∏—Ç–æ—Ä thinkvision p27u-10 —á–µ—Ä–Ω—ã–π, —á–∏—Å—Ç—ã–π ips-–¥–∏—Å–ø–ª–µ–π –±–µ–∑ –ø–æ–ª–µ–π —Å —Ä–∞–∑—Ä–µ—à–µ–Ω–∏–µ–º 3840x2160 –∏ –Ω–µ—Å–∫–æ–ª—å–∫–∏–º–∏ —Ü–≤–µ—Ç–æ–≤—ã–º–∏ –ø—Ä–æ—Å—Ç—Ä–∞–Ω—Å—Ç–≤–∞–º–∏ (99,5% adobergb, 145,7% srgb, 97,9% dci-p3, 99,5% bt.709) –≤–æ–∑–º–æ–∂–Ω–æ—Å—Ç–∏ –ø–æ–¥–∫–ª—é—á–µ–Ω–∏—è 2hdmi, dp, usb type-c, p27u-10 . –æ—Å–Ω–∞—â–µ–Ω–Ω—ã–π —Ä–∞–∑—ä–µ–º–æ–º usb type-c, p27u-10 –º–æ–∂–µ—Ç –æ—Ç–æ–±—Ä–∞–∂–∞—Ç—å, –ø–µ—Ä–µ–¥–∞–≤–∞—Ç—å –¥–∞–Ω–Ω—ã–µ –∏ –∑–∞—Ä—è–∂–∞—Ç—å —Å–æ–≤–º–µ—Å—Ç–∏–º–æ–µ —É—Å—Ç—Ä–æ–π—Å—Ç–≤–æ usb type-c —Ç–æ–ª—å–∫–æ —Å –ø–æ–º–æ—â—å—é 1 –∫–∞–±–µ–ª—è usb type-c

‚Ä¢ 27.0"" ultra hd (3840 x 2160) ips –ø–æ—á—Ç–∏ –±–µ–∑—Ä–∞–º–æ—á–Ω—ã–π –¥–∏—Å–ø–ª–µ–π
‚Ä¢ –ø—Ä–æ—Ñ–µ—Å—Å–∏–æ–Ω–∞–ª—å–Ω—ã–π —Ü–≤–µ—Ç –≥–∞–º–º—ã adobergb >99% —Å –ø—Ä–µ–¥–≤–∞—Ä–∏—Ç–µ–ª—å–Ω–æ –æ—Ç–∫–∞–ª–∏–±—Ä–æ–≤–∞–Ω–Ω–æ–π —Ç–æ—á–Ω–æ—Å—Ç—å—é
‚Ä¢ –ø–æ–ª–Ω–æ—Ñ—É–Ω–∫—Ü–∏–æ–Ω–∞–ª—å–Ω—ã–π usb type-c –∏ –≤—Å–µ —Ü–∏—Ñ—Ä–æ–≤—ã–µ –ø–æ—Ä—Ç—ã —Å —ç—Ä–≥–æ–Ω–æ–º–∏—á–Ω–æ–π –ø–æ–¥—Å—Ç–∞–≤–∫–æ–π, ( –∏–º–µ–µ—Ç—Å—è –∫–æ—Ä–æ–±–∫–∞ –æ—Ç –º–æ–Ω–∏—Ç–æ—Ä–∞)  –º–æ–Ω–∏—Ç–æ—Ä –±—ã–ª –ø—Ä–∏–æ–±—Ä–µ—Ç–µ–Ω –≤ —Ä–æ—Å—Å–∏–∏ –≤ –∞–≤–≥—É—Å—Ç–µ –∏ –∏–º–µ–µ—Ç –º–µ–∂–¥—É–Ω–∞—Ä–æ–¥–Ω—É—é –≥–∞—Ä–∞–Ω—Ç–∏—é lenovo –ª–∏–º–∞—Å—Å–æ–ª –º–µ—Ç—Ä–æ 500‚Ç¨",1121942433,137583,tg
77,"–ø—Ä–æ–¥–∞–º –º–∏–∫—Ä–æ–≤–æ–ª–Ω–æ–≤–∫—É, –µ—Å—Ç—å —Ñ—É–Ω–∫—Ü–∏—è —Ä–∞–∑–º–æ—Ä–æ–∑–∫–∏ –∏ 4 —Å—Ç–µ–ø–µ–Ω–∏ –Ω–∞–≥—Ä–µ–≤–∞. —Ç–∞–∫ –∂–µ —Ç–∞–π–º–µ—Ä, –æ—Å–Ω–æ–≤–∞ –≤–Ω—É—Ç—Ä–∏ –∫—Ä—É—Ç–∏—Ç—Å—è, –ø–æ–ª—å–∑–æ–≤–∞–ª–∏—Å—å —á—É—Ç—å –º–µ–Ω—å—à–µ –≥–æ–¥–∞. 100 –ª–∞—Ä–∏, –∑–∞–±–∏—Ä–∞—Ç—å –≤ —Ä–∞–π–æ–Ω–µ –º—Ç–∞—Ü–º–∏–Ω–¥–∞, 200 –º –æ—Ç —Ç–µ–∞—Ç—Ä–∞ –æ–ø–µ—Ä—ã –∏ –±–∞–ª–µ—Ç–∞",1332882905,823167,tg
78,"#–ë–ù–ò_–ü—Ä–æ–¥–∞–º–ë–£_–ò–∂–µ–≤—Å–∫
#–ë–ù–ò_–ü–æ—á—Ç–∞ 
#–ë–ù–ò_–ê–≤–∏—Ç–æ
#–ë–ù–ò_oleg1708

–ü—Ä–æ–¥–∞–º –∫–æ–º–ø–ª–µ–∫—Ç Descent –°—Ç—Ä–∞–Ω—Å—Ç–≤–∏—è –≤–æ —Ç—å–º–µ (2 —Ä–µ–¥–∞–∫—Ü–∏—è). –í –∫–æ–º–ø–ª–µ–∫—Ç–µ –±–∞–∑–∞ + –ü–æ–º–µ—Å—Ç—å–µ –≤–æ—Ä–æ–Ω–∞ + –õ–æ–≥–æ–≤–æ –∑–º–µ—è. –í —Ü–µ–ª–æ–º —Å–æ—Å—Ç–æ—è–Ω–∏–µ –±–ª–∏–∑–∫–æ –∫ –æ—Ç–ª–∏—á–Ω–æ–º—É —Å –Ω–µ–∫–æ—Ç–æ—Ä—ã–º–∏ –Ω—é–∞–Ω—Å–∞–º–∏:

- –í–µ—Å—å –∫–æ–º–ø–ª–µ–∫—Ç –≤ 2 –∫–æ—Ä–æ–±–∫–∞—Ö - –±–∞–∑–æ–≤–æ–π –∏ –ü–æ–º–µ—Å—Ç—å—è –≤–æ—Ä–æ–Ω–æ–≤. –ö–æ—Ä–æ–±–∫–∞ –æ—Ç –õ–æ–≥–æ–≤–∞ –∑–º–µ—è –æ—Ç—Å—É—Ç—Å—Ç–≤—É–µ—Ç
- –ù–µ–∫–æ—Ç–æ—Ä—ã–µ –º–∏–Ω—å–∫–∏ (–¥—Ä–∞–∫–æ–Ω—ã, —ç—Ç—Ç–∏–Ω—ã –∏ –∑–æ–º–±–∏) –ø–æ–∫—Ä–∞—à–µ–Ω—ã, –µ—â–µ –ø–∞—Ä—É –º–∏–Ω–µ–∫ –∑–∞–≥—Ä—É–Ω—Ç–æ–≤–∞–Ω—ã. –û—Å—Ç–∞–ª—å–Ω—ã–µ –Ω–µ —Ç—Ä–æ–Ω—É—Ç—ã
- –ù–µ–∫–æ—Ç–æ—Ä–∞—è —á–∞—Å—Ç—å –∫–∞—Ä—Ç –∫–ª–∞—Å—Å–æ–≤ –∏ –ø–æ–∏—Å–∫–∞ –∑–∞–ª–∞–º–∏–Ω–∏—Ä–æ–≤–∞–Ω—ã –ø—Ä–µ–¥—ã–¥—É—â–∏–º –≤–ª–∞–¥–µ–ª—å—Ü–µ–º. –ó–∞–ª–∞–º–∏–Ω–∏—Ä–æ–≤–∞–Ω—ã —Ç–∞–∫–∂–µ –ª–∏—Å—Ç—ã –≥–µ—Ä–æ–µ–≤.
- –£—á–∞—Å—Ç–∫–∏ –ø–æ–ª—è –æ—Ä–≥–∞–Ω–∏–∑–æ–≤–∞–Ω—ã –≤ –ø–∞–ø–∫–µ –¥–ª—è –±–æ–ª–µ–µ —É–¥–æ–±–Ω–æ–≥–æ –ø–æ–∏—Å–∫–∞ –Ω—É–∂–Ω—ã—Ö

–í –æ—Å—Ç–∞–ª—å–Ω–æ–º –±–æ–ª—å—à–µ –Ω–µ—Ç –Ω–∞—Ä–µ–∫–∞–Ω–∏–π. –ö–æ–º–ø–ª–µ–∫—Ç –Ω–µ –¥–µ–ª—é. –¶–µ–Ω–∞ –∑–∞ –≤–µ—Å—å –∫–æ–º–ø–ª–µ–∫—Ç - 12000 —Ä—É–±–ª–µ–π. –ü–æ—á—Ç–æ–π –æ—Ç–ø—Ä–∞–≤–∫–∞ –ø–æ –ø–æ–ª–Ω–æ–π –ø—Ä–µ–¥–æ–ø–ª–∞—Ç–µ. –ü—Ä–∏ –æ—Ç–ø—Ä–∞–≤–∫–µ —á–µ—Ä–µ–∑ –∞–≤–∏—Ç–æ - +5% –∫ —Ü–µ–Ω–µ. –ü–æ –∏–Ω—Ç–µ—Ä–µ—Å—É—é—â–∏–º –≤–æ–ø—Ä–æ—Å–∞–º –ø–∏—Å–∞—Ç—å –≤ –õ–°",-114967596,580664,vk
79,"—Ö–ª–æ–ø–∫–æ–≤—ã–µ –¥–∂–∏–Ω—Å—ã asos üëñ 

—Å–æ–≤–µ—Ä—à–µ–Ω–Ω–æ –Ω–æ–≤—ã–µ!
straight fit, –æ–≥—Ä–æ–º–Ω—ã–µ –≥–ª—É–±–æ–∫–∏–µ –∫–∞—Ä–º–∞–Ω—ã, 100% —Ö–ª–æ–ø–æ–∫. 
–ø–∞—Ä–Ω—é –Ω–µ –ø–æ–¥–æ—à–µ–ª —Ä–∞–∑–º–µ—Ä, –∫ –æ–≥—Ä–æ–º–Ω–æ–º—É —Å–æ–∂–∞–ª–µ–Ω–∏—é. –±—Ä–∞–ª–∏ –∑–∞ $52. 

—á—Ç–æ–±—ã –ø–æ–Ω—è—Ç—å –ø–æ–¥—Ö–æ–¥–∏—Ç —Ä–∞–∑–º–µ—Ä –∏–ª–∏ –Ω–µ—Ç, —Å–∫–∏–Ω—É —Ç–∞–±–ª–∏—Ü—É –≤ –ª—Å. 

100 –ª–∞—Ä–∏",1332882905,332545,tg
80,"–ê–π—Ñ–æ–Ω 12pro max, 512–≥–±, –≤ –ò–î–ï–ê–õ–¨–ù–ï–ô–®–ï–ú —Å–æ—Å—Ç–æ—è–Ω–∏–∏, 98% –ê–ö–ë, –ø–æ–∫—É–ø–∞–ª—Å—è –≤ –î—É–±–∞–µ, –Ω–µ –≤—Å–∫—Ä—ã–≤–∞–ª—Å—è, –ø–æ–ª—å–∑–æ–≤–∞–ª—Å—è –∞–π—Ñ–æ–Ω–æ–º –º–µ—Å—è—Ü–∞ 3

‚Äº65.000‚Äº, –Ω–µ–±–æ–ª—å—à–æ–π —Ç–æ—Ä–≥ —É–º–µ—Å—Ç–µ–Ω",-48332904,747407,vk
81,"üë®‚Äçüíª–¥–æ–±—Ä—ã–π –¥–µ–Ω—å –ø—Ä–æ–¥–∞—é —Ç–µ–ª–µ—Ñ–æ–Ω xr iphone 
—Ç–µ–ª–µ—Ñ–æ–Ω –±—É–¥–µ—Ç –∞–∫—Ç—É–∞–ª—å–Ω—ã–º –µ—â—ë –æ—á–µ–Ω—å –¥–æ–ª–≥–æ 
–≤ –æ—Ç–ª–∏—á–Ω–æ–º —Å–æ—Å—Ç–æ—è–Ω–∏–∏ 100% –∑–∞—Ä—è–¥–∫–∏ 
–≤ –∫–æ–ø–ª–µ–∫—Ç–µ –∑–∞—Ä—è–¥–Ω–æ–µ —É—Å—Ç—Ä–æ–π—Å—Ç–≤–æ 
(–±–µ—Å–ø—Ä–æ–≤–æ–¥–Ω–∞—è –∑–∞—Ä—è–¥–∫–∞)
—Ü–µ–Ω–∞ –≤—Å–µ–≥–æ 580$ 
–ø–æ –ø–æ–≤–æ–¥—É —Ä–∞–π–æ–Ω–∞ —Å–º–æ–∂–µ–º –¥–æ–≥–æ–≤–æ—Ä–∏—Ç—Å—è!(–¥–æ—Å—Ç–∞–≤–∫–∞)üöö",1121942433,91113,tg
82,"–∫–æ–Ω—É—Å—ã –¥–ª—è —Å—Ç—Ä—É—è—â–µ–≥–æ—Å—è —Ñ–æ–Ω—Ç–∞–Ω–∞, 10 —à—Ç, –∞—Ä–æ–º–∞—Ç –∂–∞—Å–º–∏–Ω. 8gel‚ù§Ô∏è‚Äçüî•",1332882905,643804,tg
83,"–∫—Ä–æ—Å—Å–æ–≤–∫–∏. –∞–±—Å–æ–ª—é—Ç–Ω–æ –Ω–æ–≤—ã–µ. –ø—Ä–∏–≤–µ–∑–ª–∏ –≤ –ø–æ–¥–∞—Ä–æ–∫ –∏–∑ –∑–∞–≥—Ä–∞–Ω–∏—Ü—ã, –º–Ω–µ —Ä–∞–∑–º–µ—Ä –Ω–µ –ø–æ–¥–æ—à–µ–ª. –¥–ª–∏–Ω–∞ —Å—Ç–æ–ø—ã 27-29 —Å–º, —Ä–∞–∑–º–µ—Ä 39-40. –ø—Ä–æ–¥–∞–º –∑–∞ 70 –ª–∞—Ä–∏. –º–µ—Ç—Ä–æ –∞—Ö–º–µ—Ç–µ–ª–∏.",1332882905,776577,tg
84,"–ò–≥—Ä–∞–≤–æ–π –∫–∞–º–ø—å—é—Ç–µ—Ä –≤ –æ—á–µ–Ω—å, —Ö–∞—Ä–æ—à–µ–º, —Å–æ—Å—Ç–æ—è–Ω–∏–∏. –ü–∞—á–∏—Å—Ç–∏–ª –∞—Ç –ø—ã–ª–∏, –Ω–æ–≤–∞—è —Ç–µ—Ä–º–∞–ø–∞—Å—Ç–∞. –ò—Ç–∞–∫ –ø–∞ —Ö–∞—Ä–∞–∫—Ç–µ—Ä–∏—Å—Ç–∏–∫–∞–º. –ø–µ–Ω—Ä—Ç–∏—É–º 4 –ø—Ä–∞—Ü–µ—Å—Å–æ—Ä —Å —á–∞—Å—Ç–∞—Ç–æ–π 2 –≥–∏–≥–∞–≥–µ—Ä—Ü–∞ –Ω–æ —Ä–∞–∑–æ–≥–Ω–∞–Ω –¥–æ 2500. –ê–ø–µ—Ä–∞—Ç–∏–≤–Ω–∞—è –ø–∞–º—è—Ç—å, 2 gb. –∂—ë—Å—Ç–∫–∏–π –¥–∏—Å–∫ –Ω–∞ 80Gb –æ—á–µ–Ω—å –º–Ω–æ–≥–∞ –∏–≥—Ä —Ö–∞—Ä–æ—à–∏—Ö, –ø–æ–ª–Ω–æ—Å—Ç—å—é –¥–æ –∞—Ç–∫–∞–∑–∞ –∏–º–∏ –∑–∞–±–∏—Ç. –í–∏–¥–∏–∞–∫–∞—Ä—Ç–∞ –Ω–∞ 256–º–±. –ø–∏—à—É—â–∏–π, dw-drw. –º–æ–∂–Ω–∞ –∑–∞–ø–∏—Å—ã–≤–∞—Ç—å —Ñ–∏–ª—å–º—ã –∏ –∏–≥—Ä—ã —Å –∏–≥—Ä–∞–º–∏, –¶–µ–Ω–∞ 8500 —Ä—É–±",-48332904,717481,vk
85,–ø—Ä–æ–¥–∞–º —Ä—é–∫–∑–∞–∫. –ø—Ä–æ—á–Ω—ã–π –∏ –Ω–∞–¥—ë–∂–Ω—ã–π. —Å—Ä–µ–¥–Ω–µ–≥–æ —Ä–∞–∑–º–µ—Ä–∞. 7‚Ç¨. –ª–∏–º–∞—Å—Å–æ–ª.,1121942433,456439,tg
86,"–¥—Ä–æ–Ω fimi x8 se 2020 —Å –º–Ω–æ–≥–∏–º–∏ –¥–æ–ø–æ–ª–Ω–µ–Ω–∏—è–º–∏:
- 2 –±–∞—Ç–∞—Ä–µ–∏
- —Å—É–º–∫–∞
- –ª–∏–Ω–∑–∞
- —É—Å–∏–ª–∏—Ç–µ–ª—å —Å–∏–≥–Ω–∞–ª–∞
- –ø–æ—Å–∞–¥–æ—á–Ω—ã–π –º–∞—Ç
- –∑–∞—â–∏—Ç–∞ –∫–∞–º–µ—Ä—ã
- –ø—Ä–æ–ø–µ–ª–ª–µ—Ä—ã
–¥—Ä–æ–Ω –≤ –∏–¥–µ–∞–ª—å–Ω–æ–º —Å–æ—Å—Ç–æ—è–Ω–∏–∏, –Ω–æ–≤–∞—è —É–ª—É—á—à–µ–Ω–Ω–∞—è –º–æ–¥–µ–ª—å 2020. 
450 –µ–≤—Ä–æ. –ª–∏–º–∞—Å—Å–æ–ª",1121942433,176677,tg
87,"–ø—Ä–æ–¥–∞–º –Ω–æ—É—Ç–±—É–∫ 150 –ª–∞—Ä–∏, –º—ã—à—å –≤ –ø–æ–¥–∞—Ä–æ–∫
–Ω–æ—É—Ç–±—É–∫ hp 15-bs0xx",1332882905,580513,tg
88,"–ê–∫–∫–æ—Ä–¥–µ–æ–Ω Horh
–ü—Ä–æ–¥–∞—é –ø–æ—Ç–æ–º—É —á—Ç–æ —É–∂–µ –¥–∞–≤–Ω–æ –Ω–µ –∏–≥—Ä–∞—é
–¶–µ–Ω–∞ 12 000
–ú–µ—Ç—Ä–æ –ú–∞—Ä—å–∏–Ω–∞ —Ä–æ—â–∞",-48332904,742150,vk
89,"–ø—Ä–æ–¥–∞—é —Ü–∏—Ñ—Ä–æ–≤–æ–µ –ø–∏–∞–Ω–∏–Ω–æ yamaha p-115 digital piano.



—Å–æ—Å—Ç–æ—è–Ω–∏–µ –∏–¥–µ–∞–ª—å–Ω–æ–µ, –∏—Å–ø–æ–ª—å–∑–æ–≤–∞–ª–æ—Å—å –±—É–∫–≤–∞–ª—å–Ω–æ 20 —Ä–∞–∑. 

—Ü–µ–Ω–∞ 1450 –ª–∞—Ä–∏

—Å–∞–±—É—Ä—Ç–∞–ª–æ",1332882905,614558,tg
90,"–ü—Ä–æ–¥–∞—é —Ä–µ–∑–∏–Ω–æ–≤—ã–µ –∫–ª–∞—Å—Å–Ω—ã–µ –±–æ—Å–æ–Ω–æ–∂–∫–∏ ""GIOS EPPO kids"" —Ä.26.  –ö–∞—á–µ—Å—Ç–≤–æ - —Å—É–ø–µ—Ä! 
–•–æ—Ä–æ—à–æ –ø–æ–¥–æ–π–¥—É—Ç –∏ –¥–ª—è –±–∞—Å—Å–µ–π–Ω–∞, –∏ –ø–ª—è–∂–∞... –∏ –ø—Ä–æ—Å—Ç–æ –¥–ª—è –∂–∏–∑–Ω–∏.
–û—á–µ–Ω—å —Ö–æ—Ä–æ—à–µ–≥–æ –∫–∞—á–µ—Å—Ç–≤–∞. –ú—è–≥–∫–∏–µ.
–°–æ—Å—Ç–æ—è–Ω–∏–µ –æ—Ç–ª–∏—á–Ω–æ–µ - –Ω–æ—Å–∏–ª–∏ –∏—Ö –≤ –æ—Ç–ø—É—Å–∫–µ –Ω–∞ –º–æ—Ä–µ. –û—Ä–∏–≥–∏–Ω–∞–ª - –Ω–µ —Ä—ã–Ω–æ–∫! –¶–µ–Ω–∞ –Ω–æ–≤—ã—Ö –≤ —Ä–∞–π–æ–Ω–µ 2500 —Ä—É–±–ª–µ–π. –¶–µ–Ω–∞ 1000 —Ä—É–±–ª–µ–π.

#–ë–î_–æ–±—É–≤—å",-82544098,650786,vk
91,"moroccan leather backpack ( never used )
price: 100‚Ç¨",1121942433,129077,tg
92,"–†–∞—Å–ø—Ä–æ–¥–∞–∂–∞
–ù–∞–±–æ—Ä –∏–≥—Ä—É—à–∫–∞ –¥–ª—è –º–∞–∫–∏—è–∂–∞ –∫—É–∫–ª–∞ –õ–æ–ª 
–¶–µ–Ω–∞: 250 —Ä—É–±
–ë–µ–∑ –≤—ã–±–æ—Ä–∞
–ê–†–¢: 1-5-12 –ö–æ—Ä–ø—É—Å –ê",-203393330,81544,vk
93,"–ù–æ–≤—ã–µ –∫–æ–∂–∞–Ω—ã–µ —à–ª–µ–ø–∫–∏ —Ä—É—á–Ω–æ–π —Ä–∞–±–æ—Ç—ã (–∫—É–ø–ª–µ–Ω—ã –≤ –æ–±—É–≤–Ω–æ–π –Ω–µ–±–æ–ª—å—à–æ–π —á–∞—Å—Ç–Ω–æ–π —Ñ–∞–±—Ä–∏–∫–µ –≤ –ö–æ–Ω—å–µ –≤ –¢—É—Ä—Ü–∏–∏, –µ–æ–≥–¥–∞ –Ω–∑–¥–∏–ª–∏ –≤ –ö–∞–ø–ø–∞–¥–æ–∫–∏—é). –†–∞–∑–º–µ—Ä 35-36. –õ—É—á—à–µ –Ω–∞ —É–∑–∫—É—é –Ω–æ–≥—É, —Ç–∞–∫ –∫–∞–∫ —É –º–µ–Ω—è –ø–æ–ª–Ω–∞—è –Ω–æ–≥–∞ - –Ω–µ –æ—á–µ–Ω—å —É–¥–æ–±–Ω–æ –º–Ω–µ, –¥–æ–º–∞ –ø–æ–º–µ—Ä–∏–ª–∞ —Ö–æ—Ä–æ—à–µ–Ω—å–∫–æ –∏ –ø–æ–Ω—è–ª–∞, —á—Ç–æ –Ω–µ –∫–æ–º—Ñ–æ—Ä—Ç–Ω–æ –±—É–¥–µ—Ç —Ö–æ–¥–∏—Ç—åüòï –í –∏–Ω—Ç–µ—Ä–Ω–µ—Ç–µ –ø–æ–¥–æ–±–Ω–∞—è –æ–±—É–≤—å —Å—Ç–æ–∏—Ç - 2000—Ä –∏ –¥–æ—Ä–æ–∂–µ –ø—Ä–æ–¥–∞—é—Ç  –∏ —ç—Ç–æ –ø–æ —Å–∫–∏–¥–∫–µüôà
üî•üî•üî•–°–£–ü–ï–†–ü–†–ï–õ–û–ñ–ï–ù–ò–ï: –¶–ï–ù–ê- 999 –†–£–ë–õ–ï–ôüëå
–ü–µ—Ä–µ—Å—ã–ª–∫–∞ –≤–æ–∑–º–æ–∂–Ω–∞ üì¶",-123125734,583062,vk
94,"–ü—Ä–æ–¥–∞—é –º–∏–Ω–∏ —Ç—Ä–µ—É–≥–æ–ª—å–Ω–∏–∫ –ü–∏–∫–ª–µ—Ä–∞! –°–æ—Å—Ç–æ—è–Ω–∏–µ –Ω–æ–≤–æ–≥–æ, –∫ –Ω–µ–º—É –º–æ–∂–Ω–æ –¥–æ–∫—É–ø–∏—Ç—å –≥–æ—Ä–∫—É –∏–ª–∏ —Å–∫–∞–ª–∞–¥—Ä–æ–º. –ö–ª–∞—Å—Å–Ω—ã–π —Å–ø–æ—Ä—Ç–∏–≤–Ω—ã–π –∫–æ–º–ø–ª–µ–∫—Å –¥–ª—è —Ä–∞–∑–≤–∏—Ç–∏—è –¥–µ—Ç–µ–π, –æ—Ç 9+ –º–µ—Å—è—Ü–µ–≤, –æ—á–µ–Ω—å –∫–æ–º–ø–∞–∫—Ç–Ω—ã–π, —Å–∫–ª–∞–¥—ã–≤–∞–µ—Ç—Å—è. 3 –ø–æ–ª–æ–∂–µ–Ω–∏—è –≤—ã—Å–æ—Ç—ã. –¶–µ–Ω–∞ 3000‚ÇΩ",-82544098,635561,vk
95,"üî•–°–º–æ—Ç—Ä–∏—Ç–µ –Ω–∞—à –ø–æ–ª–Ω–æ—Ü–µ–Ω–Ω—ã–π –æ–±–∑–æ—Ä –Ω–∞ —ç—Ç—É –º–æ–¥–µ–ª—å, –ø—Ä–∏–∫—Ä–µ–ø–ª–µ–Ω–Ω—ã–π –∫ —ç—Ç–æ–º—É –æ–±—ä—è–≤–ª–µ–Ω–∏—éüî•
–í –Ω–µ–º –º—ã –ø–æ–¥—Ä–æ–±–Ω–æ —Ä–∞—Å—Å–º–æ—Ç—Ä–µ–ª–∏ —Å–∞–º–æ–∫–∞—Ç —Å–æ –≤—Å–µ—Ö —Å—Ç–æ—Ä–æ–Ω, —Ä–∞—Å—Å–∫–∞–∑–∞–ª–∏ –æ –ø–ª—é—Å–∞—Ö –∏ –º–∏–Ω—É—Å–∞—Ö, –ø—Ä–æ–≤–µ–ª–∏ —Ç–µ—Å—Ç-–¥—Ä–∞–π–≤, –∑–∞–º–µ—Ä–∏–ª–∏ –º–∞–∫—Å–∏–º–∞–ª—å–Ω—É—é —Å–∫–æ—Ä–æ—Å—Ç—å, –Ω—É –∏ –∫–æ–Ω–µ—á–Ω–æ —Ä–∞–∑–æ–±—Ä–∞–ª–∏, –ø–æ–∫–∞–∑–∞–≤, –∫–∞–∫–æ–π –∫–æ–Ω—Ç—Ä–æ–ª–ª–µ—Ä –∏ –∞–∫–∫—É–º—É–ª—è—Ç–æ—Ä —Å–∫—Ä—ã–≤–∞—é—Ç—Å—è –≤ –¥–µ–∫–µ.
üëâ–ú–æ–¥–µ–ª—å –∫—É–≥–æ –¥–∂–∏ 3 –æ—Ç–ª–∏—á–∞–µ—Ç—Å—è –æ—Ç —Å–≤–æ–∏—Ö —Å–æ–±—Ä–∞—Ç—å–µ–≤ –ø–æ–¥–≤–µ—Å–∫–æ–π –≤—ã–ø–æ–ª–Ω–µ–Ω–Ω–æ–π –Ω–∞ —ç–ª–∞—Å—Ç–æ–º–µ—Ä–∞—Ö. –•–æ—Ä–æ—à–æ —ç—Ç–æ –∏–ª–∏ –ø–ª–æ—Ö–æ? –ú–Ω–µ–Ω–∏—è —Ä–∞—Å—Ö–æ–¥—è—Ç—Å—è. –ù–∞ –º–æ–π –≤–∑–≥–ª—è–¥, –æ–Ω–∞ –∂–µ—Å—Ç–∫–æ–≤–∞—Ç–∞, –Ω–æ –∏–º–µ–µ—Ç –æ—Å–æ–±—É—é —É–ø—Ä—É–≥–æ—Å—Ç—å, –∫–æ—Ç–æ—Ä–∞—è –ø—Ä–∏–¥–∞–µ—Ç —Å–∞–º–æ–∫–∞—Ç—É —É–Ω–∏–∫–∞–ª—å–Ω–æ–µ —á—É–≤—Å—Ç–≤–æ —É–ø—Ä–∞–≤–ª—è–µ–º–æ—Å—Ç–∏ –∏ –∫–æ–Ω—Ç—Ä–æ–ª—è. –ò–º–µ–Ω–Ω–æ –∏–∑-–∑–∞ —ç—Ç–æ–≥–æ —Å–∞–º—ã–π –∫—Ä—É—Ç–æ–π –±—Ä–µ–Ω–¥ —Å–∞–º–æ–∫–∞—Ç–æ–≤ –¥—É–∞–ª—Ç—Ä–æ–Ω –≤—ã–ø—É—Å–∫–∞–µ—Ç –±–æ–ª—å—à–∏–Ω—Å—Ç–≤–æ —Å–≤–æ–∏—Ö –º–æ–¥–µ–ª–µ–π –∏–º–µ–Ω–Ω–æ –Ω–∞ —Ç–∞–∫–æ–π –ø–æ–¥–≤–µ—Å–∫–µ. 
–ò–∑ –º–∏–Ω—É—Å–æ–≤ —Ç–∞–∫–æ–π –ø–æ–¥–≤–µ—Å–∫–∏:
‚Äã–ü—Ä–∏ –ø—Ä–æ—Ö–ª–∞–¥–Ω–æ–π —Ç–µ–º–ø–µ—Ä–∞—Ç—É—Ä–µ —ç–ª–∞—Å—Ç–æ–º—Ä—ã –¥—É–±–µ—é—Ç –∏ –ø–æ–¥–≤–µ—Å–∫–∞ —Å—Ç–∞–Ω–æ–≤–∏—Ç—Å—è –æ—á–µ–Ω—å –∂–µ—Å—Ç–∫–æ–π.
‚Äã–°–æ –≤—Ä–µ–º–µ–Ω–µ–º —ç–ª–∞—Å—Ç–æ–º–µ—Ä—ã –º–æ–≥—É—Ç –ø—Ä–æ—Å–µ—Å—Ç—å –∏ –ø–æ—Ç—Ä–µ–±—É–µ—Ç—Å—è –∏—Ö –∑–∞–º–µ–Ω–∞. –ü—Ä–æ—Ü–µ–¥—É—Ä–∞ —ç—Ç–∞ –Ω–µ –∏–∑ –ø—Ä–æ—Å—Ç—ã—Ö, –ø–æ—Ç—Ä–µ–±—É–µ—Ç—Å—è –æ–±—Ä–∞—â–∞—Ç—å—Å—è –∫ —Å–ø–µ—Ü–∞–º, –∫–æ—Ç–æ—Ä—ã–µ —ç—Ç–∏–º –∑–∞–Ω–∏–º–∞—é—Ç—Å—è, –º–æ–∂–µ—Ç —Å—Ç–æ–∏—Ç—å –Ω–µ–¥–µ—à–µ–≤–æ.
‚Äã–ù–µ–≤–æ–∑–º–æ–∂–Ω–æ—Å—Ç—å —Ç—é–Ω–∏–Ω–≥–∞, –∫ –ø—Ä–∏–º–µ—Ä—É –Ω–∞ –ø—Ä—É–∂–∏–Ω–Ω–æ–π –ø–æ–¥–≤–µ—Å–∫–µ –º–æ–∂–Ω–æ –ø–æ—Å—Ç–∞–≤–∏—Ç—å –¥—Ä—É–≥–∏–µ –∞–º–æ—Ä—Ç—ã, –ø–Ω–µ–≤–º—É –∏–ª–∏ –≥–∏–¥—Ä–æ, —Ç—É—Ç —Ç–∞–∫–æ–≥–æ –Ω–µ —Å–¥–µ–ª–∞—Ç—å.
–í–æ–æ–±—â–µ–º –ø–æ–∫—É–ø–∞—è —Å–∞–º–æ–∫–∞—Ç —Å —Ç–∞–∫–æ–π –ø–æ–¥–≤–µ—Å–∫–æ–π, –Ω–∞–¥–æ –ø–æ–Ω–∏–º–∞—Ç—å, —á—Ç–æ —ç—Ç–æ —Ç–∞–∫–æ–µ.
üëâ–í –æ—Å—Ç–∞–ª—å–Ω–æ–º —ç—Ç–æ –æ—á–µ–Ω—å –ø—Ä–∏–∫–æ–ª—å–Ω–∞—è –º–æ–¥–µ–ª—å. –û–Ω–∞ –∑–∞—Ç–æ—á–µ–Ω–∞ –∏—Å–∫–ª—é—á–∏—Ç–µ–ª—å–Ω–æ –¥–ª—è —Å—Ç–æ—è—á–µ–π –µ–∑–¥—ã. –†—É–ª–µ–≤–∞—è –∫–æ–ª–æ–Ω–∫–∞ –Ω–µ —Ä–µ–≥—É–ª–∏—Ä—É–µ—Ç—Å—è –ø–æ –≤—ã—Å–æ—Ç–µ, —Å–∞–º —Ä—É–ª—å –Ω–µ —Å–∫–ª–∞–¥–Ω–æ–π, –∞ —Å–∑–∞–¥–∏ –∏–º–µ–µ—Ç—Å—è —É–¥–æ–±–Ω—ã–π —É–ø–æ—Ä –ø–æ–¥ –Ω–æ–≥—É. –ú–∏–Ω–∏–º—É–º —Å–∫–ª–∞–¥–Ω—ã—Ö –¥–µ—Ç–∞–ª–µ–π –ø—Ä–∏–≤–µ–ª–∏ –∫ —Ç–æ–º—É, —á—Ç–æ –≤ —Å–∞–º–æ–∫–∞—Ç–µ –Ω–µ—á–µ–º—É —Ä–∞–∑–±–∞–ª—Ç—ã–≤–∞—Ç—å—Å—è, —Å–∞–º–æ–∫–∞—Ç –∫–∞–∫ –æ–¥–Ω–∞ —Å–ø–ª–æ—à–Ω–∞—è –±–æ–ª–≤–∞–Ω–∫–∞. –ò —ç—Ç–æ –∫–æ–Ω–µ—á–Ω–æ –æ–≥—Ä–æ–º–Ω—ã–π –ø–ª—é—Å –≤ —ç–∫—Å–ø–ª—É–∞—Ç–∞—Ü–∏–∏. –û–¥–∏–Ω —Ä–∞–∑ –ø—Ä–æ—Ç—è–Ω—É–ª–∏ –∏ –Ω–µ –∑–Ω–∞–µ—Ç–µ –ø—Ä–æ–±–ª–µ–º.
üëâ–ü—Ä–∏ —ç—Ç–æ–º —É –º–æ–¥–µ–ª–∏ –≤—ã—Å–æ–∫–∏–π –∫–ª–∏—Ä–µ–Ω—Å, –Ω–∞ –Ω–µ–º –º–æ–∂–Ω–æ –ª–µ–≥–∫–æ –ø—Ä—ã–≥–∞—Ç—å —Å –±–æ—Ä–¥—é—Ä–æ–≤ –∏ –∫–∞—Ç–∞—Ç—å –±–µ–∑–¥–æ—Ä–æ–∂—å—é. –û–Ω –∏–º–µ–µ—Ç –ø—Ä–µ–∫—Ä–∞—Å–Ω—É—é –¥–∏–Ω–∞–º–∏–∫—É –∏ –≤–ø–æ–ª–Ω–µ –ø—Ä–∏–ª–∏—á–Ω—É—é –º–∞–∫—Å–∏–º–∞–ª–∫—É.
‚öôÔ∏è–•–∞—Ä–∞–∫—Ç–µ—Ä–∏—Å—Ç–∏–∫–∏:
‚Äã–ú–∞–∫—Å–∏–º–∞–ª—å–Ω–∞—è —Å–∫–æ—Ä–æ—Å—Ç—å - 50 –∫–º/—á.
‚Äã–ú–∞–∫—Å–∏–∏–∞–ª—å–Ω—ã–π –ø—Ä–æ–±–µ–≥ - 50 –∫–º.
‚Äã–ú–æ—â–Ω–æ—Å—Ç—å –º–æ—Ç–æ—Ä–∞ - 1200 W
‚Äã–ï–º–∫–æ—Å—Ç—å –∞–∫–∫—É–º—É–ª—è—Ç–æ—Ä–∞ - 48V/18–ê—á.
‚Äã–í–µ—Å - 31 –∫–≥.
‚Äã–ú–∞–∫—Å–∏–º–∞–ª—å–Ω–∞—è –Ω–∞–≥—Ä—É–∑–∫–∞ - 120 –∫–≥.
–í –∫–æ–º–ø–ª–µ–∫—Ç–µ –∑–∞—Ä—è–¥–∫–∞ –Ω–∞ 2–ê, –Ω–∞–±–æ—Ä –∫–ª—é—á–µ–π –¥–ª—è –ø–µ—Ä–≤–∏—á–Ω–æ–π —Å–±–æ—Ä–∫–∏ –∏ –Ω–∞—Å—Ç—Ä–æ–π–∫–∏, –∏–Ω—Å—Ç—Ä—É–∫—Ü–∏—è, –≥–∞—Ä–∞–Ω—Ç–∏–π–Ω—ã–π —Ç–∞–ª–æ–Ω.
‚úÖ–°–∞–º–æ–∫–∞—Ç –º–æ–∂–Ω–æ –ø–æ—Å–º–æ—Ç—Ä–µ—Ç—å —É –Ω–∞—Å –≤ –º–∞–≥–∞–∑–∏–Ω–µ –Ω–∞ –°–æ–ª–æ–≤—å–∏–Ω–æ–º 18–ê, –ø–æ—â—É–ø–∞—Ç—å –ø—Ä–∏–º–µ—Ä–∏—Ç—Å—è –∏ –ø—Ä–∏ –∂–µ–ª–∞–Ω–∏–∏ –ø—Ä–∏–æ–±—Ä–µ—Å—Ç–∏.
üöö–î–æ—Å—Ç–∞–≤–∫—É –ø–æ –ú–æ—Å–∫–≤–µ –æ—Å—É—â–µ—Å—Ç–≤–ª—è–µ–º –∫—É—Ä—å–µ—Ä–æ–º, –≤ –¥—Ä—É–≥–∏–µ –≥–æ—Ä–æ–¥–∞ –¢–ö –°–î–ï–ö.
‚ùì–ï—Å–ª–∏ –µ—Å—Ç—å –≤–æ–ø—Ä–æ—Å—ã, –ø–∏—à–∏—Ç–µ, ‚òéÔ∏è–∑–≤–æ–Ω–∏—Ç–µ —è –Ω–∞ —Å–≤—è–∑–∏, –æ—Ç–≤–µ—á—É –±—ã—Å—Ç—Ä–æ‚úä",-96362008,204964,vk
96,"–ø–∏–¥–∂–∞–∫ (–±–ª–µ–π–∑–µ—Ä ) –∑–∞—Ä–∞ —Ä–∞–∑–º–µ—Ä l(–Ω–∞ s-–∫—É –∫–∞–∫ –æ–≤–µ—Ä—Ç–∞–π–º —Ç–æ–∂–µ –ø–æ–¥–æ–π–¥—ë—Ç ) .–Ω–æ–≤—ã–π —Å –±–∏—Ä–∫–æ–π ,—Ü–≤–µ—Ç –≤–∂–∏–≤—É—é —Ç–µ–º–Ω–µ–µ —á–µ–º –Ω–∞ —Ñ–æ—Ç–æ .—Ü–µ–Ω–∞ –Ω–∞ —Å–∞–π—Ç–µ 219 –ª–∞—Ä–∏ (79 –µ–≤—Ä–æ ),—è –æ—Ç–¥–∞–º –∑–∞ 90  –ª–∞—Ä .",1332882905,380695,tg
97,"–∫—É—Ä—Ç–∫–∞ –¥–µ–º–∏, —Ä–∞–∑–º–µ—Ä xs-s, 25 –ª–∞—Ä–∏",1332882905,300776,tg
98,"–†–∞—Å–ø—Ä–æ–¥–∞–∂–∞
–ö–æ—Å—Ç—é–º –¥–≤–æ–π–∫–∞
–¶–µ–Ω–∞: 500—Ä
–†–∞–∑–º–µ—Ä—ã:  40-42-44
–ë–µ–∑ –≤—ã–±–æ—Ä–∞ —Ü–≤–µ—Ç–∞
–° –Ω–∞—á–µ—Å–æ–º
–ê—Ä—Ç: 2–ì""61 –∫–æ—Ä–ø—É—Å –ê",-203393330,134712,vk
99,"–ø—Ä–æ–¥–∞—é –ø–∫ (–∏ –ø–µ—Ä–∏—Ñ–µ—Ä–∏—é –∫ –Ω–µ–º—É) + –º–æ–Ω–∏—Ç–æ—Ä

–ø—Ä–æ—Ü–µ—Å—Å–æ—Ä: 12th gen intel(r) core(tm) i5-12400, 2.50 ghz
–æ–ø–µ—Ä–∞—Ç–∏–≤–Ω–∞—è –ø–∞–º—è—Ç—å: 16 –≥–±
–∂–µ—Å—Ç–∫–∏–µ –¥–∏—Å–∫–∏: ssd: 256 –≥–±; hdd: 1 —Ç–±
–≤–∏–¥–µ–æ–∫–∞—Ä—Ç–∞: nvidia geforce rtx 3050 8 gb
wi-fi –∞–¥–∞–ø—Ç–µ—Ä –ø—Ä–∏—Å—É—Ç—Å—Ç–≤—É–µ—Ç

–ø–æ–∫—É–ø–∞–ª –≤ pcroom ge –≤ —è–Ω–≤–∞—Ä–µ

–º–æ–Ω–∏—Ç–æ—Ä 27"" viewsonic va2732-h, 75–≥—Ü –ø–æ–∫—É–ø–∞–ª –≤ elit electronics –≤ –æ–∫—Ç—è–±—Ä–µ

–º—ã—à–∫–∞, –∫–ª–∞–≤–∏–∞—Ç—É—Ä–∞ –∏ –∫–æ–≤—Ä–∏–∫ –≤—Ö–æ–¥—è—Ç –≤ –∫–æ–º–ø–ª–µ–∫—Ç


–∑–∞ –≤—Å—ë 2100 –ª–∞—Ä–∏.

–º–æ–∂–Ω–æ –≤—Å—ë –ø–æ—Ç–µ—Å—Ç–∏—Ç—å –∏ –ø—Ä–æ–≤–µ—Ä–∏—Ç—å —Ä–∞–±–æ—Ç–æ—Å–ø–æ—Å–æ–±–Ω–æ—Å—Ç—å, –∂–∏–≤—É —è —Ä—è–¥–æ–º —Å –º–µ—Ç—Ä–æ –∏—Å–∞–Ω–∏/—Å–∞–º–≥–æ—Ä–∏",1332882905,382891,tg
